{
  "trace_id": "trc_00001",
  "created_at": "2026-08-30T21:31:43.856282+00:00",
  "feature": "claim_summary",
  "prompt_version": "claim-summary-v1",
  "input_redacted": "Claim [CLAIM NUMBER REDACTED]. Interruption beginning 27 June 2026 has now continued for 20 months with operations still not fully restored. Cumulative claimed loss to date: GBP 4,869,420.",
  "redacted_fields": [
    "claim_number:CLM-2026-44543"
  ],
  "retrieval_mode": "hybrid_bm25_rrf",
  "retrieved": [
    {
      "chunk_id": "4fa131d2878b9fbf::0005",
      "doc_id": "4fa131d2878b9fbf",
      "filename": "sample_endorsement_pack.pdf",
      "page": 3,
      "page_end": 3,
      "section_path": "ENDORSEMENT NO. 2 - CYBER AND DATA EXCLUSION > SECTION 2 - EXCLUSION WORDING > 2.",
      "clause_label": "2.",
      "score": 0.0325,
      "text": "(h) the deliberate act of any employee, contractor or agent of the Insured taken with intent to cause a Cyber Incident, whether or not that person was acting within the scope of their employment or engagement, and whether or not the Insured had performed pre-engagement screening on that person.\n\nSECTION 3 - WRITE-BACK FOR PHYSICAL DAMAGE\n\n3. Subject to all other terms of the policy, this exclusion shall not apply to physical loss of or physical damage to insured property arising from fire or explosion which itself results from a Cyber Incident, provided that the fire or explosion is not the result of a Cyber Act committed with intent to cause physical damage.\n\nENDORSEMENT NO. 3 - BUSINESS INTERRUPTION AMENDMENTS\nEffective from 1 October 2024. The Business Interruption section is amended as set out below. All other terms, conditions and exclusions remain unaltered.\n\n1. WAITING PERIOD\nA waiting period of 72 consecutive hours applies to each and every claim under the Business Interruption section. No indemnity is payable in respect of any interruption that is remedied within the waiting period.\n\n2. INDEMNITY PERIOD\nThe maximum indemnity period is extended from 12 months to 18 months from the date on which the interruption begins.\n\n3. NOTIFICATION OF CLAIM\n3. The Insured shall give written notice to the Insurer of any event likely to give rise to a claim under this section within 30 days of that event becoming known to a director or to the risk manager of the Insured. Notice given to the broker alone does not constitute notice to the Insurer.\n\nGENERAL CONDITIONS\n\n1. Cancellation. Either party may cancel this policy by giving 60 days written notice to the other at its last known address. Where the Insurer cancels, a pro rata return of premium shall be made provided no claim has been notified during the Period of Insurance."
    },
    {
      "chunk_id": "4fa131d2878b9fbf::0000",
      "doc_id": "4fa131d2878b9fbf",
      "filename": "sample_endorsement_pack.pdf",
      "page": 1,
      "page_end": 1,
      "section_path": "GLOBAL MANUFACTURING LTD",
      "clause_label": "GLOBAL MANUFACTURING LTD",
      "score": 0.032,
      "text": "GLOBAL MANUFACTURING LTD\n\nCOMMERCIAL PROPERTY AND LIABILITY ENDORSEMENT PACK\nPolicy Number GML-2024-88213. Period of Insurance: 1 April 2024 to 31 March 2025, both dates inclusive at the address of the Insured. This pack records every endorsement attached to the policy and supersedes any endorsement schedule issued previously.\n\nENDORSEMENT NO. 1 - FLOOD SUB-LIMIT AMENDMENT\nEffective from 1 June 2024. In consideration of the additional premium of GBP 42,750 the following amendments are made to the Property Damage section of the policy.\n\n1. DEFINITIONS\n\n1.1 Flood means the escape of water from the normal confines of any natural or artificial watercourse, lake, reservoir, canal or dam, or inundation from the sea, whether driven by storm or otherwise.\n\n1.2 Flood Zone means any location identified as Zone 2 or Zone 3 on the Environment Agency Flood Map for Planning current at the inception of this endorsement.\n\n2. AMENDMENT TO LIMIT\nThe sub-limit applicable to loss or damage caused by Flood is amended from GBP 2,500,000 to GBP 5,000,000 in the annual aggregate. The revised sub-limit applies to all insured locations combined and is part of, and not in addition to, the policy limit of GBP 40,000,000 any one occurrence.\n\n3. DEDUCTIBLE\nA deductible of GBP 250,000 each and every loss applies to loss or damage caused by Flood at any location within a Flood Zone. At all other locations the standard property deductible of GBP 50,000 each and every loss continues to apply.\n\nSECTION 4 - CONDITIONS APPLYING TO THIS ENDORSEMENT"
    },
    {
      "chunk_id": "4fa131d2878b9fbf::0006",
      "doc_id": "4fa131d2878b9fbf",
      "filename": "sample_endorsement_pack.pdf",
      "page": 3,
      "page_end": 4,
      "section_path": "ENDORSEMENT NO. 3 - BUSINESS INTERRUPTION AMENDMENTS > GENERAL CONDITIONS",
      "clause_label": "GENERAL CONDITIONS",
      "score": 0.0315,
      "text": "GENERAL CONDITIONS\n\n1. Cancellation. Either party may cancel this policy by giving 60 days written notice to the other at its last known address. Where the Insurer cancels, a pro rata return of premium shall be made provided no claim has been notified during the Period of Insurance.\n\n2. Governing law. This policy shall be governed by and construed in accordance with the law of England and Wales, and the parties submit to the exclusive jurisdiction of the courts of England and Wales.\n\n3. Premium payment. The premium is due within 45 days of inception. Failure to pay within that period entitles the Insurer to cancel in accordance with General Condition 1 above.\n\nENDORSEMENT NO. 4 - SEQUENTIAL WATER INTRUSION EXCLUSION\nEffective from 1 February 2025. This endorsement is issued under reference END-2024-0417 and adopts the exclusion wording of Form HO-0304 edition 03-24, reproduced at clause 4.3 below, which supersedes and replaces any earlier edition of Form HO-0304 referenced in the Insured's document file.\n\n4.3 Exclusion Code E-17 - Sequential Water Intrusion Events\nExclusion Code E-17 (Form HO-0304, edition 03-24). This policy does not cover loss or damage arising from a second or subsequent Flood event at the same insured location where that event occurs within 60 consecutive days of an earlier Flood event at the same location, regardless of whether a claim was made for the earlier event. This exclusion applies in addition to, and does not narrow, the deductible and sub-limit provisions of clauses 2 and 3 above.\n\n4.4 Interaction with the Flood Defence Condition\nExclusion Code E-17 does not apply where the Insured can demonstrate that the flood barriers, non-return valves and sump pumps required by clause 4.1 were tested and in good working order in the 60 days immediately preceding the second or subsequent Flood event."
    },
    {
      "chunk_id": "4fa131d2878b9fbf::0001",
      "doc_id": "4fa131d2878b9fbf",
      "filename": "sample_endorsement_pack.pdf",
      "page": 1,
      "page_end": 2,
      "section_path": "ENDORSEMENT NO. 1 - FLOOD SUB-LIMIT AMENDMENT > 3. DEDUCTIBLE",
      "clause_label": "3. DEDUCTIBLE",
      "score": 0.0313,
      "text": "3. DEDUCTIBLE\nA deductible of GBP 250,000 each and every loss applies to loss or damage caused by Flood at any location within a Flood Zone. At all other locations the standard property deductible of GBP 50,000 each and every loss continues to apply.\n\nSECTION 4 - CONDITIONS APPLYING TO THIS ENDORSEMENT\n\n4.1 Flood Defence Maintenance\nThe Insured shall maintain all demountable flood barriers, non-return valves and sump pumps at each insured location in good and effective working order, and shall test them at intervals of not more than six months. A written record of each test shall be kept for a period of three years and produced to the Insurer on request.\n\n4.2 Exclusions\nNotwithstanding anything to the contrary in the policy, this endorsement does not cover loss, damage, cost or expense arising directly or indirectly out of:\n\n(a) subsidence, ground heave or landslip, whether or not caused or contributed to by Flood; (b) loss of or damage to growing crops, standing timber, or livestock in the open; (c) any property in the course of construction, erection or installation where the contract value exceeds GBP 1,000,000; (d) loss or damage to stock stored below ground level unless raised at least 150 millimetres above the finished floor level; (e) any fine, penalty or punitive damages levied by a regulator following a Flood event.\n\n4.2.1 Erosion of the sub-limit\nEach payment made under this endorsement, including any payment for professional fees and debris removal, erodes the annual aggregate sub-limit stated in clause 2. Once the annual aggregate sub-limit is exhausted no further payment shall be made under this endorsement for the remainder of the Period of Insurance."
    },
    {
      "chunk_id": "5ccd70c8aadf500e::0000",
      "doc_id": "5ccd70c8aadf500e",
      "filename": "form_ho0304_archive.pdf",
      "page": 1,
      "page_end": 1,
      "section_path": "FORM LIBRARY - ARCHIVED WORDING ON FILE",
      "clause_label": "FORM LIBRARY - ARCHIVED WORDING ON FILE",
      "score": 0.0312,
      "text": "FORM LIBRARY - ARCHIVED WORDING ON FILE\nThis file retains prior editions of Form HO-0304 for audit and reference purposes against policy GML-2024-88213. The edition currently endorsed to the policy is 03-24 (see the waterdamage endorsement in the main endorsement pack for its reference number). Earlier editions below are retained for reference only and do not apply to a loss occurring after the date their text says they were superseded.\n\nFORM HO-0304 - EDITION 01-22\nEXCLUSION CODE E-17 - SEQUENTIAL WATER INTRUSION EVENTS (EDITION 01-22)\n\nExclusion Code E-17 (Form HO-0304, edition 01-22). This policy does not cover loss or damage arising from a second or subsequent Flood event at the same insured location where that event occurs within 30 consecutive days of an earlier Flood event at the same location. Superseded by edition 06-22 with effect from 1 June 2022.\n\nFORM HO-0304 - EDITION 06-22\nEXCLUSION CODE E-17 - SEQUENTIAL WATER INTRUSION EVENTS (EDITION 06-22)\n\nExclusion Code E-17 (Form HO-0304, edition 06-22). This policy does not cover loss or damage arising from a second or subsequent Flood event at the same insured location where that event occurs within 35 consecutive days of an earlier Flood event at the same location. Superseded by edition 09-23 with effect from 1 September 2023.\n\nFORM HO-0304 - EDITION 09-23\nEXCLUSION CODE E-17 - SEQUENTIAL WATER INTRUSION EVENTS (EDITION 09-23)\n\nExclusion Code E-17 (Form HO-0304, edition 09-23). This policy does not cover loss or damage arising from a second or subsequent Flood event at the same insured location where that event occurs within 45 consecutive days of an earlier Flood event at the same location, save that this exclusion does not apply to a Flood event caused solely by a named windstorm. Superseded by edition 01-24 with effect from 1 January 2024."
    }
  ],
  "model": "stub:reading-comprehension-v1",
  "params": {
    "effort": "medium",
    "max_tokens": 16000
  },
  "output": {
    "claim_number": "[CLAIM NUMBER REDACTED]",
    "date_of_loss": "27 June 2026",
    "coverage_decision": "covered",
    "cited_exclusion_id": null,
    "excess_amount": null,
    "summary": "Notes match an insured peril: INDEMNITY PERIOD\nThe maximum indemnity period is extended from 12 months to 18 months from the date on which the interruption begins.",
    "citations": [
      "4fa131d2878b9fbf::0005"
    ]
  },
  "output_notes": []
}
---
{
  "trace_id": "trc_00002",
  "created_at": "2026-08-30T21:31:43.868621+00:00",
  "feature": "claim_summary",
  "prompt_version": "claim-summary-v1",
  "input_redacted": "Claim [CLAIM NUMBER REDACTED]. Production interruption beginning 25 April 2026, lasting 150 hours before normal operations resumed. Insured claims GBP 440,522 in lost revenue.",
  "redacted_fields": [
    "claim_number:CLM-2026-76658"
  ],
  "retrieval_mode": "hybrid_bm25_rrf",
  "retrieved": [
    {
      "chunk_id": "4fa131d2878b9fbf::0000",
      "doc_id": "4fa131d2878b9fbf",
      "filename": "sample_endorsement_pack.pdf",
      "page": 1,
      "page_end": 1,
      "section_path": "GLOBAL MANUFACTURING LTD",
      "clause_label": "GLOBAL MANUFACTURING LTD",
      "score": 0.0323,
      "text": "GLOBAL MANUFACTURING LTD\n\nCOMMERCIAL PROPERTY AND LIABILITY ENDORSEMENT PACK\nPolicy Number GML-2024-88213. Period of Insurance: 1 April 2024 to 31 March 2025, both dates inclusive at the address of the Insured. This pack records every endorsement attached to the policy and supersedes any endorsement schedule issued previously.\n\nENDORSEMENT NO. 1 - FLOOD SUB-LIMIT AMENDMENT\nEffective from 1 June 2024. In consideration of the additional premium of GBP 42,750 the following amendments are made to the Property Damage section of the policy.\n\n1. DEFINITIONS\n\n1.1 Flood means the escape of water from the normal confines of any natural or artificial watercourse, lake, reservoir, canal or dam, or inundation from the sea, whether driven by storm or otherwise.\n\n1.2 Flood Zone means any location identified as Zone 2 or Zone 3 on the Environment Agency Flood Map for Planning current at the inception of this endorsement.\n\n2. AMENDMENT TO LIMIT\nThe sub-limit applicable to loss or damage caused by Flood is amended from GBP 2,500,000 to GBP 5,000,000 in the annual aggregate. The revised sub-limit applies to all insured locations combined and is part of, and not in addition to, the policy limit of GBP 40,000,000 any one occurrence.\n\n3. DEDUCTIBLE\nA deductible of GBP 250,000 each and every loss applies to loss or damage caused by Flood at any location within a Flood Zone. At all other locations the standard property deductible of GBP 50,000 each and every loss continues to apply.\n\nSECTION 4 - CONDITIONS APPLYING TO THIS ENDORSEMENT"
    },
    {
      "chunk_id": "4fa131d2878b9fbf::0005",
      "doc_id": "4fa131d2878b9fbf",
      "filename": "sample_endorsement_pack.pdf",
      "page": 3,
      "page_end": 3,
      "section_path": "ENDORSEMENT NO. 2 - CYBER AND DATA EXCLUSION > SECTION 2 - EXCLUSION WORDING > 2.",
      "clause_label": "2.",
      "score": 0.0323,
      "text": "(h) the deliberate act of any employee, contractor or agent of the Insured taken with intent to cause a Cyber Incident, whether or not that person was acting within the scope of their employment or engagement, and whether or not the Insured had performed pre-engagement screening on that person.\n\nSECTION 3 - WRITE-BACK FOR PHYSICAL DAMAGE\n\n3. Subject to all other terms of the policy, this exclusion shall not apply to physical loss of or physical damage to insured property arising from fire or explosion which itself results from a Cyber Incident, provided that the fire or explosion is not the result of a Cyber Act committed with intent to cause physical damage.\n\nENDORSEMENT NO. 3 - BUSINESS INTERRUPTION AMENDMENTS\nEffective from 1 October 2024. The Business Interruption section is amended as set out below. All other terms, conditions and exclusions remain unaltered.\n\n1. WAITING PERIOD\nA waiting period of 72 consecutive hours applies to each and every claim under the Business Interruption section. No indemnity is payable in respect of any interruption that is remedied within the waiting period.\n\n2. INDEMNITY PERIOD\nThe maximum indemnity period is extended from 12 months to 18 months from the date on which the interruption begins.\n\n3. NOTIFICATION OF CLAIM\n3. The Insured shall give written notice to the Insurer of any event likely to give rise to a claim under this section within 30 days of that event becoming known to a director or to the risk manager of the Insured. Notice given to the broker alone does not constitute notice to the Insurer.\n\nGENERAL CONDITIONS\n\n1. Cancellation. Either party may cancel this policy by giving 60 days written notice to the other at its last known address. Where the Insurer cancels, a pro rata return of premium shall be made provided no claim has been notified during the Period of Insurance."
    },
    {
      "chunk_id": "4fa131d2878b9fbf::0006",
      "doc_id": "4fa131d2878b9fbf",
      "filename": "sample_endorsement_pack.pdf",
      "page": 3,
      "page_end": 4,
      "section_path": "ENDORSEMENT NO. 3 - BUSINESS INTERRUPTION AMENDMENTS > GENERAL CONDITIONS",
      "clause_label": "GENERAL CONDITIONS",
      "score": 0.0318,
      "text": "GENERAL CONDITIONS\n\n1. Cancellation. Either party may cancel this policy by giving 60 days written notice to the other at its last known address. Where the Insurer cancels, a pro rata return of premium shall be made provided no claim has been notified during the Period of Insurance.\n\n2. Governing law. This policy shall be governed by and construed in accordance with the law of England and Wales, and the parties submit to the exclusive jurisdiction of the courts of England and Wales.\n\n3. Premium payment. The premium is due within 45 days of inception. Failure to pay within that period entitles the Insurer to cancel in accordance with General Condition 1 above.\n\nENDORSEMENT NO. 4 - SEQUENTIAL WATER INTRUSION EXCLUSION\nEffective from 1 February 2025. This endorsement is issued under reference END-2024-0417 and adopts the exclusion wording of Form HO-0304 edition 03-24, reproduced at clause 4.3 below, which supersedes and replaces any earlier edition of Form HO-0304 referenced in the Insured's document file.\n\n4.3 Exclusion Code E-17 - Sequential Water Intrusion Events\nExclusion Code E-17 (Form HO-0304, edition 03-24). This policy does not cover loss or damage arising from a second or subsequent Flood event at the same insured location where that event occurs within 60 consecutive days of an earlier Flood event at the same location, regardless of whether a claim was made for the earlier event. This exclusion applies in addition to, and does not narrow, the deductible and sub-limit provisions of clauses 2 and 3 above.\n\n4.4 Interaction with the Flood Defence Condition\nExclusion Code E-17 does not apply where the Insured can demonstrate that the flood barriers, non-return valves and sump pumps required by clause 4.1 were tested and in good working order in the 60 days immediately preceding the second or subsequent Flood event."
    },
    {
      "chunk_id": "4fa131d2878b9fbf::0001",
      "doc_id": "4fa131d2878b9fbf",
      "filename": "sample_endorsement_pack.pdf",
      "page": 1,
      "page_end": 2,
      "section_path": "ENDORSEMENT NO. 1 - FLOOD SUB-LIMIT AMENDMENT > 3. DEDUCTIBLE",
      "clause_label": "3. DEDUCTIBLE",
      "score": 0.0315,
      "text": "3. DEDUCTIBLE\nA deductible of GBP 250,000 each and every loss applies to loss or damage caused by Flood at any location within a Flood Zone. At all other locations the standard property deductible of GBP 50,000 each and every loss continues to apply.\n\nSECTION 4 - CONDITIONS APPLYING TO THIS ENDORSEMENT\n\n4.1 Flood Defence Maintenance\nThe Insured shall maintain all demountable flood barriers, non-return valves and sump pumps at each insured location in good and effective working order, and shall test them at intervals of not more than six months. A written record of each test shall be kept for a period of three years and produced to the Insurer on request.\n\n4.2 Exclusions\nNotwithstanding anything to the contrary in the policy, this endorsement does not cover loss, damage, cost or expense arising directly or indirectly out of:\n\n(a) subsidence, ground heave or landslip, whether or not caused or contributed to by Flood; (b) loss of or damage to growing crops, standing timber, or livestock in the open; (c) any property in the course of construction, erection or installation where the contract value exceeds GBP 1,000,000; (d) loss or damage to stock stored below ground level unless raised at least 150 millimetres above the finished floor level; (e) any fine, penalty or punitive damages levied by a regulator following a Flood event.\n\n4.2.1 Erosion of the sub-limit\nEach payment made under this endorsement, including any payment for professional fees and debris removal, erodes the annual aggregate sub-limit stated in clause 2. Once the annual aggregate sub-limit is exhausted no further payment shall be made under this endorsement for the remainder of the Period of Insurance."
    },
    {
      "chunk_id": "4fa131d2878b9fbf::0003",
      "doc_id": "4fa131d2878b9fbf",
      "filename": "sample_endorsement_pack.pdf",
      "page": 2,
      "page_end": 2,
      "section_path": "ENDORSEMENT NO. 2 - CYBER AND DATA EXCLUSION > SECTION 2 - EXCLUSION WORDING > 2.",
      "clause_label": "2.",
      "score": 0.0303,
      "text": "to any action taken in controlling, preventing, suppressing or remediating any Cyber Act or Cyber Incident, and including the cost of any forensic investigation commissioned by the Insured or by any regulator, and including any sum paid or payable to a third party by way of settlement, judgment, award or contractual indemnity in respect of such an act or incident, whether or not the Insured admitted liability;\n(b) any loss of use, reduction in functionality, repair, replacement, restoration or reproduction of any Data, including any amount pertaining to the value of such Data, and including the cost of re-keying, re-entering or otherwise reconstituting Data from source documents where those documents themselves remain undamaged, and including any loss of profit consequent upon such loss of use;\n(c) the failure, malfunction, degradation, unavailability or interruption of any Computer System, whether owned or operated by the Insured or by any third party service provider, cloud host, managed service provider or telecommunications carrier upon which the Insured relies, and whether or not the Insured had a contractual right of recourse against that party;\n(d) the receipt, transmission, distribution or storage of any Malicious Code, whether or not that Malicious Code was introduced deliberately, negligently or inadvertently, and whether or not the Insured had in place anti-malware controls conforming to any recognised standard including ISO 27001 or the National Institute of Standards and Technology Cybersecurity Framework;"
    }
  ],
  "model": "stub:reading-comprehension-v1",
  "params": {
    "effort": "medium",
    "max_tokens": 16000
  },
  "output": {
    "claim_number": "[CLAIM NUMBER REDACTED]",
    "date_of_loss": "25 April 2026",
    "coverage_decision": "covered",
    "cited_exclusion_id": null,
    "excess_amount": 250000.0,
    "summary": "Notes match an insured peril: The revised sub-limit applies to all insured locations combined and is part of, and not in addition to, the policy limit of GBP 40,000,000 any one occurrence.",
    "citations": [
      "4fa131d2878b9fbf::0000"
    ]
  },
  "output_notes": []
}
---
{
  "trace_id": "trc_00003",
  "created_at": "2026-08-30T21:31:43.884751+00:00",
  "feature": "claim_summary",
  "prompt_version": "claim-summary-v1",
  "input_redacted": "Claim [CLAIM NUMBER REDACTED]. Insured reports ground movement and cracking to the warehouse wall following the flood event of 09 July 2026; structural engineer's report attributes the cracking to subsidence triggered by the flood saturating the foundations. Claimed amount GBP 180,649.",
  "redacted_fields": [
    "claim_number:CLM-2026-52123"
  ],
  "retrieval_mode": "hybrid_bm25_rrf",
  "retrieved": [
    {
      "chunk_id": "4fa131d2878b9fbf::0001",
      "doc_id": "4fa131d2878b9fbf",
      "filename": "sample_endorsement_pack.pdf",
      "page": 1,
      "page_end": 2,
      "section_path": "ENDORSEMENT NO. 1 - FLOOD SUB-LIMIT AMENDMENT > 3. DEDUCTIBLE",
      "clause_label": "3. DEDUCTIBLE",
      "score": 0.0325,
      "text": "3. DEDUCTIBLE\nA deductible of GBP 250,000 each and every loss applies to loss or damage caused by Flood at any location within a Flood Zone. At all other locations the standard property deductible of GBP 50,000 each and every loss continues to apply.\n\nSECTION 4 - CONDITIONS APPLYING TO THIS ENDORSEMENT\n\n4.1 Flood Defence Maintenance\nThe Insured shall maintain all demountable flood barriers, non-return valves and sump pumps at each insured location in good and effective working order, and shall test them at intervals of not more than six months. A written record of each test shall be kept for a period of three years and produced to the Insurer on request.\n\n4.2 Exclusions\nNotwithstanding anything to the contrary in the policy, this endorsement does not cover loss, damage, cost or expense arising directly or indirectly out of:\n\n(a) subsidence, ground heave or landslip, whether or not caused or contributed to by Flood; (b) loss of or damage to growing crops, standing timber, or livestock in the open; (c) any property in the course of construction, erection or installation where the contract value exceeds GBP 1,000,000; (d) loss or damage to stock stored below ground level unless raised at least 150 millimetres above the finished floor level; (e) any fine, penalty or punitive damages levied by a regulator following a Flood event.\n\n4.2.1 Erosion of the sub-limit\nEach payment made under this endorsement, including any payment for professional fees and debris removal, erodes the annual aggregate sub-limit stated in clause 2. Once the annual aggregate sub-limit is exhausted no further payment shall be made under this endorsement for the remainder of the Period of Insurance."
    },
    {
      "chunk_id": "4fa131d2878b9fbf::0000",
      "doc_id": "4fa131d2878b9fbf",
      "filename": "sample_endorsement_pack.pdf",
      "page": 1,
      "page_end": 1,
      "section_path": "GLOBAL MANUFACTURING LTD",
      "clause_label": "GLOBAL MANUFACTURING LTD",
      "score": 0.0323,
      "text": "GLOBAL MANUFACTURING LTD\n\nCOMMERCIAL PROPERTY AND LIABILITY ENDORSEMENT PACK\nPolicy Number GML-2024-88213. Period of Insurance: 1 April 2024 to 31 March 2025, both dates inclusive at the address of the Insured. This pack records every endorsement attached to the policy and supersedes any endorsement schedule issued previously.\n\nENDORSEMENT NO. 1 - FLOOD SUB-LIMIT AMENDMENT\nEffective from 1 June 2024. In consideration of the additional premium of GBP 42,750 the following amendments are made to the Property Damage section of the policy.\n\n1. DEFINITIONS\n\n1.1 Flood means the escape of water from the normal confines of any natural or artificial watercourse, lake, reservoir, canal or dam, or inundation from the sea, whether driven by storm or otherwise.\n\n1.2 Flood Zone means any location identified as Zone 2 or Zone 3 on the Environment Agency Flood Map for Planning current at the inception of this endorsement.\n\n2. AMENDMENT TO LIMIT\nThe sub-limit applicable to loss or damage caused by Flood is amended from GBP 2,500,000 to GBP 5,000,000 in the annual aggregate. The revised sub-limit applies to all insured locations combined and is part of, and not in addition to, the policy limit of GBP 40,000,000 any one occurrence.\n\n3. DEDUCTIBLE\nA deductible of GBP 250,000 each and every loss applies to loss or damage caused by Flood at any location within a Flood Zone. At all other locations the standard property deductible of GBP 50,000 each and every loss continues to apply.\n\nSECTION 4 - CONDITIONS APPLYING TO THIS ENDORSEMENT"
    },
    {
      "chunk_id": "5ccd70c8aadf500e::0001",
      "doc_id": "5ccd70c8aadf500e",
      "filename": "form_ho0304_archive.pdf",
      "page": 1,
      "page_end": 1,
      "section_path": "FORM HO-0304 - EDITION 01-24",
      "clause_label": "FORM HO-0304 - EDITION 01-24",
      "score": 0.0315,
      "text": "This policy does not cover loss or damage arising from a second or subsequent Flood event at the same insured location where that event occurs within 45 consecutive days of an earlier Flood event at the same location, save that this exclusion does not apply to a Flood event caused solely by a named windstorm. Superseded by edition 01-24 with effect from 1 January 2024.\n\nFORM HO-0304 - EDITION 01-24\nEXCLUSION CODE E-17 - SEQUENTIAL WATER INTRUSION EVENTS (EDITION 01-24)\n\nExclusion Code E-17 (Form HO-0304, edition 01-24). This policy does not cover loss or damage arising from a second or subsequent Flood event at the same insured location where that event occurs within 55 consecutive days of an earlier Flood event at the same location, save that this exclusion does not apply to a Flood event caused solely by a named windstorm. Superseded by edition 03-24 with effect from 1 February 2025."
    },
    {
      "chunk_id": "4fa131d2878b9fbf::0006",
      "doc_id": "4fa131d2878b9fbf",
      "filename": "sample_endorsement_pack.pdf",
      "page": 3,
      "page_end": 4,
      "section_path": "ENDORSEMENT NO. 3 - BUSINESS INTERRUPTION AMENDMENTS > GENERAL CONDITIONS",
      "clause_label": "GENERAL CONDITIONS",
      "score": 0.0313,
      "text": "GENERAL CONDITIONS\n\n1. Cancellation. Either party may cancel this policy by giving 60 days written notice to the other at its last known address. Where the Insurer cancels, a pro rata return of premium shall be made provided no claim has been notified during the Period of Insurance.\n\n2. Governing law. This policy shall be governed by and construed in accordance with the law of England and Wales, and the parties submit to the exclusive jurisdiction of the courts of England and Wales.\n\n3. Premium payment. The premium is due within 45 days of inception. Failure to pay within that period entitles the Insurer to cancel in accordance with General Condition 1 above.\n\nENDORSEMENT NO. 4 - SEQUENTIAL WATER INTRUSION EXCLUSION\nEffective from 1 February 2025. This endorsement is issued under reference END-2024-0417 and adopts the exclusion wording of Form HO-0304 edition 03-24, reproduced at clause 4.3 below, which supersedes and replaces any earlier edition of Form HO-0304 referenced in the Insured's document file.\n\n4.3 Exclusion Code E-17 - Sequential Water Intrusion Events\nExclusion Code E-17 (Form HO-0304, edition 03-24). This policy does not cover loss or damage arising from a second or subsequent Flood event at the same insured location where that event occurs within 60 consecutive days of an earlier Flood event at the same location, regardless of whether a claim was made for the earlier event. This exclusion applies in addition to, and does not narrow, the deductible and sub-limit provisions of clauses 2 and 3 above.\n\n4.4 Interaction with the Flood Defence Condition\nExclusion Code E-17 does not apply where the Insured can demonstrate that the flood barriers, non-return valves and sump pumps required by clause 4.1 were tested and in good working order in the 60 days immediately preceding the second or subsequent Flood event."
    },
    {
      "chunk_id": "5ccd70c8aadf500e::0000",
      "doc_id": "5ccd70c8aadf500e",
      "filename": "form_ho0304_archive.pdf",
      "page": 1,
      "page_end": 1,
      "section_path": "FORM LIBRARY - ARCHIVED WORDING ON FILE",
      "clause_label": "FORM LIBRARY - ARCHIVED WORDING ON FILE",
      "score": 0.0308,
      "text": "FORM LIBRARY - ARCHIVED WORDING ON FILE\nThis file retains prior editions of Form HO-0304 for audit and reference purposes against policy GML-2024-88213. The edition currently endorsed to the policy is 03-24 (see the waterdamage endorsement in the main endorsement pack for its reference number). Earlier editions below are retained for reference only and do not apply to a loss occurring after the date their text says they were superseded.\n\nFORM HO-0304 - EDITION 01-22\nEXCLUSION CODE E-17 - SEQUENTIAL WATER INTRUSION EVENTS (EDITION 01-22)\n\nExclusion Code E-17 (Form HO-0304, edition 01-22). This policy does not cover loss or damage arising from a second or subsequent Flood event at the same insured location where that event occurs within 30 consecutive days of an earlier Flood event at the same location. Superseded by edition 06-22 with effect from 1 June 2022.\n\nFORM HO-0304 - EDITION 06-22\nEXCLUSION CODE E-17 - SEQUENTIAL WATER INTRUSION EVENTS (EDITION 06-22)\n\nExclusion Code E-17 (Form HO-0304, edition 06-22). This policy does not cover loss or damage arising from a second or subsequent Flood event at the same insured location where that event occurs within 35 consecutive days of an earlier Flood event at the same location. Superseded by edition 09-23 with effect from 1 September 2023.\n\nFORM HO-0304 - EDITION 09-23\nEXCLUSION CODE E-17 - SEQUENTIAL WATER INTRUSION EVENTS (EDITION 09-23)\n\nExclusion Code E-17 (Form HO-0304, edition 09-23). This policy does not cover loss or damage arising from a second or subsequent Flood event at the same insured location where that event occurs within 45 consecutive days of an earlier Flood event at the same location, save that this exclusion does not apply to a Flood event caused solely by a named windstorm. Superseded by edition 01-24 with effect from 1 January 2024."
    }
  ],
  "model": "stub:reading-comprehension-v1",
  "params": {
    "effort": "medium",
    "max_tokens": 16000
  },
  "output": {
    "claim_number": "[CLAIM NUMBER REDACTED]",
    "date_of_loss": "09 July 2026",
    "coverage_decision": "denied",
    "cited_exclusion_id": "4.1",
    "excess_amount": 250000.0,
    "summary": "Notes describe circumstances matching an excluded scenario: 4.2 Exclusions\nNotwithstanding anything to the contrary in the policy, this endorsement does not cover loss, damage, cost or expense arising directly or indirectly out of:\n\n(a) subsidence, ground heave or landslip, whether or not caused or contributed to by Flood;",
    "citations": [
      "4fa131d2878b9fbf::0001"
    ]
  },
  "output_notes": []
}
---
{
  "trace_id": "trc_00004",
  "created_at": "2026-08-30T21:31:43.895570+00:00",
  "feature": "claim_summary",
  "prompt_version": "claim-summary-v1",
  "input_redacted": "Claim [CLAIM NUMBER REDACTED]. Production interruption beginning 05 July 2026, lasting 167 hours before normal operations resumed. Insured claims GBP 684,238 in lost revenue.",
  "redacted_fields": [
    "claim_number:CLM-2026-80301"
  ],
  "retrieval_mode": "hybrid_bm25_rrf",
  "retrieved": [
    {
      "chunk_id": "4fa131d2878b9fbf::0005",
      "doc_id": "4fa131d2878b9fbf",
      "filename": "sample_endorsement_pack.pdf",
      "page": 3,
      "page_end": 3,
      "section_path": "ENDORSEMENT NO. 2 - CYBER AND DATA EXCLUSION > SECTION 2 - EXCLUSION WORDING > 2.",
      "clause_label": "2.",
      "score": 0.0325,
      "text": "(h) the deliberate act of any employee, contractor or agent of the Insured taken with intent to cause a Cyber Incident, whether or not that person was acting within the scope of their employment or engagement, and whether or not the Insured had performed pre-engagement screening on that person.\n\nSECTION 3 - WRITE-BACK FOR PHYSICAL DAMAGE\n\n3. Subject to all other terms of the policy, this exclusion shall not apply to physical loss of or physical damage to insured property arising from fire or explosion which itself results from a Cyber Incident, provided that the fire or explosion is not the result of a Cyber Act committed with intent to cause physical damage.\n\nENDORSEMENT NO. 3 - BUSINESS INTERRUPTION AMENDMENTS\nEffective from 1 October 2024. The Business Interruption section is amended as set out below. All other terms, conditions and exclusions remain unaltered.\n\n1. WAITING PERIOD\nA waiting period of 72 consecutive hours applies to each and every claim under the Business Interruption section. No indemnity is payable in respect of any interruption that is remedied within the waiting period.\n\n2. INDEMNITY PERIOD\nThe maximum indemnity period is extended from 12 months to 18 months from the date on which the interruption begins.\n\n3. NOTIFICATION OF CLAIM\n3. The Insured shall give written notice to the Insurer of any event likely to give rise to a claim under this section within 30 days of that event becoming known to a director or to the risk manager of the Insured. Notice given to the broker alone does not constitute notice to the Insurer.\n\nGENERAL CONDITIONS\n\n1. Cancellation. Either party may cancel this policy by giving 60 days written notice to the other at its last known address. Where the Insurer cancels, a pro rata return of premium shall be made provided no claim has been notified during the Period of Insurance."
    },
    {
      "chunk_id": "4fa131d2878b9fbf::0000",
      "doc_id": "4fa131d2878b9fbf",
      "filename": "sample_endorsement_pack.pdf",
      "page": 1,
      "page_end": 1,
      "section_path": "GLOBAL MANUFACTURING LTD",
      "clause_label": "GLOBAL MANUFACTURING LTD",
      "score": 0.032,
      "text": "GLOBAL MANUFACTURING LTD\n\nCOMMERCIAL PROPERTY AND LIABILITY ENDORSEMENT PACK\nPolicy Number GML-2024-88213. Period of Insurance: 1 April 2024 to 31 March 2025, both dates inclusive at the address of the Insured. This pack records every endorsement attached to the policy and supersedes any endorsement schedule issued previously.\n\nENDORSEMENT NO. 1 - FLOOD SUB-LIMIT AMENDMENT\nEffective from 1 June 2024. In consideration of the additional premium of GBP 42,750 the following amendments are made to the Property Damage section of the policy.\n\n1. DEFINITIONS\n\n1.1 Flood means the escape of water from the normal confines of any natural or artificial watercourse, lake, reservoir, canal or dam, or inundation from the sea, whether driven by storm or otherwise.\n\n1.2 Flood Zone means any location identified as Zone 2 or Zone 3 on the Environment Agency Flood Map for Planning current at the inception of this endorsement.\n\n2. AMENDMENT TO LIMIT\nThe sub-limit applicable to loss or damage caused by Flood is amended from GBP 2,500,000 to GBP 5,000,000 in the annual aggregate. The revised sub-limit applies to all insured locations combined and is part of, and not in addition to, the policy limit of GBP 40,000,000 any one occurrence.\n\n3. DEDUCTIBLE\nA deductible of GBP 250,000 each and every loss applies to loss or damage caused by Flood at any location within a Flood Zone. At all other locations the standard property deductible of GBP 50,000 each and every loss continues to apply.\n\nSECTION 4 - CONDITIONS APPLYING TO THIS ENDORSEMENT"
    },
    {
      "chunk_id": "4fa131d2878b9fbf::0006",
      "doc_id": "4fa131d2878b9fbf",
      "filename": "sample_endorsement_pack.pdf",
      "page": 3,
      "page_end": 4,
      "section_path": "ENDORSEMENT NO. 3 - BUSINESS INTERRUPTION AMENDMENTS > GENERAL CONDITIONS",
      "clause_label": "GENERAL CONDITIONS",
      "score": 0.0318,
      "text": "GENERAL CONDITIONS\n\n1. Cancellation. Either party may cancel this policy by giving 60 days written notice to the other at its last known address. Where the Insurer cancels, a pro rata return of premium shall be made provided no claim has been notified during the Period of Insurance.\n\n2. Governing law. This policy shall be governed by and construed in accordance with the law of England and Wales, and the parties submit to the exclusive jurisdiction of the courts of England and Wales.\n\n3. Premium payment. The premium is due within 45 days of inception. Failure to pay within that period entitles the Insurer to cancel in accordance with General Condition 1 above.\n\nENDORSEMENT NO. 4 - SEQUENTIAL WATER INTRUSION EXCLUSION\nEffective from 1 February 2025. This endorsement is issued under reference END-2024-0417 and adopts the exclusion wording of Form HO-0304 edition 03-24, reproduced at clause 4.3 below, which supersedes and replaces any earlier edition of Form HO-0304 referenced in the Insured's document file.\n\n4.3 Exclusion Code E-17 - Sequential Water Intrusion Events\nExclusion Code E-17 (Form HO-0304, edition 03-24). This policy does not cover loss or damage arising from a second or subsequent Flood event at the same insured location where that event occurs within 60 consecutive days of an earlier Flood event at the same location, regardless of whether a claim was made for the earlier event. This exclusion applies in addition to, and does not narrow, the deductible and sub-limit provisions of clauses 2 and 3 above.\n\n4.4 Interaction with the Flood Defence Condition\nExclusion Code E-17 does not apply where the Insured can demonstrate that the flood barriers, non-return valves and sump pumps required by clause 4.1 were tested and in good working order in the 60 days immediately preceding the second or subsequent Flood event."
    },
    {
      "chunk_id": "4fa131d2878b9fbf::0001",
      "doc_id": "4fa131d2878b9fbf",
      "filename": "sample_endorsement_pack.pdf",
      "page": 1,
      "page_end": 2,
      "section_path": "ENDORSEMENT NO. 1 - FLOOD SUB-LIMIT AMENDMENT > 3. DEDUCTIBLE",
      "clause_label": "3. DEDUCTIBLE",
      "score": 0.0315,
      "text": "3. DEDUCTIBLE\nA deductible of GBP 250,000 each and every loss applies to loss or damage caused by Flood at any location within a Flood Zone. At all other locations the standard property deductible of GBP 50,000 each and every loss continues to apply.\n\nSECTION 4 - CONDITIONS APPLYING TO THIS ENDORSEMENT\n\n4.1 Flood Defence Maintenance\nThe Insured shall maintain all demountable flood barriers, non-return valves and sump pumps at each insured location in good and effective working order, and shall test them at intervals of not more than six months. A written record of each test shall be kept for a period of three years and produced to the Insurer on request.\n\n4.2 Exclusions\nNotwithstanding anything to the contrary in the policy, this endorsement does not cover loss, damage, cost or expense arising directly or indirectly out of:\n\n(a) subsidence, ground heave or landslip, whether or not caused or contributed to by Flood; (b) loss of or damage to growing crops, standing timber, or livestock in the open; (c) any property in the course of construction, erection or installation where the contract value exceeds GBP 1,000,000; (d) loss or damage to stock stored below ground level unless raised at least 150 millimetres above the finished floor level; (e) any fine, penalty or punitive damages levied by a regulator following a Flood event.\n\n4.2.1 Erosion of the sub-limit\nEach payment made under this endorsement, including any payment for professional fees and debris removal, erodes the annual aggregate sub-limit stated in clause 2. Once the annual aggregate sub-limit is exhausted no further payment shall be made under this endorsement for the remainder of the Period of Insurance."
    },
    {
      "chunk_id": "4fa131d2878b9fbf::0003",
      "doc_id": "4fa131d2878b9fbf",
      "filename": "sample_endorsement_pack.pdf",
      "page": 2,
      "page_end": 2,
      "section_path": "ENDORSEMENT NO. 2 - CYBER AND DATA EXCLUSION > SECTION 2 - EXCLUSION WORDING > 2.",
      "clause_label": "2.",
      "score": 0.0303,
      "text": "to any action taken in controlling, preventing, suppressing or remediating any Cyber Act or Cyber Incident, and including the cost of any forensic investigation commissioned by the Insured or by any regulator, and including any sum paid or payable to a third party by way of settlement, judgment, award or contractual indemnity in respect of such an act or incident, whether or not the Insured admitted liability;\n(b) any loss of use, reduction in functionality, repair, replacement, restoration or reproduction of any Data, including any amount pertaining to the value of such Data, and including the cost of re-keying, re-entering or otherwise reconstituting Data from source documents where those documents themselves remain undamaged, and including any loss of profit consequent upon such loss of use;\n(c) the failure, malfunction, degradation, unavailability or interruption of any Computer System, whether owned or operated by the Insured or by any third party service provider, cloud host, managed service provider or telecommunications carrier upon which the Insured relies, and whether or not the Insured had a contractual right of recourse against that party;\n(d) the receipt, transmission, distribution or storage of any Malicious Code, whether or not that Malicious Code was introduced deliberately, negligently or inadvertently, and whether or not the Insured had in place anti-malware controls conforming to any recognised standard including ISO 27001 or the National Institute of Standards and Technology Cybersecurity Framework;"
    }
  ],
  "model": "stub:reading-comprehension-v1",
  "params": {
    "effort": "medium",
    "max_tokens": 16000
  },
  "output": {
    "claim_number": "[CLAIM NUMBER REDACTED]",
    "date_of_loss": "05 July 2026",
    "coverage_decision": "denied",
    "cited_exclusion_id": "h",
    "excess_amount": null,
    "summary": "Notes describe circumstances matching an excluded scenario: WAITING PERIOD\nA waiting period of 72 consecutive hours applies to each and every claim under the Business Interruption section.",
    "citations": [
      "4fa131d2878b9fbf::0005"
    ]
  },
  "output_notes": []
}
---
{
  "trace_id": "trc_00005",
  "created_at": "2026-08-30T21:31:43.909352+00:00",
  "feature": "claim_summary",
  "prompt_version": "claim-summary-v1",
  "input_redacted": "Claim [CLAIM NUMBER REDACTED]. Following the flood event of 09 April 2026, the Environment Agency issued the insured a penalty notice of GBP 9,897 for a related discharge breach. Insured asks whether the penalty is covered.",
  "redacted_fields": [
    "claim_number:CLM-2026-92774"
  ],
  "retrieval_mode": "hybrid_bm25_rrf",
  "retrieved": [
    {
      "chunk_id": "4fa131d2878b9fbf::0000",
      "doc_id": "4fa131d2878b9fbf",
      "filename": "sample_endorsement_pack.pdf",
      "page": 1,
      "page_end": 1,
      "section_path": "GLOBAL MANUFACTURING LTD",
      "clause_label": "GLOBAL MANUFACTURING LTD",
      "score": 0.0328,
      "text": "GLOBAL MANUFACTURING LTD\n\nCOMMERCIAL PROPERTY AND LIABILITY ENDORSEMENT PACK\nPolicy Number GML-2024-88213. Period of Insurance: 1 April 2024 to 31 March 2025, both dates inclusive at the address of the Insured. This pack records every endorsement attached to the policy and supersedes any endorsement schedule issued previously.\n\nENDORSEMENT NO. 1 - FLOOD SUB-LIMIT AMENDMENT\nEffective from 1 June 2024. In consideration of the additional premium of GBP 42,750 the following amendments are made to the Property Damage section of the policy.\n\n1. DEFINITIONS\n\n1.1 Flood means the escape of water from the normal confines of any natural or artificial watercourse, lake, reservoir, canal or dam, or inundation from the sea, whether driven by storm or otherwise.\n\n1.2 Flood Zone means any location identified as Zone 2 or Zone 3 on the Environment Agency Flood Map for Planning current at the inception of this endorsement.\n\n2. AMENDMENT TO LIMIT\nThe sub-limit applicable to loss or damage caused by Flood is amended from GBP 2,500,000 to GBP 5,000,000 in the annual aggregate. The revised sub-limit applies to all insured locations combined and is part of, and not in addition to, the policy limit of GBP 40,000,000 any one occurrence.\n\n3. DEDUCTIBLE\nA deductible of GBP 250,000 each and every loss applies to loss or damage caused by Flood at any location within a Flood Zone. At all other locations the standard property deductible of GBP 50,000 each and every loss continues to apply.\n\nSECTION 4 - CONDITIONS APPLYING TO THIS ENDORSEMENT"
    },
    {
      "chunk_id": "4fa131d2878b9fbf::0001",
      "doc_id": "4fa131d2878b9fbf",
      "filename": "sample_endorsement_pack.pdf",
      "page": 1,
      "page_end": 2,
      "section_path": "ENDORSEMENT NO. 1 - FLOOD SUB-LIMIT AMENDMENT > 3. DEDUCTIBLE",
      "clause_label": "3. DEDUCTIBLE",
      "score": 0.0323,
      "text": "3. DEDUCTIBLE\nA deductible of GBP 250,000 each and every loss applies to loss or damage caused by Flood at any location within a Flood Zone. At all other locations the standard property deductible of GBP 50,000 each and every loss continues to apply.\n\nSECTION 4 - CONDITIONS APPLYING TO THIS ENDORSEMENT\n\n4.1 Flood Defence Maintenance\nThe Insured shall maintain all demountable flood barriers, non-return valves and sump pumps at each insured location in good and effective working order, and shall test them at intervals of not more than six months. A written record of each test shall be kept for a period of three years and produced to the Insurer on request.\n\n4.2 Exclusions\nNotwithstanding anything to the contrary in the policy, this endorsement does not cover loss, damage, cost or expense arising directly or indirectly out of:\n\n(a) subsidence, ground heave or landslip, whether or not caused or contributed to by Flood; (b) loss of or damage to growing crops, standing timber, or livestock in the open; (c) any property in the course of construction, erection or installation where the contract value exceeds GBP 1,000,000; (d) loss or damage to stock stored below ground level unless raised at least 150 millimetres above the finished floor level; (e) any fine, penalty or punitive damages levied by a regulator following a Flood event.\n\n4.2.1 Erosion of the sub-limit\nEach payment made under this endorsement, including any payment for professional fees and debris removal, erodes the annual aggregate sub-limit stated in clause 2. Once the annual aggregate sub-limit is exhausted no further payment shall be made under this endorsement for the remainder of the Period of Insurance."
    },
    {
      "chunk_id": "4fa131d2878b9fbf::0006",
      "doc_id": "4fa131d2878b9fbf",
      "filename": "sample_endorsement_pack.pdf",
      "page": 3,
      "page_end": 4,
      "section_path": "ENDORSEMENT NO. 3 - BUSINESS INTERRUPTION AMENDMENTS > GENERAL CONDITIONS",
      "clause_label": "GENERAL CONDITIONS",
      "score": 0.0313,
      "text": "GENERAL CONDITIONS\n\n1. Cancellation. Either party may cancel this policy by giving 60 days written notice to the other at its last known address. Where the Insurer cancels, a pro rata return of premium shall be made provided no claim has been notified during the Period of Insurance.\n\n2. Governing law. This policy shall be governed by and construed in accordance with the law of England and Wales, and the parties submit to the exclusive jurisdiction of the courts of England and Wales.\n\n3. Premium payment. The premium is due within 45 days of inception. Failure to pay within that period entitles the Insurer to cancel in accordance with General Condition 1 above.\n\nENDORSEMENT NO. 4 - SEQUENTIAL WATER INTRUSION EXCLUSION\nEffective from 1 February 2025. This endorsement is issued under reference END-2024-0417 and adopts the exclusion wording of Form HO-0304 edition 03-24, reproduced at clause 4.3 below, which supersedes and replaces any earlier edition of Form HO-0304 referenced in the Insured's document file.\n\n4.3 Exclusion Code E-17 - Sequential Water Intrusion Events\nExclusion Code E-17 (Form HO-0304, edition 03-24). This policy does not cover loss or damage arising from a second or subsequent Flood event at the same insured location where that event occurs within 60 consecutive days of an earlier Flood event at the same location, regardless of whether a claim was made for the earlier event. This exclusion applies in addition to, and does not narrow, the deductible and sub-limit provisions of clauses 2 and 3 above.\n\n4.4 Interaction with the Flood Defence Condition\nExclusion Code E-17 does not apply where the Insured can demonstrate that the flood barriers, non-return valves and sump pumps required by clause 4.1 were tested and in good working order in the 60 days immediately preceding the second or subsequent Flood event."
    },
    {
      "chunk_id": "5ccd70c8aadf500e::0001",
      "doc_id": "5ccd70c8aadf500e",
      "filename": "form_ho0304_archive.pdf",
      "page": 1,
      "page_end": 1,
      "section_path": "FORM HO-0304 - EDITION 01-24",
      "clause_label": "FORM HO-0304 - EDITION 01-24",
      "score": 0.0308,
      "text": "This policy does not cover loss or damage arising from a second or subsequent Flood event at the same insured location where that event occurs within 45 consecutive days of an earlier Flood event at the same location, save that this exclusion does not apply to a Flood event caused solely by a named windstorm. Superseded by edition 01-24 with effect from 1 January 2024.\n\nFORM HO-0304 - EDITION 01-24\nEXCLUSION CODE E-17 - SEQUENTIAL WATER INTRUSION EVENTS (EDITION 01-24)\n\nExclusion Code E-17 (Form HO-0304, edition 01-24). This policy does not cover loss or damage arising from a second or subsequent Flood event at the same insured location where that event occurs within 55 consecutive days of an earlier Flood event at the same location, save that this exclusion does not apply to a Flood event caused solely by a named windstorm. Superseded by edition 03-24 with effect from 1 February 2025."
    },
    {
      "chunk_id": "4fa131d2878b9fbf::0005",
      "doc_id": "4fa131d2878b9fbf",
      "filename": "sample_endorsement_pack.pdf",
      "page": 3,
      "page_end": 3,
      "section_path": "ENDORSEMENT NO. 2 - CYBER AND DATA EXCLUSION > SECTION 2 - EXCLUSION WORDING > 2.",
      "clause_label": "2.",
      "score": 0.0306,
      "text": "(h) the deliberate act of any employee, contractor or agent of the Insured taken with intent to cause a Cyber Incident, whether or not that person was acting within the scope of their employment or engagement, and whether or not the Insured had performed pre-engagement screening on that person.\n\nSECTION 3 - WRITE-BACK FOR PHYSICAL DAMAGE\n\n3. Subject to all other terms of the policy, this exclusion shall not apply to physical loss of or physical damage to insured property arising from fire or explosion which itself results from a Cyber Incident, provided that the fire or explosion is not the result of a Cyber Act committed with intent to cause physical damage.\n\nENDORSEMENT NO. 3 - BUSINESS INTERRUPTION AMENDMENTS\nEffective from 1 October 2024. The Business Interruption section is amended as set out below. All other terms, conditions and exclusions remain unaltered.\n\n1. WAITING PERIOD\nA waiting period of 72 consecutive hours applies to each and every claim under the Business Interruption section. No indemnity is payable in respect of any interruption that is remedied within the waiting period.\n\n2. INDEMNITY PERIOD\nThe maximum indemnity period is extended from 12 months to 18 months from the date on which the interruption begins.\n\n3. NOTIFICATION OF CLAIM\n3. The Insured shall give written notice to the Insurer of any event likely to give rise to a claim under this section within 30 days of that event becoming known to a director or to the risk manager of the Insured. Notice given to the broker alone does not constitute notice to the Insurer.\n\nGENERAL CONDITIONS\n\n1. Cancellation. Either party may cancel this policy by giving 60 days written notice to the other at its last known address. Where the Insurer cancels, a pro rata return of premium shall be made provided no claim has been notified during the Period of Insurance."
    }
  ],
  "model": "stub:reading-comprehension-v1",
  "params": {
    "effort": "medium",
    "max_tokens": 16000
  },
  "output": {
    "claim_number": "[CLAIM NUMBER REDACTED]",
    "date_of_loss": "09 April 2026",
    "coverage_decision": "covered",
    "cited_exclusion_id": null,
    "excess_amount": 250000.0,
    "summary": "Notes match an insured peril: 1.2 Flood Zone means any location identified as Zone 2 or Zone 3 on the Environment Agency Flood Map for Planning current at the inception of this endorsement.",
    "citations": [
      "4fa131d2878b9fbf::0000"
    ]
  },
  "output_notes": []
}
---
{
  "trace_id": "trc_00006",
  "created_at": "2026-08-30T21:31:43.920146+00:00",
  "feature": "claim_summary",
  "prompt_version": "claim-summary-v1",
  "input_redacted": "Claim [CLAIM NUMBER REDACTED]. Production interruption beginning 09 July 2026, fully resolved within 64 hours. Insured has submitted a business interruption claim for lost revenue during the outage.",
  "redacted_fields": [
    "claim_number:CLM-2026-33592"
  ],
  "retrieval_mode": "hybrid_bm25_rrf",
  "retrieved": [
    {
      "chunk_id": "4fa131d2878b9fbf::0005",
      "doc_id": "4fa131d2878b9fbf",
      "filename": "sample_endorsement_pack.pdf",
      "page": 3,
      "page_end": 3,
      "section_path": "ENDORSEMENT NO. 2 - CYBER AND DATA EXCLUSION > SECTION 2 - EXCLUSION WORDING > 2.",
      "clause_label": "2.",
      "score": 0.0328,
      "text": "(h) the deliberate act of any employee, contractor or agent of the Insured taken with intent to cause a Cyber Incident, whether or not that person was acting within the scope of their employment or engagement, and whether or not the Insured had performed pre-engagement screening on that person.\n\nSECTION 3 - WRITE-BACK FOR PHYSICAL DAMAGE\n\n3. Subject to all other terms of the policy, this exclusion shall not apply to physical loss of or physical damage to insured property arising from fire or explosion which itself results from a Cyber Incident, provided that the fire or explosion is not the result of a Cyber Act committed with intent to cause physical damage.\n\nENDORSEMENT NO. 3 - BUSINESS INTERRUPTION AMENDMENTS\nEffective from 1 October 2024. The Business Interruption section is amended as set out below. All other terms, conditions and exclusions remain unaltered.\n\n1. WAITING PERIOD\nA waiting period of 72 consecutive hours applies to each and every claim under the Business Interruption section. No indemnity is payable in respect of any interruption that is remedied within the waiting period.\n\n2. INDEMNITY PERIOD\nThe maximum indemnity period is extended from 12 months to 18 months from the date on which the interruption begins.\n\n3. NOTIFICATION OF CLAIM\n3. The Insured shall give written notice to the Insurer of any event likely to give rise to a claim under this section within 30 days of that event becoming known to a director or to the risk manager of the Insured. Notice given to the broker alone does not constitute notice to the Insurer.\n\nGENERAL CONDITIONS\n\n1. Cancellation. Either party may cancel this policy by giving 60 days written notice to the other at its last known address. Where the Insurer cancels, a pro rata return of premium shall be made provided no claim has been notified during the Period of Insurance."
    },
    {
      "chunk_id": "4fa131d2878b9fbf::0006",
      "doc_id": "4fa131d2878b9fbf",
      "filename": "sample_endorsement_pack.pdf",
      "page": 3,
      "page_end": 4,
      "section_path": "ENDORSEMENT NO. 3 - BUSINESS INTERRUPTION AMENDMENTS > GENERAL CONDITIONS",
      "clause_label": "GENERAL CONDITIONS",
      "score": 0.032,
      "text": "GENERAL CONDITIONS\n\n1. Cancellation. Either party may cancel this policy by giving 60 days written notice to the other at its last known address. Where the Insurer cancels, a pro rata return of premium shall be made provided no claim has been notified during the Period of Insurance.\n\n2. Governing law. This policy shall be governed by and construed in accordance with the law of England and Wales, and the parties submit to the exclusive jurisdiction of the courts of England and Wales.\n\n3. Premium payment. The premium is due within 45 days of inception. Failure to pay within that period entitles the Insurer to cancel in accordance with General Condition 1 above.\n\nENDORSEMENT NO. 4 - SEQUENTIAL WATER INTRUSION EXCLUSION\nEffective from 1 February 2025. This endorsement is issued under reference END-2024-0417 and adopts the exclusion wording of Form HO-0304 edition 03-24, reproduced at clause 4.3 below, which supersedes and replaces any earlier edition of Form HO-0304 referenced in the Insured's document file.\n\n4.3 Exclusion Code E-17 - Sequential Water Intrusion Events\nExclusion Code E-17 (Form HO-0304, edition 03-24). This policy does not cover loss or damage arising from a second or subsequent Flood event at the same insured location where that event occurs within 60 consecutive days of an earlier Flood event at the same location, regardless of whether a claim was made for the earlier event. This exclusion applies in addition to, and does not narrow, the deductible and sub-limit provisions of clauses 2 and 3 above.\n\n4.4 Interaction with the Flood Defence Condition\nExclusion Code E-17 does not apply where the Insured can demonstrate that the flood barriers, non-return valves and sump pumps required by clause 4.1 were tested and in good working order in the 60 days immediately preceding the second or subsequent Flood event."
    },
    {
      "chunk_id": "4fa131d2878b9fbf::0003",
      "doc_id": "4fa131d2878b9fbf",
      "filename": "sample_endorsement_pack.pdf",
      "page": 2,
      "page_end": 2,
      "section_path": "ENDORSEMENT NO. 2 - CYBER AND DATA EXCLUSION > SECTION 2 - EXCLUSION WORDING > 2.",
      "clause_label": "2.",
      "score": 0.0318,
      "text": "to any action taken in controlling, preventing, suppressing or remediating any Cyber Act or Cyber Incident, and including the cost of any forensic investigation commissioned by the Insured or by any regulator, and including any sum paid or payable to a third party by way of settlement, judgment, award or contractual indemnity in respect of such an act or incident, whether or not the Insured admitted liability;\n(b) any loss of use, reduction in functionality, repair, replacement, restoration or reproduction of any Data, including any amount pertaining to the value of such Data, and including the cost of re-keying, re-entering or otherwise reconstituting Data from source documents where those documents themselves remain undamaged, and including any loss of profit consequent upon such loss of use;\n(c) the failure, malfunction, degradation, unavailability or interruption of any Computer System, whether owned or operated by the Insured or by any third party service provider, cloud host, managed service provider or telecommunications carrier upon which the Insured relies, and whether or not the Insured had a contractual right of recourse against that party;\n(d) the receipt, transmission, distribution or storage of any Malicious Code, whether or not that Malicious Code was introduced deliberately, negligently or inadvertently, and whether or not the Insured had in place anti-malware controls conforming to any recognised standard including ISO 27001 or the National Institute of Standards and Technology Cybersecurity Framework;"
    },
    {
      "chunk_id": "5ccd70c8aadf500e::0001",
      "doc_id": "5ccd70c8aadf500e",
      "filename": "form_ho0304_archive.pdf",
      "page": 1,
      "page_end": 1,
      "section_path": "FORM HO-0304 - EDITION 01-24",
      "clause_label": "FORM HO-0304 - EDITION 01-24",
      "score": 0.031,
      "text": "This policy does not cover loss or damage arising from a second or subsequent Flood event at the same insured location where that event occurs within 45 consecutive days of an earlier Flood event at the same location, save that this exclusion does not apply to a Flood event caused solely by a named windstorm. Superseded by edition 01-24 with effect from 1 January 2024.\n\nFORM HO-0304 - EDITION 01-24\nEXCLUSION CODE E-17 - SEQUENTIAL WATER INTRUSION EVENTS (EDITION 01-24)\n\nExclusion Code E-17 (Form HO-0304, edition 01-24). This policy does not cover loss or damage arising from a second or subsequent Flood event at the same insured location where that event occurs within 55 consecutive days of an earlier Flood event at the same location, save that this exclusion does not apply to a Flood event caused solely by a named windstorm. Superseded by edition 03-24 with effect from 1 February 2025."
    },
    {
      "chunk_id": "4fa131d2878b9fbf::0002",
      "doc_id": "4fa131d2878b9fbf",
      "filename": "sample_endorsement_pack.pdf",
      "page": 1,
      "page_end": 2,
      "section_path": "ENDORSEMENT NO. 1 - FLOOD SUB-LIMIT AMENDMENT > SECTION 4 - CONDITIONS APPLYING TO THIS ENDORSEMENT > 4.2 Exclusions > 4.2.1 Erosion of the sub-limit",
      "clause_label": "4.2.1 Erosion of the sub-limit",
      "score": 0.0308,
      "text": "4.2.1 Erosion of the sub-limit\nEach payment made under this endorsement, including any payment for professional fees and debris removal, erodes the annual aggregate sub-limit stated in clause 2. Once the annual aggregate sub-limit is exhausted no further payment shall be made under this endorsement for the remainder of the Period of Insurance.\n\nENDORSEMENT NO. 2 - CYBER AND DATA EXCLUSION\nEffective from inception. This endorsement applies to every section of the policy and replaces any cyber exclusion previously attached.\n\nSECTION 1 - SCOPE OF THE EXCLUSION\n\n1. This exclusion applies to all coverage afforded by the policy, including any extension, endorsement or memorandum, and applies irrespective of any other cause or event contributing concurrently or in any other sequence to the loss.\n\nSECTION 2 - EXCLUSION WORDING\n\n2. Notwithstanding any provision to the contrary within this policy or any endorsement thereto, this policy excludes any loss, damage, liability, claim, cost or expense of whatsoever nature directly or indirectly caused by, contributed to by, resulting from, arising out of or in connection with any of the following, regardless of any other cause or event contributing concurrently or in any other sequence thereto:\n(a) any Cyber Act or Cyber Incident, including but not limited to any action taken in controlling, preventing, suppressing or remediating any Cyber Act or Cyber Incident, and including the cost of any forensic investigation commissioned by the Insured or by any regulator, and including any sum paid or payable to a third party by way of settlement, judgment, award or contractual indemnity in respect of such an act or incident, whether or not the Insured admitted liability;"
    }
  ],
  "model": "stub:reading-comprehension-v1",
  "params": {
    "effort": "medium",
    "max_tokens": 16000
  },
  "output": {
    "claim_number": "[CLAIM NUMBER REDACTED]",
    "date_of_loss": "09 July 2026",
    "coverage_decision": "denied",
    "cited_exclusion_id": "h",
    "excess_amount": null,
    "summary": "Notes describe circumstances matching an excluded scenario: WAITING PERIOD\nA waiting period of 72 consecutive hours applies to each and every claim under the Business Interruption section.",
    "citations": [
      "4fa131d2878b9fbf::0005"
    ]
  },
  "output_notes": []
}
---
{
  "trace_id": "trc_00007",
  "created_at": "2026-08-30T21:31:43.933043+00:00",
  "feature": "claim_summary",
  "prompt_version": "claim-summary-v1",
  "input_redacted": "Claim [CLAIM NUMBER REDACTED]. Second flood event at the same insured location on 30 March 2026, 34 days after an earlier flood event on 24 February 2026 at the same location. Estimated damage GBP 238,776. Form on file for this policy is HO-0304 edition 03-24.",
  "redacted_fields": [
    "claim_number:CLM-2026-50948"
  ],
  "retrieval_mode": "hybrid_bm25_rrf",
  "retrieved": [
    {
      "chunk_id": "5ccd70c8aadf500e::0001",
      "doc_id": "5ccd70c8aadf500e",
      "filename": "form_ho0304_archive.pdf",
      "page": 1,
      "page_end": 1,
      "section_path": "FORM HO-0304 - EDITION 01-24",
      "clause_label": "FORM HO-0304 - EDITION 01-24",
      "score": 0.0325,
      "text": "This policy does not cover loss or damage arising from a second or subsequent Flood event at the same insured location where that event occurs within 45 consecutive days of an earlier Flood event at the same location, save that this exclusion does not apply to a Flood event caused solely by a named windstorm. Superseded by edition 01-24 with effect from 1 January 2024.\n\nFORM HO-0304 - EDITION 01-24\nEXCLUSION CODE E-17 - SEQUENTIAL WATER INTRUSION EVENTS (EDITION 01-24)\n\nExclusion Code E-17 (Form HO-0304, edition 01-24). This policy does not cover loss or damage arising from a second or subsequent Flood event at the same insured location where that event occurs within 55 consecutive days of an earlier Flood event at the same location, save that this exclusion does not apply to a Flood event caused solely by a named windstorm. Superseded by edition 03-24 with effect from 1 February 2025."
    },
    {
      "chunk_id": "5ccd70c8aadf500e::0000",
      "doc_id": "5ccd70c8aadf500e",
      "filename": "form_ho0304_archive.pdf",
      "page": 1,
      "page_end": 1,
      "section_path": "FORM LIBRARY - ARCHIVED WORDING ON FILE",
      "clause_label": "FORM LIBRARY - ARCHIVED WORDING ON FILE",
      "score": 0.032,
      "text": "FORM LIBRARY - ARCHIVED WORDING ON FILE\nThis file retains prior editions of Form HO-0304 for audit and reference purposes against policy GML-2024-88213. The edition currently endorsed to the policy is 03-24 (see the waterdamage endorsement in the main endorsement pack for its reference number). Earlier editions below are retained for reference only and do not apply to a loss occurring after the date their text says they were superseded.\n\nFORM HO-0304 - EDITION 01-22\nEXCLUSION CODE E-17 - SEQUENTIAL WATER INTRUSION EVENTS (EDITION 01-22)\n\nExclusion Code E-17 (Form HO-0304, edition 01-22). This policy does not cover loss or damage arising from a second or subsequent Flood event at the same insured location where that event occurs within 30 consecutive days of an earlier Flood event at the same location. Superseded by edition 06-22 with effect from 1 June 2022.\n\nFORM HO-0304 - EDITION 06-22\nEXCLUSION CODE E-17 - SEQUENTIAL WATER INTRUSION EVENTS (EDITION 06-22)\n\nExclusion Code E-17 (Form HO-0304, edition 06-22). This policy does not cover loss or damage arising from a second or subsequent Flood event at the same insured location where that event occurs within 35 consecutive days of an earlier Flood event at the same location. Superseded by edition 09-23 with effect from 1 September 2023.\n\nFORM HO-0304 - EDITION 09-23\nEXCLUSION CODE E-17 - SEQUENTIAL WATER INTRUSION EVENTS (EDITION 09-23)\n\nExclusion Code E-17 (Form HO-0304, edition 09-23). This policy does not cover loss or damage arising from a second or subsequent Flood event at the same insured location where that event occurs within 45 consecutive days of an earlier Flood event at the same location, save that this exclusion does not apply to a Flood event caused solely by a named windstorm. Superseded by edition 01-24 with effect from 1 January 2024."
    },
    {
      "chunk_id": "4fa131d2878b9fbf::0000",
      "doc_id": "4fa131d2878b9fbf",
      "filename": "sample_endorsement_pack.pdf",
      "page": 1,
      "page_end": 1,
      "section_path": "GLOBAL MANUFACTURING LTD",
      "clause_label": "GLOBAL MANUFACTURING LTD",
      "score": 0.0318,
      "text": "GLOBAL MANUFACTURING LTD\n\nCOMMERCIAL PROPERTY AND LIABILITY ENDORSEMENT PACK\nPolicy Number GML-2024-88213. Period of Insurance: 1 April 2024 to 31 March 2025, both dates inclusive at the address of the Insured. This pack records every endorsement attached to the policy and supersedes any endorsement schedule issued previously.\n\nENDORSEMENT NO. 1 - FLOOD SUB-LIMIT AMENDMENT\nEffective from 1 June 2024. In consideration of the additional premium of GBP 42,750 the following amendments are made to the Property Damage section of the policy.\n\n1. DEFINITIONS\n\n1.1 Flood means the escape of water from the normal confines of any natural or artificial watercourse, lake, reservoir, canal or dam, or inundation from the sea, whether driven by storm or otherwise.\n\n1.2 Flood Zone means any location identified as Zone 2 or Zone 3 on the Environment Agency Flood Map for Planning current at the inception of this endorsement.\n\n2. AMENDMENT TO LIMIT\nThe sub-limit applicable to loss or damage caused by Flood is amended from GBP 2,500,000 to GBP 5,000,000 in the annual aggregate. The revised sub-limit applies to all insured locations combined and is part of, and not in addition to, the policy limit of GBP 40,000,000 any one occurrence.\n\n3. DEDUCTIBLE\nA deductible of GBP 250,000 each and every loss applies to loss or damage caused by Flood at any location within a Flood Zone. At all other locations the standard property deductible of GBP 50,000 each and every loss continues to apply.\n\nSECTION 4 - CONDITIONS APPLYING TO THIS ENDORSEMENT"
    },
    {
      "chunk_id": "4fa131d2878b9fbf::0001",
      "doc_id": "4fa131d2878b9fbf",
      "filename": "sample_endorsement_pack.pdf",
      "page": 1,
      "page_end": 2,
      "section_path": "ENDORSEMENT NO. 1 - FLOOD SUB-LIMIT AMENDMENT > 3. DEDUCTIBLE",
      "clause_label": "3. DEDUCTIBLE",
      "score": 0.0313,
      "text": "3. DEDUCTIBLE\nA deductible of GBP 250,000 each and every loss applies to loss or damage caused by Flood at any location within a Flood Zone. At all other locations the standard property deductible of GBP 50,000 each and every loss continues to apply.\n\nSECTION 4 - CONDITIONS APPLYING TO THIS ENDORSEMENT\n\n4.1 Flood Defence Maintenance\nThe Insured shall maintain all demountable flood barriers, non-return valves and sump pumps at each insured location in good and effective working order, and shall test them at intervals of not more than six months. A written record of each test shall be kept for a period of three years and produced to the Insurer on request.\n\n4.2 Exclusions\nNotwithstanding anything to the contrary in the policy, this endorsement does not cover loss, damage, cost or expense arising directly or indirectly out of:\n\n(a) subsidence, ground heave or landslip, whether or not caused or contributed to by Flood; (b) loss of or damage to growing crops, standing timber, or livestock in the open; (c) any property in the course of construction, erection or installation where the contract value exceeds GBP 1,000,000; (d) loss or damage to stock stored below ground level unless raised at least 150 millimetres above the finished floor level; (e) any fine, penalty or punitive damages levied by a regulator following a Flood event.\n\n4.2.1 Erosion of the sub-limit\nEach payment made under this endorsement, including any payment for professional fees and debris removal, erodes the annual aggregate sub-limit stated in clause 2. Once the annual aggregate sub-limit is exhausted no further payment shall be made under this endorsement for the remainder of the Period of Insurance."
    },
    {
      "chunk_id": "4fa131d2878b9fbf::0006",
      "doc_id": "4fa131d2878b9fbf",
      "filename": "sample_endorsement_pack.pdf",
      "page": 3,
      "page_end": 4,
      "section_path": "ENDORSEMENT NO. 3 - BUSINESS INTERRUPTION AMENDMENTS > GENERAL CONDITIONS",
      "clause_label": "GENERAL CONDITIONS",
      "score": 0.0313,
      "text": "GENERAL CONDITIONS\n\n1. Cancellation. Either party may cancel this policy by giving 60 days written notice to the other at its last known address. Where the Insurer cancels, a pro rata return of premium shall be made provided no claim has been notified during the Period of Insurance.\n\n2. Governing law. This policy shall be governed by and construed in accordance with the law of England and Wales, and the parties submit to the exclusive jurisdiction of the courts of England and Wales.\n\n3. Premium payment. The premium is due within 45 days of inception. Failure to pay within that period entitles the Insurer to cancel in accordance with General Condition 1 above.\n\nENDORSEMENT NO. 4 - SEQUENTIAL WATER INTRUSION EXCLUSION\nEffective from 1 February 2025. This endorsement is issued under reference END-2024-0417 and adopts the exclusion wording of Form HO-0304 edition 03-24, reproduced at clause 4.3 below, which supersedes and replaces any earlier edition of Form HO-0304 referenced in the Insured's document file.\n\n4.3 Exclusion Code E-17 - Sequential Water Intrusion Events\nExclusion Code E-17 (Form HO-0304, edition 03-24). This policy does not cover loss or damage arising from a second or subsequent Flood event at the same insured location where that event occurs within 60 consecutive days of an earlier Flood event at the same location, regardless of whether a claim was made for the earlier event. This exclusion applies in addition to, and does not narrow, the deductible and sub-limit provisions of clauses 2 and 3 above.\n\n4.4 Interaction with the Flood Defence Condition\nExclusion Code E-17 does not apply where the Insured can demonstrate that the flood barriers, non-return valves and sump pumps required by clause 4.1 were tested and in good working order in the 60 days immediately preceding the second or subsequent Flood event."
    }
  ],
  "model": "stub:reading-comprehension-v1",
  "params": {
    "effort": "medium",
    "max_tokens": 16000
  },
  "output": {
    "claim_number": "[CLAIM NUMBER REDACTED]",
    "date_of_loss": "30 March 2026",
    "coverage_decision": "denied",
    "cited_exclusion_id": null,
    "excess_amount": null,
    "summary": "Notes describe circumstances matching an excluded scenario: This policy does not cover loss or damage arising from a second or subsequent Flood event at the same insured location where that event occurs within 30 consecutive days of an earlier Flood event at the same location.",
    "citations": [
      "5ccd70c8aadf500e::0000"
    ]
  },
  "output_notes": []
}
---
{
  "trace_id": "trc_00008",
  "created_at": "2026-08-30T21:31:43.944918+00:00",
  "feature": "claim_summary",
  "prompt_version": "claim-summary-v1",
  "input_redacted": "Claim [CLAIM NUMBER REDACTED]. Water ingress on 18 March 2026; insured's stock was stored on racking 200mm above the finished floor level per their usual practice. Estimated damage GBP 177,253.",
  "redacted_fields": [
    "claim_number:CLM-2026-39954"
  ],
  "retrieval_mode": "hybrid_bm25_rrf",
  "retrieved": [
    {
      "chunk_id": "4fa131d2878b9fbf::0001",
      "doc_id": "4fa131d2878b9fbf",
      "filename": "sample_endorsement_pack.pdf",
      "page": 1,
      "page_end": 2,
      "section_path": "ENDORSEMENT NO. 1 - FLOOD SUB-LIMIT AMENDMENT > 3. DEDUCTIBLE",
      "clause_label": "3. DEDUCTIBLE",
      "score": 0.0328,
      "text": "3. DEDUCTIBLE\nA deductible of GBP 250,000 each and every loss applies to loss or damage caused by Flood at any location within a Flood Zone. At all other locations the standard property deductible of GBP 50,000 each and every loss continues to apply.\n\nSECTION 4 - CONDITIONS APPLYING TO THIS ENDORSEMENT\n\n4.1 Flood Defence Maintenance\nThe Insured shall maintain all demountable flood barriers, non-return valves and sump pumps at each insured location in good and effective working order, and shall test them at intervals of not more than six months. A written record of each test shall be kept for a period of three years and produced to the Insurer on request.\n\n4.2 Exclusions\nNotwithstanding anything to the contrary in the policy, this endorsement does not cover loss, damage, cost or expense arising directly or indirectly out of:\n\n(a) subsidence, ground heave or landslip, whether or not caused or contributed to by Flood; (b) loss of or damage to growing crops, standing timber, or livestock in the open; (c) any property in the course of construction, erection or installation where the contract value exceeds GBP 1,000,000; (d) loss or damage to stock stored below ground level unless raised at least 150 millimetres above the finished floor level; (e) any fine, penalty or punitive damages levied by a regulator following a Flood event.\n\n4.2.1 Erosion of the sub-limit\nEach payment made under this endorsement, including any payment for professional fees and debris removal, erodes the annual aggregate sub-limit stated in clause 2. Once the annual aggregate sub-limit is exhausted no further payment shall be made under this endorsement for the remainder of the Period of Insurance."
    },
    {
      "chunk_id": "4fa131d2878b9fbf::0000",
      "doc_id": "4fa131d2878b9fbf",
      "filename": "sample_endorsement_pack.pdf",
      "page": 1,
      "page_end": 1,
      "section_path": "GLOBAL MANUFACTURING LTD",
      "clause_label": "GLOBAL MANUFACTURING LTD",
      "score": 0.0323,
      "text": "GLOBAL MANUFACTURING LTD\n\nCOMMERCIAL PROPERTY AND LIABILITY ENDORSEMENT PACK\nPolicy Number GML-2024-88213. Period of Insurance: 1 April 2024 to 31 March 2025, both dates inclusive at the address of the Insured. This pack records every endorsement attached to the policy and supersedes any endorsement schedule issued previously.\n\nENDORSEMENT NO. 1 - FLOOD SUB-LIMIT AMENDMENT\nEffective from 1 June 2024. In consideration of the additional premium of GBP 42,750 the following amendments are made to the Property Damage section of the policy.\n\n1. DEFINITIONS\n\n1.1 Flood means the escape of water from the normal confines of any natural or artificial watercourse, lake, reservoir, canal or dam, or inundation from the sea, whether driven by storm or otherwise.\n\n1.2 Flood Zone means any location identified as Zone 2 or Zone 3 on the Environment Agency Flood Map for Planning current at the inception of this endorsement.\n\n2. AMENDMENT TO LIMIT\nThe sub-limit applicable to loss or damage caused by Flood is amended from GBP 2,500,000 to GBP 5,000,000 in the annual aggregate. The revised sub-limit applies to all insured locations combined and is part of, and not in addition to, the policy limit of GBP 40,000,000 any one occurrence.\n\n3. DEDUCTIBLE\nA deductible of GBP 250,000 each and every loss applies to loss or damage caused by Flood at any location within a Flood Zone. At all other locations the standard property deductible of GBP 50,000 each and every loss continues to apply.\n\nSECTION 4 - CONDITIONS APPLYING TO THIS ENDORSEMENT"
    },
    {
      "chunk_id": "4fa131d2878b9fbf::0006",
      "doc_id": "4fa131d2878b9fbf",
      "filename": "sample_endorsement_pack.pdf",
      "page": 3,
      "page_end": 4,
      "section_path": "ENDORSEMENT NO. 3 - BUSINESS INTERRUPTION AMENDMENTS > GENERAL CONDITIONS",
      "clause_label": "GENERAL CONDITIONS",
      "score": 0.0312,
      "text": "GENERAL CONDITIONS\n\n1. Cancellation. Either party may cancel this policy by giving 60 days written notice to the other at its last known address. Where the Insurer cancels, a pro rata return of premium shall be made provided no claim has been notified during the Period of Insurance.\n\n2. Governing law. This policy shall be governed by and construed in accordance with the law of England and Wales, and the parties submit to the exclusive jurisdiction of the courts of England and Wales.\n\n3. Premium payment. The premium is due within 45 days of inception. Failure to pay within that period entitles the Insurer to cancel in accordance with General Condition 1 above.\n\nENDORSEMENT NO. 4 - SEQUENTIAL WATER INTRUSION EXCLUSION\nEffective from 1 February 2025. This endorsement is issued under reference END-2024-0417 and adopts the exclusion wording of Form HO-0304 edition 03-24, reproduced at clause 4.3 below, which supersedes and replaces any earlier edition of Form HO-0304 referenced in the Insured's document file.\n\n4.3 Exclusion Code E-17 - Sequential Water Intrusion Events\nExclusion Code E-17 (Form HO-0304, edition 03-24). This policy does not cover loss or damage arising from a second or subsequent Flood event at the same insured location where that event occurs within 60 consecutive days of an earlier Flood event at the same location, regardless of whether a claim was made for the earlier event. This exclusion applies in addition to, and does not narrow, the deductible and sub-limit provisions of clauses 2 and 3 above.\n\n4.4 Interaction with the Flood Defence Condition\nExclusion Code E-17 does not apply where the Insured can demonstrate that the flood barriers, non-return valves and sump pumps required by clause 4.1 were tested and in good working order in the 60 days immediately preceding the second or subsequent Flood event."
    },
    {
      "chunk_id": "5ccd70c8aadf500e::0000",
      "doc_id": "5ccd70c8aadf500e",
      "filename": "form_ho0304_archive.pdf",
      "page": 1,
      "page_end": 1,
      "section_path": "FORM LIBRARY - ARCHIVED WORDING ON FILE",
      "clause_label": "FORM LIBRARY - ARCHIVED WORDING ON FILE",
      "score": 0.0308,
      "text": "FORM LIBRARY - ARCHIVED WORDING ON FILE\nThis file retains prior editions of Form HO-0304 for audit and reference purposes against policy GML-2024-88213. The edition currently endorsed to the policy is 03-24 (see the waterdamage endorsement in the main endorsement pack for its reference number). Earlier editions below are retained for reference only and do not apply to a loss occurring after the date their text says they were superseded.\n\nFORM HO-0304 - EDITION 01-22\nEXCLUSION CODE E-17 - SEQUENTIAL WATER INTRUSION EVENTS (EDITION 01-22)\n\nExclusion Code E-17 (Form HO-0304, edition 01-22). This policy does not cover loss or damage arising from a second or subsequent Flood event at the same insured location where that event occurs within 30 consecutive days of an earlier Flood event at the same location. Superseded by edition 06-22 with effect from 1 June 2022.\n\nFORM HO-0304 - EDITION 06-22\nEXCLUSION CODE E-17 - SEQUENTIAL WATER INTRUSION EVENTS (EDITION 06-22)\n\nExclusion Code E-17 (Form HO-0304, edition 06-22). This policy does not cover loss or damage arising from a second or subsequent Flood event at the same insured location where that event occurs within 35 consecutive days of an earlier Flood event at the same location. Superseded by edition 09-23 with effect from 1 September 2023.\n\nFORM HO-0304 - EDITION 09-23\nEXCLUSION CODE E-17 - SEQUENTIAL WATER INTRUSION EVENTS (EDITION 09-23)\n\nExclusion Code E-17 (Form HO-0304, edition 09-23). This policy does not cover loss or damage arising from a second or subsequent Flood event at the same insured location where that event occurs within 45 consecutive days of an earlier Flood event at the same location, save that this exclusion does not apply to a Flood event caused solely by a named windstorm. Superseded by edition 01-24 with effect from 1 January 2024."
    },
    {
      "chunk_id": "4fa131d2878b9fbf::0005",
      "doc_id": "4fa131d2878b9fbf",
      "filename": "sample_endorsement_pack.pdf",
      "page": 3,
      "page_end": 3,
      "section_path": "ENDORSEMENT NO. 2 - CYBER AND DATA EXCLUSION > SECTION 2 - EXCLUSION WORDING > 2.",
      "clause_label": "2.",
      "score": 0.0306,
      "text": "(h) the deliberate act of any employee, contractor or agent of the Insured taken with intent to cause a Cyber Incident, whether or not that person was acting within the scope of their employment or engagement, and whether or not the Insured had performed pre-engagement screening on that person.\n\nSECTION 3 - WRITE-BACK FOR PHYSICAL DAMAGE\n\n3. Subject to all other terms of the policy, this exclusion shall not apply to physical loss of or physical damage to insured property arising from fire or explosion which itself results from a Cyber Incident, provided that the fire or explosion is not the result of a Cyber Act committed with intent to cause physical damage.\n\nENDORSEMENT NO. 3 - BUSINESS INTERRUPTION AMENDMENTS\nEffective from 1 October 2024. The Business Interruption section is amended as set out below. All other terms, conditions and exclusions remain unaltered.\n\n1. WAITING PERIOD\nA waiting period of 72 consecutive hours applies to each and every claim under the Business Interruption section. No indemnity is payable in respect of any interruption that is remedied within the waiting period.\n\n2. INDEMNITY PERIOD\nThe maximum indemnity period is extended from 12 months to 18 months from the date on which the interruption begins.\n\n3. NOTIFICATION OF CLAIM\n3. The Insured shall give written notice to the Insurer of any event likely to give rise to a claim under this section within 30 days of that event becoming known to a director or to the risk manager of the Insured. Notice given to the broker alone does not constitute notice to the Insurer.\n\nGENERAL CONDITIONS\n\n1. Cancellation. Either party may cancel this policy by giving 60 days written notice to the other at its last known address. Where the Insurer cancels, a pro rata return of premium shall be made provided no claim has been notified during the Period of Insurance."
    }
  ],
  "model": "stub:reading-comprehension-v1",
  "params": {
    "effort": "medium",
    "max_tokens": 16000
  },
  "output": {
    "claim_number": "[CLAIM NUMBER REDACTED]",
    "date_of_loss": "18 March 2026",
    "coverage_decision": "covered",
    "cited_exclusion_id": null,
    "excess_amount": 250000.0,
    "summary": "Notes match an insured peril: (d) loss or damage to stock stored below ground level unless raised at least 150 millimetres above the finished floor level;",
    "citations": [
      "4fa131d2878b9fbf::0001"
    ]
  },
  "output_notes": []
}
---
{
  "trace_id": "trc_00009",
  "created_at": "2026-08-30T21:31:43.956529+00:00",
  "feature": "claim_summary",
  "prompt_version": "claim-summary-v1",
  "input_redacted": "Claim [CLAIM NUMBER REDACTED]. Insured reports ground movement and cracking to the warehouse wall following the flood event of 10 July 2026; structural engineer's report attributes the cracking to subsidence triggered by the flood saturating the foundations. Claimed amount GBP 165,149.",
  "redacted_fields": [
    "claim_number:CLM-2026-67214"
  ],
  "retrieval_mode": "hybrid_bm25_rrf",
  "retrieved": [
    {
      "chunk_id": "4fa131d2878b9fbf::0001",
      "doc_id": "4fa131d2878b9fbf",
      "filename": "sample_endorsement_pack.pdf",
      "page": 1,
      "page_end": 2,
      "section_path": "ENDORSEMENT NO. 1 - FLOOD SUB-LIMIT AMENDMENT > 3. DEDUCTIBLE",
      "clause_label": "3. DEDUCTIBLE",
      "score": 0.0325,
      "text": "3. DEDUCTIBLE\nA deductible of GBP 250,000 each and every loss applies to loss or damage caused by Flood at any location within a Flood Zone. At all other locations the standard property deductible of GBP 50,000 each and every loss continues to apply.\n\nSECTION 4 - CONDITIONS APPLYING TO THIS ENDORSEMENT\n\n4.1 Flood Defence Maintenance\nThe Insured shall maintain all demountable flood barriers, non-return valves and sump pumps at each insured location in good and effective working order, and shall test them at intervals of not more than six months. A written record of each test shall be kept for a period of three years and produced to the Insurer on request.\n\n4.2 Exclusions\nNotwithstanding anything to the contrary in the policy, this endorsement does not cover loss, damage, cost or expense arising directly or indirectly out of:\n\n(a) subsidence, ground heave or landslip, whether or not caused or contributed to by Flood; (b) loss of or damage to growing crops, standing timber, or livestock in the open; (c) any property in the course of construction, erection or installation where the contract value exceeds GBP 1,000,000; (d) loss or damage to stock stored below ground level unless raised at least 150 millimetres above the finished floor level; (e) any fine, penalty or punitive damages levied by a regulator following a Flood event.\n\n4.2.1 Erosion of the sub-limit\nEach payment made under this endorsement, including any payment for professional fees and debris removal, erodes the annual aggregate sub-limit stated in clause 2. Once the annual aggregate sub-limit is exhausted no further payment shall be made under this endorsement for the remainder of the Period of Insurance."
    },
    {
      "chunk_id": "4fa131d2878b9fbf::0000",
      "doc_id": "4fa131d2878b9fbf",
      "filename": "sample_endorsement_pack.pdf",
      "page": 1,
      "page_end": 1,
      "section_path": "GLOBAL MANUFACTURING LTD",
      "clause_label": "GLOBAL MANUFACTURING LTD",
      "score": 0.0323,
      "text": "GLOBAL MANUFACTURING LTD\n\nCOMMERCIAL PROPERTY AND LIABILITY ENDORSEMENT PACK\nPolicy Number GML-2024-88213. Period of Insurance: 1 April 2024 to 31 March 2025, both dates inclusive at the address of the Insured. This pack records every endorsement attached to the policy and supersedes any endorsement schedule issued previously.\n\nENDORSEMENT NO. 1 - FLOOD SUB-LIMIT AMENDMENT\nEffective from 1 June 2024. In consideration of the additional premium of GBP 42,750 the following amendments are made to the Property Damage section of the policy.\n\n1. DEFINITIONS\n\n1.1 Flood means the escape of water from the normal confines of any natural or artificial watercourse, lake, reservoir, canal or dam, or inundation from the sea, whether driven by storm or otherwise.\n\n1.2 Flood Zone means any location identified as Zone 2 or Zone 3 on the Environment Agency Flood Map for Planning current at the inception of this endorsement.\n\n2. AMENDMENT TO LIMIT\nThe sub-limit applicable to loss or damage caused by Flood is amended from GBP 2,500,000 to GBP 5,000,000 in the annual aggregate. The revised sub-limit applies to all insured locations combined and is part of, and not in addition to, the policy limit of GBP 40,000,000 any one occurrence.\n\n3. DEDUCTIBLE\nA deductible of GBP 250,000 each and every loss applies to loss or damage caused by Flood at any location within a Flood Zone. At all other locations the standard property deductible of GBP 50,000 each and every loss continues to apply.\n\nSECTION 4 - CONDITIONS APPLYING TO THIS ENDORSEMENT"
    },
    {
      "chunk_id": "5ccd70c8aadf500e::0001",
      "doc_id": "5ccd70c8aadf500e",
      "filename": "form_ho0304_archive.pdf",
      "page": 1,
      "page_end": 1,
      "section_path": "FORM HO-0304 - EDITION 01-24",
      "clause_label": "FORM HO-0304 - EDITION 01-24",
      "score": 0.0315,
      "text": "This policy does not cover loss or damage arising from a second or subsequent Flood event at the same insured location where that event occurs within 45 consecutive days of an earlier Flood event at the same location, save that this exclusion does not apply to a Flood event caused solely by a named windstorm. Superseded by edition 01-24 with effect from 1 January 2024.\n\nFORM HO-0304 - EDITION 01-24\nEXCLUSION CODE E-17 - SEQUENTIAL WATER INTRUSION EVENTS (EDITION 01-24)\n\nExclusion Code E-17 (Form HO-0304, edition 01-24). This policy does not cover loss or damage arising from a second or subsequent Flood event at the same insured location where that event occurs within 55 consecutive days of an earlier Flood event at the same location, save that this exclusion does not apply to a Flood event caused solely by a named windstorm. Superseded by edition 03-24 with effect from 1 February 2025."
    },
    {
      "chunk_id": "4fa131d2878b9fbf::0006",
      "doc_id": "4fa131d2878b9fbf",
      "filename": "sample_endorsement_pack.pdf",
      "page": 3,
      "page_end": 4,
      "section_path": "ENDORSEMENT NO. 3 - BUSINESS INTERRUPTION AMENDMENTS > GENERAL CONDITIONS",
      "clause_label": "GENERAL CONDITIONS",
      "score": 0.0313,
      "text": "GENERAL CONDITIONS\n\n1. Cancellation. Either party may cancel this policy by giving 60 days written notice to the other at its last known address. Where the Insurer cancels, a pro rata return of premium shall be made provided no claim has been notified during the Period of Insurance.\n\n2. Governing law. This policy shall be governed by and construed in accordance with the law of England and Wales, and the parties submit to the exclusive jurisdiction of the courts of England and Wales.\n\n3. Premium payment. The premium is due within 45 days of inception. Failure to pay within that period entitles the Insurer to cancel in accordance with General Condition 1 above.\n\nENDORSEMENT NO. 4 - SEQUENTIAL WATER INTRUSION EXCLUSION\nEffective from 1 February 2025. This endorsement is issued under reference END-2024-0417 and adopts the exclusion wording of Form HO-0304 edition 03-24, reproduced at clause 4.3 below, which supersedes and replaces any earlier edition of Form HO-0304 referenced in the Insured's document file.\n\n4.3 Exclusion Code E-17 - Sequential Water Intrusion Events\nExclusion Code E-17 (Form HO-0304, edition 03-24). This policy does not cover loss or damage arising from a second or subsequent Flood event at the same insured location where that event occurs within 60 consecutive days of an earlier Flood event at the same location, regardless of whether a claim was made for the earlier event. This exclusion applies in addition to, and does not narrow, the deductible and sub-limit provisions of clauses 2 and 3 above.\n\n4.4 Interaction with the Flood Defence Condition\nExclusion Code E-17 does not apply where the Insured can demonstrate that the flood barriers, non-return valves and sump pumps required by clause 4.1 were tested and in good working order in the 60 days immediately preceding the second or subsequent Flood event."
    },
    {
      "chunk_id": "5ccd70c8aadf500e::0000",
      "doc_id": "5ccd70c8aadf500e",
      "filename": "form_ho0304_archive.pdf",
      "page": 1,
      "page_end": 1,
      "section_path": "FORM LIBRARY - ARCHIVED WORDING ON FILE",
      "clause_label": "FORM LIBRARY - ARCHIVED WORDING ON FILE",
      "score": 0.0308,
      "text": "FORM LIBRARY - ARCHIVED WORDING ON FILE\nThis file retains prior editions of Form HO-0304 for audit and reference purposes against policy GML-2024-88213. The edition currently endorsed to the policy is 03-24 (see the waterdamage endorsement in the main endorsement pack for its reference number). Earlier editions below are retained for reference only and do not apply to a loss occurring after the date their text says they were superseded.\n\nFORM HO-0304 - EDITION 01-22\nEXCLUSION CODE E-17 - SEQUENTIAL WATER INTRUSION EVENTS (EDITION 01-22)\n\nExclusion Code E-17 (Form HO-0304, edition 01-22). This policy does not cover loss or damage arising from a second or subsequent Flood event at the same insured location where that event occurs within 30 consecutive days of an earlier Flood event at the same location. Superseded by edition 06-22 with effect from 1 June 2022.\n\nFORM HO-0304 - EDITION 06-22\nEXCLUSION CODE E-17 - SEQUENTIAL WATER INTRUSION EVENTS (EDITION 06-22)\n\nExclusion Code E-17 (Form HO-0304, edition 06-22). This policy does not cover loss or damage arising from a second or subsequent Flood event at the same insured location where that event occurs within 35 consecutive days of an earlier Flood event at the same location. Superseded by edition 09-23 with effect from 1 September 2023.\n\nFORM HO-0304 - EDITION 09-23\nEXCLUSION CODE E-17 - SEQUENTIAL WATER INTRUSION EVENTS (EDITION 09-23)\n\nExclusion Code E-17 (Form HO-0304, edition 09-23). This policy does not cover loss or damage arising from a second or subsequent Flood event at the same insured location where that event occurs within 45 consecutive days of an earlier Flood event at the same location, save that this exclusion does not apply to a Flood event caused solely by a named windstorm. Superseded by edition 01-24 with effect from 1 January 2024."
    }
  ],
  "model": "stub:reading-comprehension-v1",
  "params": {
    "effort": "medium",
    "max_tokens": 16000
  },
  "output": {
    "claim_number": "[CLAIM NUMBER REDACTED]",
    "date_of_loss": "10 July 2026",
    "coverage_decision": "covered",
    "cited_exclusion_id": null,
    "excess_amount": 250000.0,
    "summary": "Notes match an insured peril: 4.2 Exclusions\nNotwithstanding anything to the contrary in the policy, this endorsement does not cover loss, damage, cost or expense arising directly or indirectly out of:\n\n(a) subsidence, ground heave or landslip, whether or not caused or contributed to by Flood;",
    "citations": [
      "4fa131d2878b9fbf::0001"
    ]
  },
  "output_notes": []
}
---
{
  "trace_id": "trc_00010",
  "created_at": "2026-08-30T21:31:43.969498+00:00",
  "feature": "claim_summary",
  "prompt_version": "claim-summary-v1",
  "input_redacted": "Claim [CLAIM NUMBER REDACTED]. Insured reports a company vehicle involved in a collision on 17 June 2026 while making a delivery; driver cited for careless driving. Claimed repair cost GBP 13,230. Insured asks whether this is covered under this policy.",
  "redacted_fields": [
    "claim_number:CLM-2026-89828"
  ],
  "retrieval_mode": "hybrid_bm25_rrf",
  "retrieved": [
    {
      "chunk_id": "4fa131d2878b9fbf::0000",
      "doc_id": "4fa131d2878b9fbf",
      "filename": "sample_endorsement_pack.pdf",
      "page": 1,
      "page_end": 1,
      "section_path": "GLOBAL MANUFACTURING LTD",
      "clause_label": "GLOBAL MANUFACTURING LTD",
      "score": 0.0325,
      "text": "GLOBAL MANUFACTURING LTD\n\nCOMMERCIAL PROPERTY AND LIABILITY ENDORSEMENT PACK\nPolicy Number GML-2024-88213. Period of Insurance: 1 April 2024 to 31 March 2025, both dates inclusive at the address of the Insured. This pack records every endorsement attached to the policy and supersedes any endorsement schedule issued previously.\n\nENDORSEMENT NO. 1 - FLOOD SUB-LIMIT AMENDMENT\nEffective from 1 June 2024. In consideration of the additional premium of GBP 42,750 the following amendments are made to the Property Damage section of the policy.\n\n1. DEFINITIONS\n\n1.1 Flood means the escape of water from the normal confines of any natural or artificial watercourse, lake, reservoir, canal or dam, or inundation from the sea, whether driven by storm or otherwise.\n\n1.2 Flood Zone means any location identified as Zone 2 or Zone 3 on the Environment Agency Flood Map for Planning current at the inception of this endorsement.\n\n2. AMENDMENT TO LIMIT\nThe sub-limit applicable to loss or damage caused by Flood is amended from GBP 2,500,000 to GBP 5,000,000 in the annual aggregate. The revised sub-limit applies to all insured locations combined and is part of, and not in addition to, the policy limit of GBP 40,000,000 any one occurrence.\n\n3. DEDUCTIBLE\nA deductible of GBP 250,000 each and every loss applies to loss or damage caused by Flood at any location within a Flood Zone. At all other locations the standard property deductible of GBP 50,000 each and every loss continues to apply.\n\nSECTION 4 - CONDITIONS APPLYING TO THIS ENDORSEMENT"
    },
    {
      "chunk_id": "4fa131d2878b9fbf::0001",
      "doc_id": "4fa131d2878b9fbf",
      "filename": "sample_endorsement_pack.pdf",
      "page": 1,
      "page_end": 2,
      "section_path": "ENDORSEMENT NO. 1 - FLOOD SUB-LIMIT AMENDMENT > 3. DEDUCTIBLE",
      "clause_label": "3. DEDUCTIBLE",
      "score": 0.0315,
      "text": "3. DEDUCTIBLE\nA deductible of GBP 250,000 each and every loss applies to loss or damage caused by Flood at any location within a Flood Zone. At all other locations the standard property deductible of GBP 50,000 each and every loss continues to apply.\n\nSECTION 4 - CONDITIONS APPLYING TO THIS ENDORSEMENT\n\n4.1 Flood Defence Maintenance\nThe Insured shall maintain all demountable flood barriers, non-return valves and sump pumps at each insured location in good and effective working order, and shall test them at intervals of not more than six months. A written record of each test shall be kept for a period of three years and produced to the Insurer on request.\n\n4.2 Exclusions\nNotwithstanding anything to the contrary in the policy, this endorsement does not cover loss, damage, cost or expense arising directly or indirectly out of:\n\n(a) subsidence, ground heave or landslip, whether or not caused or contributed to by Flood; (b) loss of or damage to growing crops, standing timber, or livestock in the open; (c) any property in the course of construction, erection or installation where the contract value exceeds GBP 1,000,000; (d) loss or damage to stock stored below ground level unless raised at least 150 millimetres above the finished floor level; (e) any fine, penalty or punitive damages levied by a regulator following a Flood event.\n\n4.2.1 Erosion of the sub-limit\nEach payment made under this endorsement, including any payment for professional fees and debris removal, erodes the annual aggregate sub-limit stated in clause 2. Once the annual aggregate sub-limit is exhausted no further payment shall be made under this endorsement for the remainder of the Period of Insurance."
    },
    {
      "chunk_id": "4fa131d2878b9fbf::0006",
      "doc_id": "4fa131d2878b9fbf",
      "filename": "sample_endorsement_pack.pdf",
      "page": 3,
      "page_end": 4,
      "section_path": "ENDORSEMENT NO. 3 - BUSINESS INTERRUPTION AMENDMENTS > GENERAL CONDITIONS",
      "clause_label": "GENERAL CONDITIONS",
      "score": 0.0313,
      "text": "GENERAL CONDITIONS\n\n1. Cancellation. Either party may cancel this policy by giving 60 days written notice to the other at its last known address. Where the Insurer cancels, a pro rata return of premium shall be made provided no claim has been notified during the Period of Insurance.\n\n2. Governing law. This policy shall be governed by and construed in accordance with the law of England and Wales, and the parties submit to the exclusive jurisdiction of the courts of England and Wales.\n\n3. Premium payment. The premium is due within 45 days of inception. Failure to pay within that period entitles the Insurer to cancel in accordance with General Condition 1 above.\n\nENDORSEMENT NO. 4 - SEQUENTIAL WATER INTRUSION EXCLUSION\nEffective from 1 February 2025. This endorsement is issued under reference END-2024-0417 and adopts the exclusion wording of Form HO-0304 edition 03-24, reproduced at clause 4.3 below, which supersedes and replaces any earlier edition of Form HO-0304 referenced in the Insured's document file.\n\n4.3 Exclusion Code E-17 - Sequential Water Intrusion Events\nExclusion Code E-17 (Form HO-0304, edition 03-24). This policy does not cover loss or damage arising from a second or subsequent Flood event at the same insured location where that event occurs within 60 consecutive days of an earlier Flood event at the same location, regardless of whether a claim was made for the earlier event. This exclusion applies in addition to, and does not narrow, the deductible and sub-limit provisions of clauses 2 and 3 above.\n\n4.4 Interaction with the Flood Defence Condition\nExclusion Code E-17 does not apply where the Insured can demonstrate that the flood barriers, non-return valves and sump pumps required by clause 4.1 were tested and in good working order in the 60 days immediately preceding the second or subsequent Flood event."
    },
    {
      "chunk_id": "4fa131d2878b9fbf::0005",
      "doc_id": "4fa131d2878b9fbf",
      "filename": "sample_endorsement_pack.pdf",
      "page": 3,
      "page_end": 3,
      "section_path": "ENDORSEMENT NO. 2 - CYBER AND DATA EXCLUSION > SECTION 2 - EXCLUSION WORDING > 2.",
      "clause_label": "2.",
      "score": 0.0313,
      "text": "(h) the deliberate act of any employee, contractor or agent of the Insured taken with intent to cause a Cyber Incident, whether or not that person was acting within the scope of their employment or engagement, and whether or not the Insured had performed pre-engagement screening on that person.\n\nSECTION 3 - WRITE-BACK FOR PHYSICAL DAMAGE\n\n3. Subject to all other terms of the policy, this exclusion shall not apply to physical loss of or physical damage to insured property arising from fire or explosion which itself results from a Cyber Incident, provided that the fire or explosion is not the result of a Cyber Act committed with intent to cause physical damage.\n\nENDORSEMENT NO. 3 - BUSINESS INTERRUPTION AMENDMENTS\nEffective from 1 October 2024. The Business Interruption section is amended as set out below. All other terms, conditions and exclusions remain unaltered.\n\n1. WAITING PERIOD\nA waiting period of 72 consecutive hours applies to each and every claim under the Business Interruption section. No indemnity is payable in respect of any interruption that is remedied within the waiting period.\n\n2. INDEMNITY PERIOD\nThe maximum indemnity period is extended from 12 months to 18 months from the date on which the interruption begins.\n\n3. NOTIFICATION OF CLAIM\n3. The Insured shall give written notice to the Insurer of any event likely to give rise to a claim under this section within 30 days of that event becoming known to a director or to the risk manager of the Insured. Notice given to the broker alone does not constitute notice to the Insurer.\n\nGENERAL CONDITIONS\n\n1. Cancellation. Either party may cancel this policy by giving 60 days written notice to the other at its last known address. Where the Insurer cancels, a pro rata return of premium shall be made provided no claim has been notified during the Period of Insurance."
    },
    {
      "chunk_id": "4fa131d2878b9fbf::0003",
      "doc_id": "4fa131d2878b9fbf",
      "filename": "sample_endorsement_pack.pdf",
      "page": 2,
      "page_end": 2,
      "section_path": "ENDORSEMENT NO. 2 - CYBER AND DATA EXCLUSION > SECTION 2 - EXCLUSION WORDING > 2.",
      "clause_label": "2.",
      "score": 0.0311,
      "text": "to any action taken in controlling, preventing, suppressing or remediating any Cyber Act or Cyber Incident, and including the cost of any forensic investigation commissioned by the Insured or by any regulator, and including any sum paid or payable to a third party by way of settlement, judgment, award or contractual indemnity in respect of such an act or incident, whether or not the Insured admitted liability;\n(b) any loss of use, reduction in functionality, repair, replacement, restoration or reproduction of any Data, including any amount pertaining to the value of such Data, and including the cost of re-keying, re-entering or otherwise reconstituting Data from source documents where those documents themselves remain undamaged, and including any loss of profit consequent upon such loss of use;\n(c) the failure, malfunction, degradation, unavailability or interruption of any Computer System, whether owned or operated by the Insured or by any third party service provider, cloud host, managed service provider or telecommunications carrier upon which the Insured relies, and whether or not the Insured had a contractual right of recourse against that party;\n(d) the receipt, transmission, distribution or storage of any Malicious Code, whether or not that Malicious Code was introduced deliberately, negligently or inadvertently, and whether or not the Insured had in place anti-malware controls conforming to any recognised standard including ISO 27001 or the National Institute of Standards and Technology Cybersecurity Framework;"
    }
  ],
  "model": "stub:reading-comprehension-v1",
  "params": {
    "effort": "medium",
    "max_tokens": 16000
  },
  "output": {
    "claim_number": "[CLAIM NUMBER REDACTED]",
    "date_of_loss": "17 June 2026",
    "coverage_decision": "covered",
    "cited_exclusion_id": null,
    "excess_amount": 250000.0,
    "summary": "Notes match an insured peril: In consideration of the additional premium of GBP 42,750 the following amendments are made to the Property Damage section of the policy.",
    "citations": [
      "4fa131d2878b9fbf::0000"
    ]
  },
  "output_notes": []
}
---
{
  "trace_id": "trc_00011",
  "created_at": "2026-08-30T21:31:43.982754+00:00",
  "feature": "claim_summary",
  "prompt_version": "claim-summary-v1",
  "input_redacted": "Claim [CLAIM NUMBER REDACTED]. Third flood-related payment this policy year at the insured's site, loss date 12 June 2026. Cumulative flood payments to date including this claim: GBP 1,324,809. Insured asks whether the annual aggregate flood sub-limit has been exhausted.",
  "redacted_fields": [
    "claim_number:CLM-2026-59707"
  ],
  "retrieval_mode": "hybrid_bm25_rrf",
  "retrieved": [
    {
      "chunk_id": "4fa131d2878b9fbf::0001",
      "doc_id": "4fa131d2878b9fbf",
      "filename": "sample_endorsement_pack.pdf",
      "page": 1,
      "page_end": 2,
      "section_path": "ENDORSEMENT NO. 1 - FLOOD SUB-LIMIT AMENDMENT > 3. DEDUCTIBLE",
      "clause_label": "3. DEDUCTIBLE",
      "score": 0.0325,
      "text": "3. DEDUCTIBLE\nA deductible of GBP 250,000 each and every loss applies to loss or damage caused by Flood at any location within a Flood Zone. At all other locations the standard property deductible of GBP 50,000 each and every loss continues to apply.\n\nSECTION 4 - CONDITIONS APPLYING TO THIS ENDORSEMENT\n\n4.1 Flood Defence Maintenance\nThe Insured shall maintain all demountable flood barriers, non-return valves and sump pumps at each insured location in good and effective working order, and shall test them at intervals of not more than six months. A written record of each test shall be kept for a period of three years and produced to the Insurer on request.\n\n4.2 Exclusions\nNotwithstanding anything to the contrary in the policy, this endorsement does not cover loss, damage, cost or expense arising directly or indirectly out of:\n\n(a) subsidence, ground heave or landslip, whether or not caused or contributed to by Flood; (b) loss of or damage to growing crops, standing timber, or livestock in the open; (c) any property in the course of construction, erection or installation where the contract value exceeds GBP 1,000,000; (d) loss or damage to stock stored below ground level unless raised at least 150 millimetres above the finished floor level; (e) any fine, penalty or punitive damages levied by a regulator following a Flood event.\n\n4.2.1 Erosion of the sub-limit\nEach payment made under this endorsement, including any payment for professional fees and debris removal, erodes the annual aggregate sub-limit stated in clause 2. Once the annual aggregate sub-limit is exhausted no further payment shall be made under this endorsement for the remainder of the Period of Insurance."
    },
    {
      "chunk_id": "4fa131d2878b9fbf::0000",
      "doc_id": "4fa131d2878b9fbf",
      "filename": "sample_endorsement_pack.pdf",
      "page": 1,
      "page_end": 1,
      "section_path": "GLOBAL MANUFACTURING LTD",
      "clause_label": "GLOBAL MANUFACTURING LTD",
      "score": 0.032,
      "text": "GLOBAL MANUFACTURING LTD\n\nCOMMERCIAL PROPERTY AND LIABILITY ENDORSEMENT PACK\nPolicy Number GML-2024-88213. Period of Insurance: 1 April 2024 to 31 March 2025, both dates inclusive at the address of the Insured. This pack records every endorsement attached to the policy and supersedes any endorsement schedule issued previously.\n\nENDORSEMENT NO. 1 - FLOOD SUB-LIMIT AMENDMENT\nEffective from 1 June 2024. In consideration of the additional premium of GBP 42,750 the following amendments are made to the Property Damage section of the policy.\n\n1. DEFINITIONS\n\n1.1 Flood means the escape of water from the normal confines of any natural or artificial watercourse, lake, reservoir, canal or dam, or inundation from the sea, whether driven by storm or otherwise.\n\n1.2 Flood Zone means any location identified as Zone 2 or Zone 3 on the Environment Agency Flood Map for Planning current at the inception of this endorsement.\n\n2. AMENDMENT TO LIMIT\nThe sub-limit applicable to loss or damage caused by Flood is amended from GBP 2,500,000 to GBP 5,000,000 in the annual aggregate. The revised sub-limit applies to all insured locations combined and is part of, and not in addition to, the policy limit of GBP 40,000,000 any one occurrence.\n\n3. DEDUCTIBLE\nA deductible of GBP 250,000 each and every loss applies to loss or damage caused by Flood at any location within a Flood Zone. At all other locations the standard property deductible of GBP 50,000 each and every loss continues to apply.\n\nSECTION 4 - CONDITIONS APPLYING TO THIS ENDORSEMENT"
    },
    {
      "chunk_id": "4fa131d2878b9fbf::0002",
      "doc_id": "4fa131d2878b9fbf",
      "filename": "sample_endorsement_pack.pdf",
      "page": 1,
      "page_end": 2,
      "section_path": "ENDORSEMENT NO. 1 - FLOOD SUB-LIMIT AMENDMENT > SECTION 4 - CONDITIONS APPLYING TO THIS ENDORSEMENT > 4.2 Exclusions > 4.2.1 Erosion of the sub-limit",
      "clause_label": "4.2.1 Erosion of the sub-limit",
      "score": 0.0313,
      "text": "4.2.1 Erosion of the sub-limit\nEach payment made under this endorsement, including any payment for professional fees and debris removal, erodes the annual aggregate sub-limit stated in clause 2. Once the annual aggregate sub-limit is exhausted no further payment shall be made under this endorsement for the remainder of the Period of Insurance.\n\nENDORSEMENT NO. 2 - CYBER AND DATA EXCLUSION\nEffective from inception. This endorsement applies to every section of the policy and replaces any cyber exclusion previously attached.\n\nSECTION 1 - SCOPE OF THE EXCLUSION\n\n1. This exclusion applies to all coverage afforded by the policy, including any extension, endorsement or memorandum, and applies irrespective of any other cause or event contributing concurrently or in any other sequence to the loss.\n\nSECTION 2 - EXCLUSION WORDING\n\n2. Notwithstanding any provision to the contrary within this policy or any endorsement thereto, this policy excludes any loss, damage, liability, claim, cost or expense of whatsoever nature directly or indirectly caused by, contributed to by, resulting from, arising out of or in connection with any of the following, regardless of any other cause or event contributing concurrently or in any other sequence thereto:\n(a) any Cyber Act or Cyber Incident, including but not limited to any action taken in controlling, preventing, suppressing or remediating any Cyber Act or Cyber Incident, and including the cost of any forensic investigation commissioned by the Insured or by any regulator, and including any sum paid or payable to a third party by way of settlement, judgment, award or contractual indemnity in respect of such an act or incident, whether or not the Insured admitted liability;"
    },
    {
      "chunk_id": "5ccd70c8aadf500e::0000",
      "doc_id": "5ccd70c8aadf500e",
      "filename": "form_ho0304_archive.pdf",
      "page": 1,
      "page_end": 1,
      "section_path": "FORM LIBRARY - ARCHIVED WORDING ON FILE",
      "clause_label": "FORM LIBRARY - ARCHIVED WORDING ON FILE",
      "score": 0.031,
      "text": "FORM LIBRARY - ARCHIVED WORDING ON FILE\nThis file retains prior editions of Form HO-0304 for audit and reference purposes against policy GML-2024-88213. The edition currently endorsed to the policy is 03-24 (see the waterdamage endorsement in the main endorsement pack for its reference number). Earlier editions below are retained for reference only and do not apply to a loss occurring after the date their text says they were superseded.\n\nFORM HO-0304 - EDITION 01-22\nEXCLUSION CODE E-17 - SEQUENTIAL WATER INTRUSION EVENTS (EDITION 01-22)\n\nExclusion Code E-17 (Form HO-0304, edition 01-22). This policy does not cover loss or damage arising from a second or subsequent Flood event at the same insured location where that event occurs within 30 consecutive days of an earlier Flood event at the same location. Superseded by edition 06-22 with effect from 1 June 2022.\n\nFORM HO-0304 - EDITION 06-22\nEXCLUSION CODE E-17 - SEQUENTIAL WATER INTRUSION EVENTS (EDITION 06-22)\n\nExclusion Code E-17 (Form HO-0304, edition 06-22). This policy does not cover loss or damage arising from a second or subsequent Flood event at the same insured location where that event occurs within 35 consecutive days of an earlier Flood event at the same location. Superseded by edition 09-23 with effect from 1 September 2023.\n\nFORM HO-0304 - EDITION 09-23\nEXCLUSION CODE E-17 - SEQUENTIAL WATER INTRUSION EVENTS (EDITION 09-23)\n\nExclusion Code E-17 (Form HO-0304, edition 09-23). This policy does not cover loss or damage arising from a second or subsequent Flood event at the same insured location where that event occurs within 45 consecutive days of an earlier Flood event at the same location, save that this exclusion does not apply to a Flood event caused solely by a named windstorm. Superseded by edition 01-24 with effect from 1 January 2024."
    },
    {
      "chunk_id": "5ccd70c8aadf500e::0001",
      "doc_id": "5ccd70c8aadf500e",
      "filename": "form_ho0304_archive.pdf",
      "page": 1,
      "page_end": 1,
      "section_path": "FORM HO-0304 - EDITION 01-24",
      "clause_label": "FORM HO-0304 - EDITION 01-24",
      "score": 0.0308,
      "text": "This policy does not cover loss or damage arising from a second or subsequent Flood event at the same insured location where that event occurs within 45 consecutive days of an earlier Flood event at the same location, save that this exclusion does not apply to a Flood event caused solely by a named windstorm. Superseded by edition 01-24 with effect from 1 January 2024.\n\nFORM HO-0304 - EDITION 01-24\nEXCLUSION CODE E-17 - SEQUENTIAL WATER INTRUSION EVENTS (EDITION 01-24)\n\nExclusion Code E-17 (Form HO-0304, edition 01-24). This policy does not cover loss or damage arising from a second or subsequent Flood event at the same insured location where that event occurs within 55 consecutive days of an earlier Flood event at the same location, save that this exclusion does not apply to a Flood event caused solely by a named windstorm. Superseded by edition 03-24 with effect from 1 February 2025."
    }
  ],
  "model": "stub:reading-comprehension-v1",
  "params": {
    "effort": "medium",
    "max_tokens": 16000
  },
  "output": {
    "claim_number": "[CLAIM NUMBER REDACTED]",
    "date_of_loss": "12 June 2026",
    "coverage_decision": "denied",
    "cited_exclusion_id": "4.2",
    "excess_amount": null,
    "summary": "Notes describe circumstances matching an excluded scenario: Notwithstanding any provision to the contrary within this policy or any endorsement thereto, this policy excludes any loss, damage, liability, claim, cost or expense of whatsoever nature directly or indirectly caused by, contributed to by, resulting from, arising out of or in connection with any of the following, regardless of any other cause or event contributing concurrently or in any other sequence thereto:\n(a) any Cyber Act or Cyber Incident, including but not limited to any action taken in controlling, preventing, suppressing or remediating any Cyber Act or Cyber Incident, and including the cost of any forensic investigation commissioned by the Insured or by any regulator, and including any sum paid or payable to a third party by way of settlement, judgment, award or contractual indemnity in respect of such an act or incident, whether or not the Insured admitted liability;",
    "citations": [
      "4fa131d2878b9fbf::0002"
    ]
  },
  "output_notes": []
}
---
{
  "trace_id": "trc_00012",
  "created_at": "2026-08-30T21:31:43.995438+00:00",
  "feature": "claim_summary",
  "prompt_version": "claim-summary-v1",
  "input_redacted": "Claim [CLAIM NUMBER REDACTED]. Flood on 30 July 2026 destroyed standing timber stored in the open yard at the insured's site. Claimed amount GBP 55,456.",
  "redacted_fields": [
    "claim_number:CLM-2026-05698"
  ],
  "retrieval_mode": "hybrid_bm25_rrf",
  "retrieved": [
    {
      "chunk_id": "4fa131d2878b9fbf::0001",
      "doc_id": "4fa131d2878b9fbf",
      "filename": "sample_endorsement_pack.pdf",
      "page": 1,
      "page_end": 2,
      "section_path": "ENDORSEMENT NO. 1 - FLOOD SUB-LIMIT AMENDMENT > 3. DEDUCTIBLE",
      "clause_label": "3. DEDUCTIBLE",
      "score": 0.0328,
      "text": "3. DEDUCTIBLE\nA deductible of GBP 250,000 each and every loss applies to loss or damage caused by Flood at any location within a Flood Zone. At all other locations the standard property deductible of GBP 50,000 each and every loss continues to apply.\n\nSECTION 4 - CONDITIONS APPLYING TO THIS ENDORSEMENT\n\n4.1 Flood Defence Maintenance\nThe Insured shall maintain all demountable flood barriers, non-return valves and sump pumps at each insured location in good and effective working order, and shall test them at intervals of not more than six months. A written record of each test shall be kept for a period of three years and produced to the Insurer on request.\n\n4.2 Exclusions\nNotwithstanding anything to the contrary in the policy, this endorsement does not cover loss, damage, cost or expense arising directly or indirectly out of:\n\n(a) subsidence, ground heave or landslip, whether or not caused or contributed to by Flood; (b) loss of or damage to growing crops, standing timber, or livestock in the open; (c) any property in the course of construction, erection or installation where the contract value exceeds GBP 1,000,000; (d) loss or damage to stock stored below ground level unless raised at least 150 millimetres above the finished floor level; (e) any fine, penalty or punitive damages levied by a regulator following a Flood event.\n\n4.2.1 Erosion of the sub-limit\nEach payment made under this endorsement, including any payment for professional fees and debris removal, erodes the annual aggregate sub-limit stated in clause 2. Once the annual aggregate sub-limit is exhausted no further payment shall be made under this endorsement for the remainder of the Period of Insurance."
    },
    {
      "chunk_id": "4fa131d2878b9fbf::0000",
      "doc_id": "4fa131d2878b9fbf",
      "filename": "sample_endorsement_pack.pdf",
      "page": 1,
      "page_end": 1,
      "section_path": "GLOBAL MANUFACTURING LTD",
      "clause_label": "GLOBAL MANUFACTURING LTD",
      "score": 0.0318,
      "text": "GLOBAL MANUFACTURING LTD\n\nCOMMERCIAL PROPERTY AND LIABILITY ENDORSEMENT PACK\nPolicy Number GML-2024-88213. Period of Insurance: 1 April 2024 to 31 March 2025, both dates inclusive at the address of the Insured. This pack records every endorsement attached to the policy and supersedes any endorsement schedule issued previously.\n\nENDORSEMENT NO. 1 - FLOOD SUB-LIMIT AMENDMENT\nEffective from 1 June 2024. In consideration of the additional premium of GBP 42,750 the following amendments are made to the Property Damage section of the policy.\n\n1. DEFINITIONS\n\n1.1 Flood means the escape of water from the normal confines of any natural or artificial watercourse, lake, reservoir, canal or dam, or inundation from the sea, whether driven by storm or otherwise.\n\n1.2 Flood Zone means any location identified as Zone 2 or Zone 3 on the Environment Agency Flood Map for Planning current at the inception of this endorsement.\n\n2. AMENDMENT TO LIMIT\nThe sub-limit applicable to loss or damage caused by Flood is amended from GBP 2,500,000 to GBP 5,000,000 in the annual aggregate. The revised sub-limit applies to all insured locations combined and is part of, and not in addition to, the policy limit of GBP 40,000,000 any one occurrence.\n\n3. DEDUCTIBLE\nA deductible of GBP 250,000 each and every loss applies to loss or damage caused by Flood at any location within a Flood Zone. At all other locations the standard property deductible of GBP 50,000 each and every loss continues to apply.\n\nSECTION 4 - CONDITIONS APPLYING TO THIS ENDORSEMENT"
    },
    {
      "chunk_id": "5ccd70c8aadf500e::0001",
      "doc_id": "5ccd70c8aadf500e",
      "filename": "form_ho0304_archive.pdf",
      "page": 1,
      "page_end": 1,
      "section_path": "FORM HO-0304 - EDITION 01-24",
      "clause_label": "FORM HO-0304 - EDITION 01-24",
      "score": 0.0317,
      "text": "This policy does not cover loss or damage arising from a second or subsequent Flood event at the same insured location where that event occurs within 45 consecutive days of an earlier Flood event at the same location, save that this exclusion does not apply to a Flood event caused solely by a named windstorm. Superseded by edition 01-24 with effect from 1 January 2024.\n\nFORM HO-0304 - EDITION 01-24\nEXCLUSION CODE E-17 - SEQUENTIAL WATER INTRUSION EVENTS (EDITION 01-24)\n\nExclusion Code E-17 (Form HO-0304, edition 01-24). This policy does not cover loss or damage arising from a second or subsequent Flood event at the same insured location where that event occurs within 55 consecutive days of an earlier Flood event at the same location, save that this exclusion does not apply to a Flood event caused solely by a named windstorm. Superseded by edition 03-24 with effect from 1 February 2025."
    },
    {
      "chunk_id": "4fa131d2878b9fbf::0006",
      "doc_id": "4fa131d2878b9fbf",
      "filename": "sample_endorsement_pack.pdf",
      "page": 3,
      "page_end": 4,
      "section_path": "ENDORSEMENT NO. 3 - BUSINESS INTERRUPTION AMENDMENTS > GENERAL CONDITIONS",
      "clause_label": "GENERAL CONDITIONS",
      "score": 0.0315,
      "text": "GENERAL CONDITIONS\n\n1. Cancellation. Either party may cancel this policy by giving 60 days written notice to the other at its last known address. Where the Insurer cancels, a pro rata return of premium shall be made provided no claim has been notified during the Period of Insurance.\n\n2. Governing law. This policy shall be governed by and construed in accordance with the law of England and Wales, and the parties submit to the exclusive jurisdiction of the courts of England and Wales.\n\n3. Premium payment. The premium is due within 45 days of inception. Failure to pay within that period entitles the Insurer to cancel in accordance with General Condition 1 above.\n\nENDORSEMENT NO. 4 - SEQUENTIAL WATER INTRUSION EXCLUSION\nEffective from 1 February 2025. This endorsement is issued under reference END-2024-0417 and adopts the exclusion wording of Form HO-0304 edition 03-24, reproduced at clause 4.3 below, which supersedes and replaces any earlier edition of Form HO-0304 referenced in the Insured's document file.\n\n4.3 Exclusion Code E-17 - Sequential Water Intrusion Events\nExclusion Code E-17 (Form HO-0304, edition 03-24). This policy does not cover loss or damage arising from a second or subsequent Flood event at the same insured location where that event occurs within 60 consecutive days of an earlier Flood event at the same location, regardless of whether a claim was made for the earlier event. This exclusion applies in addition to, and does not narrow, the deductible and sub-limit provisions of clauses 2 and 3 above.\n\n4.4 Interaction with the Flood Defence Condition\nExclusion Code E-17 does not apply where the Insured can demonstrate that the flood barriers, non-return valves and sump pumps required by clause 4.1 were tested and in good working order in the 60 days immediately preceding the second or subsequent Flood event."
    },
    {
      "chunk_id": "5ccd70c8aadf500e::0000",
      "doc_id": "5ccd70c8aadf500e",
      "filename": "form_ho0304_archive.pdf",
      "page": 1,
      "page_end": 1,
      "section_path": "FORM LIBRARY - ARCHIVED WORDING ON FILE",
      "clause_label": "FORM LIBRARY - ARCHIVED WORDING ON FILE",
      "score": 0.0306,
      "text": "FORM LIBRARY - ARCHIVED WORDING ON FILE\nThis file retains prior editions of Form HO-0304 for audit and reference purposes against policy GML-2024-88213. The edition currently endorsed to the policy is 03-24 (see the waterdamage endorsement in the main endorsement pack for its reference number). Earlier editions below are retained for reference only and do not apply to a loss occurring after the date their text says they were superseded.\n\nFORM HO-0304 - EDITION 01-22\nEXCLUSION CODE E-17 - SEQUENTIAL WATER INTRUSION EVENTS (EDITION 01-22)\n\nExclusion Code E-17 (Form HO-0304, edition 01-22). This policy does not cover loss or damage arising from a second or subsequent Flood event at the same insured location where that event occurs within 30 consecutive days of an earlier Flood event at the same location. Superseded by edition 06-22 with effect from 1 June 2022.\n\nFORM HO-0304 - EDITION 06-22\nEXCLUSION CODE E-17 - SEQUENTIAL WATER INTRUSION EVENTS (EDITION 06-22)\n\nExclusion Code E-17 (Form HO-0304, edition 06-22). This policy does not cover loss or damage arising from a second or subsequent Flood event at the same insured location where that event occurs within 35 consecutive days of an earlier Flood event at the same location. Superseded by edition 09-23 with effect from 1 September 2023.\n\nFORM HO-0304 - EDITION 09-23\nEXCLUSION CODE E-17 - SEQUENTIAL WATER INTRUSION EVENTS (EDITION 09-23)\n\nExclusion Code E-17 (Form HO-0304, edition 09-23). This policy does not cover loss or damage arising from a second or subsequent Flood event at the same insured location where that event occurs within 45 consecutive days of an earlier Flood event at the same location, save that this exclusion does not apply to a Flood event caused solely by a named windstorm. Superseded by edition 01-24 with effect from 1 January 2024."
    }
  ],
  "model": "stub:reading-comprehension-v1",
  "params": {
    "effort": "medium",
    "max_tokens": 16000
  },
  "output": {
    "claim_number": "[CLAIM NUMBER REDACTED]",
    "date_of_loss": "30 July 2026",
    "coverage_decision": "denied",
    "cited_exclusion_id": "4.1",
    "excess_amount": 250000.0,
    "summary": "Notes describe circumstances matching an excluded scenario: (b) loss of or damage to growing crops, standing timber, or livestock in the open;",
    "citations": [
      "4fa131d2878b9fbf::0001"
    ]
  },
  "output_notes": []
}
---
{
  "trace_id": "trc_00013",
  "created_at": "2026-08-30T21:31:44.008912+00:00",
  "feature": "claim_summary",
  "prompt_version": "claim-summary-v1",
  "input_redacted": "Claim [CLAIM NUMBER REDACTED]. Insured reports water damage to stock stored on the warehouse floor, discovered 06 May 2026 following heavy rainfall. Stock was not raised above floor level. Estimated damage GBP 31,572.",
  "redacted_fields": [
    "claim_number:CLM-2026-61871"
  ],
  "retrieval_mode": "hybrid_bm25_rrf",
  "retrieved": [
    {
      "chunk_id": "4fa131d2878b9fbf::0000",
      "doc_id": "4fa131d2878b9fbf",
      "filename": "sample_endorsement_pack.pdf",
      "page": 1,
      "page_end": 1,
      "section_path": "GLOBAL MANUFACTURING LTD",
      "clause_label": "GLOBAL MANUFACTURING LTD",
      "score": 0.0325,
      "text": "GLOBAL MANUFACTURING LTD\n\nCOMMERCIAL PROPERTY AND LIABILITY ENDORSEMENT PACK\nPolicy Number GML-2024-88213. Period of Insurance: 1 April 2024 to 31 March 2025, both dates inclusive at the address of the Insured. This pack records every endorsement attached to the policy and supersedes any endorsement schedule issued previously.\n\nENDORSEMENT NO. 1 - FLOOD SUB-LIMIT AMENDMENT\nEffective from 1 June 2024. In consideration of the additional premium of GBP 42,750 the following amendments are made to the Property Damage section of the policy.\n\n1. DEFINITIONS\n\n1.1 Flood means the escape of water from the normal confines of any natural or artificial watercourse, lake, reservoir, canal or dam, or inundation from the sea, whether driven by storm or otherwise.\n\n1.2 Flood Zone means any location identified as Zone 2 or Zone 3 on the Environment Agency Flood Map for Planning current at the inception of this endorsement.\n\n2. AMENDMENT TO LIMIT\nThe sub-limit applicable to loss or damage caused by Flood is amended from GBP 2,500,000 to GBP 5,000,000 in the annual aggregate. The revised sub-limit applies to all insured locations combined and is part of, and not in addition to, the policy limit of GBP 40,000,000 any one occurrence.\n\n3. DEDUCTIBLE\nA deductible of GBP 250,000 each and every loss applies to loss or damage caused by Flood at any location within a Flood Zone. At all other locations the standard property deductible of GBP 50,000 each and every loss continues to apply.\n\nSECTION 4 - CONDITIONS APPLYING TO THIS ENDORSEMENT"
    },
    {
      "chunk_id": "4fa131d2878b9fbf::0001",
      "doc_id": "4fa131d2878b9fbf",
      "filename": "sample_endorsement_pack.pdf",
      "page": 1,
      "page_end": 2,
      "section_path": "ENDORSEMENT NO. 1 - FLOOD SUB-LIMIT AMENDMENT > 3. DEDUCTIBLE",
      "clause_label": "3. DEDUCTIBLE",
      "score": 0.0318,
      "text": "3. DEDUCTIBLE\nA deductible of GBP 250,000 each and every loss applies to loss or damage caused by Flood at any location within a Flood Zone. At all other locations the standard property deductible of GBP 50,000 each and every loss continues to apply.\n\nSECTION 4 - CONDITIONS APPLYING TO THIS ENDORSEMENT\n\n4.1 Flood Defence Maintenance\nThe Insured shall maintain all demountable flood barriers, non-return valves and sump pumps at each insured location in good and effective working order, and shall test them at intervals of not more than six months. A written record of each test shall be kept for a period of three years and produced to the Insurer on request.\n\n4.2 Exclusions\nNotwithstanding anything to the contrary in the policy, this endorsement does not cover loss, damage, cost or expense arising directly or indirectly out of:\n\n(a) subsidence, ground heave or landslip, whether or not caused or contributed to by Flood; (b) loss of or damage to growing crops, standing timber, or livestock in the open; (c) any property in the course of construction, erection or installation where the contract value exceeds GBP 1,000,000; (d) loss or damage to stock stored below ground level unless raised at least 150 millimetres above the finished floor level; (e) any fine, penalty or punitive damages levied by a regulator following a Flood event.\n\n4.2.1 Erosion of the sub-limit\nEach payment made under this endorsement, including any payment for professional fees and debris removal, erodes the annual aggregate sub-limit stated in clause 2. Once the annual aggregate sub-limit is exhausted no further payment shall be made under this endorsement for the remainder of the Period of Insurance."
    },
    {
      "chunk_id": "4fa131d2878b9fbf::0006",
      "doc_id": "4fa131d2878b9fbf",
      "filename": "sample_endorsement_pack.pdf",
      "page": 3,
      "page_end": 4,
      "section_path": "ENDORSEMENT NO. 3 - BUSINESS INTERRUPTION AMENDMENTS > GENERAL CONDITIONS",
      "clause_label": "GENERAL CONDITIONS",
      "score": 0.0315,
      "text": "GENERAL CONDITIONS\n\n1. Cancellation. Either party may cancel this policy by giving 60 days written notice to the other at its last known address. Where the Insurer cancels, a pro rata return of premium shall be made provided no claim has been notified during the Period of Insurance.\n\n2. Governing law. This policy shall be governed by and construed in accordance with the law of England and Wales, and the parties submit to the exclusive jurisdiction of the courts of England and Wales.\n\n3. Premium payment. The premium is due within 45 days of inception. Failure to pay within that period entitles the Insurer to cancel in accordance with General Condition 1 above.\n\nENDORSEMENT NO. 4 - SEQUENTIAL WATER INTRUSION EXCLUSION\nEffective from 1 February 2025. This endorsement is issued under reference END-2024-0417 and adopts the exclusion wording of Form HO-0304 edition 03-24, reproduced at clause 4.3 below, which supersedes and replaces any earlier edition of Form HO-0304 referenced in the Insured's document file.\n\n4.3 Exclusion Code E-17 - Sequential Water Intrusion Events\nExclusion Code E-17 (Form HO-0304, edition 03-24). This policy does not cover loss or damage arising from a second or subsequent Flood event at the same insured location where that event occurs within 60 consecutive days of an earlier Flood event at the same location, regardless of whether a claim was made for the earlier event. This exclusion applies in addition to, and does not narrow, the deductible and sub-limit provisions of clauses 2 and 3 above.\n\n4.4 Interaction with the Flood Defence Condition\nExclusion Code E-17 does not apply where the Insured can demonstrate that the flood barriers, non-return valves and sump pumps required by clause 4.1 were tested and in good working order in the 60 days immediately preceding the second or subsequent Flood event."
    },
    {
      "chunk_id": "5ccd70c8aadf500e::0000",
      "doc_id": "5ccd70c8aadf500e",
      "filename": "form_ho0304_archive.pdf",
      "page": 1,
      "page_end": 1,
      "section_path": "FORM LIBRARY - ARCHIVED WORDING ON FILE",
      "clause_label": "FORM LIBRARY - ARCHIVED WORDING ON FILE",
      "score": 0.0313,
      "text": "FORM LIBRARY - ARCHIVED WORDING ON FILE\nThis file retains prior editions of Form HO-0304 for audit and reference purposes against policy GML-2024-88213. The edition currently endorsed to the policy is 03-24 (see the waterdamage endorsement in the main endorsement pack for its reference number). Earlier editions below are retained for reference only and do not apply to a loss occurring after the date their text says they were superseded.\n\nFORM HO-0304 - EDITION 01-22\nEXCLUSION CODE E-17 - SEQUENTIAL WATER INTRUSION EVENTS (EDITION 01-22)\n\nExclusion Code E-17 (Form HO-0304, edition 01-22). This policy does not cover loss or damage arising from a second or subsequent Flood event at the same insured location where that event occurs within 30 consecutive days of an earlier Flood event at the same location. Superseded by edition 06-22 with effect from 1 June 2022.\n\nFORM HO-0304 - EDITION 06-22\nEXCLUSION CODE E-17 - SEQUENTIAL WATER INTRUSION EVENTS (EDITION 06-22)\n\nExclusion Code E-17 (Form HO-0304, edition 06-22). This policy does not cover loss or damage arising from a second or subsequent Flood event at the same insured location where that event occurs within 35 consecutive days of an earlier Flood event at the same location. Superseded by edition 09-23 with effect from 1 September 2023.\n\nFORM HO-0304 - EDITION 09-23\nEXCLUSION CODE E-17 - SEQUENTIAL WATER INTRUSION EVENTS (EDITION 09-23)\n\nExclusion Code E-17 (Form HO-0304, edition 09-23). This policy does not cover loss or damage arising from a second or subsequent Flood event at the same insured location where that event occurs within 45 consecutive days of an earlier Flood event at the same location, save that this exclusion does not apply to a Flood event caused solely by a named windstorm. Superseded by edition 01-24 with effect from 1 January 2024."
    },
    {
      "chunk_id": "4fa131d2878b9fbf::0005",
      "doc_id": "4fa131d2878b9fbf",
      "filename": "sample_endorsement_pack.pdf",
      "page": 3,
      "page_end": 3,
      "section_path": "ENDORSEMENT NO. 2 - CYBER AND DATA EXCLUSION > SECTION 2 - EXCLUSION WORDING > 2.",
      "clause_label": "2.",
      "score": 0.031,
      "text": "(h) the deliberate act of any employee, contractor or agent of the Insured taken with intent to cause a Cyber Incident, whether or not that person was acting within the scope of their employment or engagement, and whether or not the Insured had performed pre-engagement screening on that person.\n\nSECTION 3 - WRITE-BACK FOR PHYSICAL DAMAGE\n\n3. Subject to all other terms of the policy, this exclusion shall not apply to physical loss of or physical damage to insured property arising from fire or explosion which itself results from a Cyber Incident, provided that the fire or explosion is not the result of a Cyber Act committed with intent to cause physical damage.\n\nENDORSEMENT NO. 3 - BUSINESS INTERRUPTION AMENDMENTS\nEffective from 1 October 2024. The Business Interruption section is amended as set out below. All other terms, conditions and exclusions remain unaltered.\n\n1. WAITING PERIOD\nA waiting period of 72 consecutive hours applies to each and every claim under the Business Interruption section. No indemnity is payable in respect of any interruption that is remedied within the waiting period.\n\n2. INDEMNITY PERIOD\nThe maximum indemnity period is extended from 12 months to 18 months from the date on which the interruption begins.\n\n3. NOTIFICATION OF CLAIM\n3. The Insured shall give written notice to the Insurer of any event likely to give rise to a claim under this section within 30 days of that event becoming known to a director or to the risk manager of the Insured. Notice given to the broker alone does not constitute notice to the Insurer.\n\nGENERAL CONDITIONS\n\n1. Cancellation. Either party may cancel this policy by giving 60 days written notice to the other at its last known address. Where the Insurer cancels, a pro rata return of premium shall be made provided no claim has been notified during the Period of Insurance."
    }
  ],
  "model": "stub:reading-comprehension-v1",
  "params": {
    "effort": "medium",
    "max_tokens": 16000
  },
  "output": {
    "claim_number": "[CLAIM NUMBER REDACTED]",
    "date_of_loss": "06 May 2026",
    "coverage_decision": "covered",
    "cited_exclusion_id": null,
    "excess_amount": 250000.0,
    "summary": "Notes match an insured peril: (d) loss or damage to stock stored below ground level unless raised at least 150 millimetres above the finished floor level;",
    "citations": [
      "4fa131d2878b9fbf::0001"
    ]
  },
  "output_notes": []
}
---
{
  "trace_id": "trc_00014",
  "created_at": "2026-08-30T21:31:44.023497+00:00",
  "feature": "claim_summary",
  "prompt_version": "claim-summary-v1",
  "input_redacted": "Claim [CLAIM NUMBER REDACTED]. Water ingress on 16 March 2026; insured's stock was stored on racking 200mm above the finished floor level per their usual practice. Estimated damage GBP 115,590.",
  "redacted_fields": [
    "claim_number:CLM-2026-25075"
  ],
  "retrieval_mode": "hybrid_bm25_rrf",
  "retrieved": [
    {
      "chunk_id": "4fa131d2878b9fbf::0001",
      "doc_id": "4fa131d2878b9fbf",
      "filename": "sample_endorsement_pack.pdf",
      "page": 1,
      "page_end": 2,
      "section_path": "ENDORSEMENT NO. 1 - FLOOD SUB-LIMIT AMENDMENT > 3. DEDUCTIBLE",
      "clause_label": "3. DEDUCTIBLE",
      "score": 0.0328,
      "text": "3. DEDUCTIBLE\nA deductible of GBP 250,000 each and every loss applies to loss or damage caused by Flood at any location within a Flood Zone. At all other locations the standard property deductible of GBP 50,000 each and every loss continues to apply.\n\nSECTION 4 - CONDITIONS APPLYING TO THIS ENDORSEMENT\n\n4.1 Flood Defence Maintenance\nThe Insured shall maintain all demountable flood barriers, non-return valves and sump pumps at each insured location in good and effective working order, and shall test them at intervals of not more than six months. A written record of each test shall be kept for a period of three years and produced to the Insurer on request.\n\n4.2 Exclusions\nNotwithstanding anything to the contrary in the policy, this endorsement does not cover loss, damage, cost or expense arising directly or indirectly out of:\n\n(a) subsidence, ground heave or landslip, whether or not caused or contributed to by Flood; (b) loss of or damage to growing crops, standing timber, or livestock in the open; (c) any property in the course of construction, erection or installation where the contract value exceeds GBP 1,000,000; (d) loss or damage to stock stored below ground level unless raised at least 150 millimetres above the finished floor level; (e) any fine, penalty or punitive damages levied by a regulator following a Flood event.\n\n4.2.1 Erosion of the sub-limit\nEach payment made under this endorsement, including any payment for professional fees and debris removal, erodes the annual aggregate sub-limit stated in clause 2. Once the annual aggregate sub-limit is exhausted no further payment shall be made under this endorsement for the remainder of the Period of Insurance."
    },
    {
      "chunk_id": "4fa131d2878b9fbf::0000",
      "doc_id": "4fa131d2878b9fbf",
      "filename": "sample_endorsement_pack.pdf",
      "page": 1,
      "page_end": 1,
      "section_path": "GLOBAL MANUFACTURING LTD",
      "clause_label": "GLOBAL MANUFACTURING LTD",
      "score": 0.0323,
      "text": "GLOBAL MANUFACTURING LTD\n\nCOMMERCIAL PROPERTY AND LIABILITY ENDORSEMENT PACK\nPolicy Number GML-2024-88213. Period of Insurance: 1 April 2024 to 31 March 2025, both dates inclusive at the address of the Insured. This pack records every endorsement attached to the policy and supersedes any endorsement schedule issued previously.\n\nENDORSEMENT NO. 1 - FLOOD SUB-LIMIT AMENDMENT\nEffective from 1 June 2024. In consideration of the additional premium of GBP 42,750 the following amendments are made to the Property Damage section of the policy.\n\n1. DEFINITIONS\n\n1.1 Flood means the escape of water from the normal confines of any natural or artificial watercourse, lake, reservoir, canal or dam, or inundation from the sea, whether driven by storm or otherwise.\n\n1.2 Flood Zone means any location identified as Zone 2 or Zone 3 on the Environment Agency Flood Map for Planning current at the inception of this endorsement.\n\n2. AMENDMENT TO LIMIT\nThe sub-limit applicable to loss or damage caused by Flood is amended from GBP 2,500,000 to GBP 5,000,000 in the annual aggregate. The revised sub-limit applies to all insured locations combined and is part of, and not in addition to, the policy limit of GBP 40,000,000 any one occurrence.\n\n3. DEDUCTIBLE\nA deductible of GBP 250,000 each and every loss applies to loss or damage caused by Flood at any location within a Flood Zone. At all other locations the standard property deductible of GBP 50,000 each and every loss continues to apply.\n\nSECTION 4 - CONDITIONS APPLYING TO THIS ENDORSEMENT"
    },
    {
      "chunk_id": "4fa131d2878b9fbf::0006",
      "doc_id": "4fa131d2878b9fbf",
      "filename": "sample_endorsement_pack.pdf",
      "page": 3,
      "page_end": 4,
      "section_path": "ENDORSEMENT NO. 3 - BUSINESS INTERRUPTION AMENDMENTS > GENERAL CONDITIONS",
      "clause_label": "GENERAL CONDITIONS",
      "score": 0.0315,
      "text": "GENERAL CONDITIONS\n\n1. Cancellation. Either party may cancel this policy by giving 60 days written notice to the other at its last known address. Where the Insurer cancels, a pro rata return of premium shall be made provided no claim has been notified during the Period of Insurance.\n\n2. Governing law. This policy shall be governed by and construed in accordance with the law of England and Wales, and the parties submit to the exclusive jurisdiction of the courts of England and Wales.\n\n3. Premium payment. The premium is due within 45 days of inception. Failure to pay within that period entitles the Insurer to cancel in accordance with General Condition 1 above.\n\nENDORSEMENT NO. 4 - SEQUENTIAL WATER INTRUSION EXCLUSION\nEffective from 1 February 2025. This endorsement is issued under reference END-2024-0417 and adopts the exclusion wording of Form HO-0304 edition 03-24, reproduced at clause 4.3 below, which supersedes and replaces any earlier edition of Form HO-0304 referenced in the Insured's document file.\n\n4.3 Exclusion Code E-17 - Sequential Water Intrusion Events\nExclusion Code E-17 (Form HO-0304, edition 03-24). This policy does not cover loss or damage arising from a second or subsequent Flood event at the same insured location where that event occurs within 60 consecutive days of an earlier Flood event at the same location, regardless of whether a claim was made for the earlier event. This exclusion applies in addition to, and does not narrow, the deductible and sub-limit provisions of clauses 2 and 3 above.\n\n4.4 Interaction with the Flood Defence Condition\nExclusion Code E-17 does not apply where the Insured can demonstrate that the flood barriers, non-return valves and sump pumps required by clause 4.1 were tested and in good working order in the 60 days immediately preceding the second or subsequent Flood event."
    },
    {
      "chunk_id": "5ccd70c8aadf500e::0000",
      "doc_id": "5ccd70c8aadf500e",
      "filename": "form_ho0304_archive.pdf",
      "page": 1,
      "page_end": 1,
      "section_path": "FORM LIBRARY - ARCHIVED WORDING ON FILE",
      "clause_label": "FORM LIBRARY - ARCHIVED WORDING ON FILE",
      "score": 0.0308,
      "text": "FORM LIBRARY - ARCHIVED WORDING ON FILE\nThis file retains prior editions of Form HO-0304 for audit and reference purposes against policy GML-2024-88213. The edition currently endorsed to the policy is 03-24 (see the waterdamage endorsement in the main endorsement pack for its reference number). Earlier editions below are retained for reference only and do not apply to a loss occurring after the date their text says they were superseded.\n\nFORM HO-0304 - EDITION 01-22\nEXCLUSION CODE E-17 - SEQUENTIAL WATER INTRUSION EVENTS (EDITION 01-22)\n\nExclusion Code E-17 (Form HO-0304, edition 01-22). This policy does not cover loss or damage arising from a second or subsequent Flood event at the same insured location where that event occurs within 30 consecutive days of an earlier Flood event at the same location. Superseded by edition 06-22 with effect from 1 June 2022.\n\nFORM HO-0304 - EDITION 06-22\nEXCLUSION CODE E-17 - SEQUENTIAL WATER INTRUSION EVENTS (EDITION 06-22)\n\nExclusion Code E-17 (Form HO-0304, edition 06-22). This policy does not cover loss or damage arising from a second or subsequent Flood event at the same insured location where that event occurs within 35 consecutive days of an earlier Flood event at the same location. Superseded by edition 09-23 with effect from 1 September 2023.\n\nFORM HO-0304 - EDITION 09-23\nEXCLUSION CODE E-17 - SEQUENTIAL WATER INTRUSION EVENTS (EDITION 09-23)\n\nExclusion Code E-17 (Form HO-0304, edition 09-23). This policy does not cover loss or damage arising from a second or subsequent Flood event at the same insured location where that event occurs within 45 consecutive days of an earlier Flood event at the same location, save that this exclusion does not apply to a Flood event caused solely by a named windstorm. Superseded by edition 01-24 with effect from 1 January 2024."
    },
    {
      "chunk_id": "4fa131d2878b9fbf::0005",
      "doc_id": "4fa131d2878b9fbf",
      "filename": "sample_endorsement_pack.pdf",
      "page": 3,
      "page_end": 3,
      "section_path": "ENDORSEMENT NO. 2 - CYBER AND DATA EXCLUSION > SECTION 2 - EXCLUSION WORDING > 2.",
      "clause_label": "2.",
      "score": 0.0303,
      "text": "(h) the deliberate act of any employee, contractor or agent of the Insured taken with intent to cause a Cyber Incident, whether or not that person was acting within the scope of their employment or engagement, and whether or not the Insured had performed pre-engagement screening on that person.\n\nSECTION 3 - WRITE-BACK FOR PHYSICAL DAMAGE\n\n3. Subject to all other terms of the policy, this exclusion shall not apply to physical loss of or physical damage to insured property arising from fire or explosion which itself results from a Cyber Incident, provided that the fire or explosion is not the result of a Cyber Act committed with intent to cause physical damage.\n\nENDORSEMENT NO. 3 - BUSINESS INTERRUPTION AMENDMENTS\nEffective from 1 October 2024. The Business Interruption section is amended as set out below. All other terms, conditions and exclusions remain unaltered.\n\n1. WAITING PERIOD\nA waiting period of 72 consecutive hours applies to each and every claim under the Business Interruption section. No indemnity is payable in respect of any interruption that is remedied within the waiting period.\n\n2. INDEMNITY PERIOD\nThe maximum indemnity period is extended from 12 months to 18 months from the date on which the interruption begins.\n\n3. NOTIFICATION OF CLAIM\n3. The Insured shall give written notice to the Insurer of any event likely to give rise to a claim under this section within 30 days of that event becoming known to a director or to the risk manager of the Insured. Notice given to the broker alone does not constitute notice to the Insurer.\n\nGENERAL CONDITIONS\n\n1. Cancellation. Either party may cancel this policy by giving 60 days written notice to the other at its last known address. Where the Insurer cancels, a pro rata return of premium shall be made provided no claim has been notified during the Period of Insurance."
    }
  ],
  "model": "stub:reading-comprehension-v1",
  "params": {
    "effort": "medium",
    "max_tokens": 16000
  },
  "output": {
    "claim_number": "[CLAIM NUMBER REDACTED]",
    "date_of_loss": "16 March 2026",
    "coverage_decision": "denied",
    "cited_exclusion_id": "4.1",
    "excess_amount": 250000.0,
    "summary": "Notes describe circumstances matching an excluded scenario: (d) loss or damage to stock stored below ground level unless raised at least 150 millimetres above the finished floor level;",
    "citations": [
      "4fa131d2878b9fbf::0001"
    ]
  },
  "output_notes": []
}
---
{
  "trace_id": "trc_00015",
  "created_at": "2026-08-30T21:31:44.036699+00:00",
  "feature": "claim_summary",
  "prompt_version": "claim-summary-v1",
  "input_redacted": "Claim [CLAIM NUMBER REDACTED]. Third flood-related payment this policy year at the insured's site, loss date 15 July 2026. Cumulative flood payments to date including this claim: GBP 2,236,801. Insured asks whether the annual aggregate flood sub-limit has been exhausted.",
  "redacted_fields": [
    "claim_number:CLM-2026-58273"
  ],
  "retrieval_mode": "hybrid_bm25_rrf",
  "retrieved": [
    {
      "chunk_id": "4fa131d2878b9fbf::0001",
      "doc_id": "4fa131d2878b9fbf",
      "filename": "sample_endorsement_pack.pdf",
      "page": 1,
      "page_end": 2,
      "section_path": "ENDORSEMENT NO. 1 - FLOOD SUB-LIMIT AMENDMENT > 3. DEDUCTIBLE",
      "clause_label": "3. DEDUCTIBLE",
      "score": 0.0323,
      "text": "3. DEDUCTIBLE\nA deductible of GBP 250,000 each and every loss applies to loss or damage caused by Flood at any location within a Flood Zone. At all other locations the standard property deductible of GBP 50,000 each and every loss continues to apply.\n\nSECTION 4 - CONDITIONS APPLYING TO THIS ENDORSEMENT\n\n4.1 Flood Defence Maintenance\nThe Insured shall maintain all demountable flood barriers, non-return valves and sump pumps at each insured location in good and effective working order, and shall test them at intervals of not more than six months. A written record of each test shall be kept for a period of three years and produced to the Insurer on request.\n\n4.2 Exclusions\nNotwithstanding anything to the contrary in the policy, this endorsement does not cover loss, damage, cost or expense arising directly or indirectly out of:\n\n(a) subsidence, ground heave or landslip, whether or not caused or contributed to by Flood; (b) loss of or damage to growing crops, standing timber, or livestock in the open; (c) any property in the course of construction, erection or installation where the contract value exceeds GBP 1,000,000; (d) loss or damage to stock stored below ground level unless raised at least 150 millimetres above the finished floor level; (e) any fine, penalty or punitive damages levied by a regulator following a Flood event.\n\n4.2.1 Erosion of the sub-limit\nEach payment made under this endorsement, including any payment for professional fees and debris removal, erodes the annual aggregate sub-limit stated in clause 2. Once the annual aggregate sub-limit is exhausted no further payment shall be made under this endorsement for the remainder of the Period of Insurance."
    },
    {
      "chunk_id": "4fa131d2878b9fbf::0000",
      "doc_id": "4fa131d2878b9fbf",
      "filename": "sample_endorsement_pack.pdf",
      "page": 1,
      "page_end": 1,
      "section_path": "GLOBAL MANUFACTURING LTD",
      "clause_label": "GLOBAL MANUFACTURING LTD",
      "score": 0.032,
      "text": "GLOBAL MANUFACTURING LTD\n\nCOMMERCIAL PROPERTY AND LIABILITY ENDORSEMENT PACK\nPolicy Number GML-2024-88213. Period of Insurance: 1 April 2024 to 31 March 2025, both dates inclusive at the address of the Insured. This pack records every endorsement attached to the policy and supersedes any endorsement schedule issued previously.\n\nENDORSEMENT NO. 1 - FLOOD SUB-LIMIT AMENDMENT\nEffective from 1 June 2024. In consideration of the additional premium of GBP 42,750 the following amendments are made to the Property Damage section of the policy.\n\n1. DEFINITIONS\n\n1.1 Flood means the escape of water from the normal confines of any natural or artificial watercourse, lake, reservoir, canal or dam, or inundation from the sea, whether driven by storm or otherwise.\n\n1.2 Flood Zone means any location identified as Zone 2 or Zone 3 on the Environment Agency Flood Map for Planning current at the inception of this endorsement.\n\n2. AMENDMENT TO LIMIT\nThe sub-limit applicable to loss or damage caused by Flood is amended from GBP 2,500,000 to GBP 5,000,000 in the annual aggregate. The revised sub-limit applies to all insured locations combined and is part of, and not in addition to, the policy limit of GBP 40,000,000 any one occurrence.\n\n3. DEDUCTIBLE\nA deductible of GBP 250,000 each and every loss applies to loss or damage caused by Flood at any location within a Flood Zone. At all other locations the standard property deductible of GBP 50,000 each and every loss continues to apply.\n\nSECTION 4 - CONDITIONS APPLYING TO THIS ENDORSEMENT"
    },
    {
      "chunk_id": "4fa131d2878b9fbf::0002",
      "doc_id": "4fa131d2878b9fbf",
      "filename": "sample_endorsement_pack.pdf",
      "page": 1,
      "page_end": 2,
      "section_path": "ENDORSEMENT NO. 1 - FLOOD SUB-LIMIT AMENDMENT > SECTION 4 - CONDITIONS APPLYING TO THIS ENDORSEMENT > 4.2 Exclusions > 4.2.1 Erosion of the sub-limit",
      "clause_label": "4.2.1 Erosion of the sub-limit",
      "score": 0.0315,
      "text": "4.2.1 Erosion of the sub-limit\nEach payment made under this endorsement, including any payment for professional fees and debris removal, erodes the annual aggregate sub-limit stated in clause 2. Once the annual aggregate sub-limit is exhausted no further payment shall be made under this endorsement for the remainder of the Period of Insurance.\n\nENDORSEMENT NO. 2 - CYBER AND DATA EXCLUSION\nEffective from inception. This endorsement applies to every section of the policy and replaces any cyber exclusion previously attached.\n\nSECTION 1 - SCOPE OF THE EXCLUSION\n\n1. This exclusion applies to all coverage afforded by the policy, including any extension, endorsement or memorandum, and applies irrespective of any other cause or event contributing concurrently or in any other sequence to the loss.\n\nSECTION 2 - EXCLUSION WORDING\n\n2. Notwithstanding any provision to the contrary within this policy or any endorsement thereto, this policy excludes any loss, damage, liability, claim, cost or expense of whatsoever nature directly or indirectly caused by, contributed to by, resulting from, arising out of or in connection with any of the following, regardless of any other cause or event contributing concurrently or in any other sequence thereto:\n(a) any Cyber Act or Cyber Incident, including but not limited to any action taken in controlling, preventing, suppressing or remediating any Cyber Act or Cyber Incident, and including the cost of any forensic investigation commissioned by the Insured or by any regulator, and including any sum paid or payable to a third party by way of settlement, judgment, award or contractual indemnity in respect of such an act or incident, whether or not the Insured admitted liability;"
    },
    {
      "chunk_id": "4fa131d2878b9fbf::0006",
      "doc_id": "4fa131d2878b9fbf",
      "filename": "sample_endorsement_pack.pdf",
      "page": 3,
      "page_end": 4,
      "section_path": "ENDORSEMENT NO. 3 - BUSINESS INTERRUPTION AMENDMENTS > GENERAL CONDITIONS",
      "clause_label": "GENERAL CONDITIONS",
      "score": 0.0313,
      "text": "GENERAL CONDITIONS\n\n1. Cancellation. Either party may cancel this policy by giving 60 days written notice to the other at its last known address. Where the Insurer cancels, a pro rata return of premium shall be made provided no claim has been notified during the Period of Insurance.\n\n2. Governing law. This policy shall be governed by and construed in accordance with the law of England and Wales, and the parties submit to the exclusive jurisdiction of the courts of England and Wales.\n\n3. Premium payment. The premium is due within 45 days of inception. Failure to pay within that period entitles the Insurer to cancel in accordance with General Condition 1 above.\n\nENDORSEMENT NO. 4 - SEQUENTIAL WATER INTRUSION EXCLUSION\nEffective from 1 February 2025. This endorsement is issued under reference END-2024-0417 and adopts the exclusion wording of Form HO-0304 edition 03-24, reproduced at clause 4.3 below, which supersedes and replaces any earlier edition of Form HO-0304 referenced in the Insured's document file.\n\n4.3 Exclusion Code E-17 - Sequential Water Intrusion Events\nExclusion Code E-17 (Form HO-0304, edition 03-24). This policy does not cover loss or damage arising from a second or subsequent Flood event at the same insured location where that event occurs within 60 consecutive days of an earlier Flood event at the same location, regardless of whether a claim was made for the earlier event. This exclusion applies in addition to, and does not narrow, the deductible and sub-limit provisions of clauses 2 and 3 above.\n\n4.4 Interaction with the Flood Defence Condition\nExclusion Code E-17 does not apply where the Insured can demonstrate that the flood barriers, non-return valves and sump pumps required by clause 4.1 were tested and in good working order in the 60 days immediately preceding the second or subsequent Flood event."
    },
    {
      "chunk_id": "5ccd70c8aadf500e::0000",
      "doc_id": "5ccd70c8aadf500e",
      "filename": "form_ho0304_archive.pdf",
      "page": 1,
      "page_end": 1,
      "section_path": "FORM LIBRARY - ARCHIVED WORDING ON FILE",
      "clause_label": "FORM LIBRARY - ARCHIVED WORDING ON FILE",
      "score": 0.0308,
      "text": "FORM LIBRARY - ARCHIVED WORDING ON FILE\nThis file retains prior editions of Form HO-0304 for audit and reference purposes against policy GML-2024-88213. The edition currently endorsed to the policy is 03-24 (see the waterdamage endorsement in the main endorsement pack for its reference number). Earlier editions below are retained for reference only and do not apply to a loss occurring after the date their text says they were superseded.\n\nFORM HO-0304 - EDITION 01-22\nEXCLUSION CODE E-17 - SEQUENTIAL WATER INTRUSION EVENTS (EDITION 01-22)\n\nExclusion Code E-17 (Form HO-0304, edition 01-22). This policy does not cover loss or damage arising from a second or subsequent Flood event at the same insured location where that event occurs within 30 consecutive days of an earlier Flood event at the same location. Superseded by edition 06-22 with effect from 1 June 2022.\n\nFORM HO-0304 - EDITION 06-22\nEXCLUSION CODE E-17 - SEQUENTIAL WATER INTRUSION EVENTS (EDITION 06-22)\n\nExclusion Code E-17 (Form HO-0304, edition 06-22). This policy does not cover loss or damage arising from a second or subsequent Flood event at the same insured location where that event occurs within 35 consecutive days of an earlier Flood event at the same location. Superseded by edition 09-23 with effect from 1 September 2023.\n\nFORM HO-0304 - EDITION 09-23\nEXCLUSION CODE E-17 - SEQUENTIAL WATER INTRUSION EVENTS (EDITION 09-23)\n\nExclusion Code E-17 (Form HO-0304, edition 09-23). This policy does not cover loss or damage arising from a second or subsequent Flood event at the same insured location where that event occurs within 45 consecutive days of an earlier Flood event at the same location, save that this exclusion does not apply to a Flood event caused solely by a named windstorm. Superseded by edition 01-24 with effect from 1 January 2024."
    }
  ],
  "model": "stub:reading-comprehension-v1",
  "params": {
    "effort": "medium",
    "max_tokens": 16000
  },
  "output": {
    "claim_number": "[CLAIM NUMBER REDACTED]",
    "date_of_loss": "15 July 2026",
    "coverage_decision": "denied",
    "cited_exclusion_id": "4.2",
    "excess_amount": null,
    "summary": "Notes describe circumstances matching an excluded scenario: Notwithstanding any provision to the contrary within this policy or any endorsement thereto, this policy excludes any loss, damage, liability, claim, cost or expense of whatsoever nature directly or indirectly caused by, contributed to by, resulting from, arising out of or in connection with any of the following, regardless of any other cause or event contributing concurrently or in any other sequence thereto:\n(a) any Cyber Act or Cyber Incident, including but not limited to any action taken in controlling, preventing, suppressing or remediating any Cyber Act or Cyber Incident, and including the cost of any forensic investigation commissioned by the Insured or by any regulator, and including any sum paid or payable to a third party by way of settlement, judgment, award or contractual indemnity in respect of such an act or incident, whether or not the Insured admitted liability;",
    "citations": [
      "4fa131d2878b9fbf::0002"
    ]
  },
  "output_notes": []
}
---
{
  "trace_id": "trc_00016",
  "created_at": "2026-08-30T21:31:44.051388+00:00",
  "feature": "claim_summary",
  "prompt_version": "claim-summary-v1",
  "input_redacted": "Claim [CLAIM NUMBER REDACTED]. Insured [CLAIMANT NAME REDACTED] reports flood damage to the ground floor of the insured premises on 09 August 2026, following prolonged heavy rainfall. The site is within the mapped flood zone. Estimated repair cost GBP 619,821. No prior flood claim at this location in the last 12 months.",
  "redacted_fields": [
    "name:Ms. Nakamura",
    "claim_number:CLM-2026-34406"
  ],
  "retrieval_mode": "hybrid_bm25_rrf",
  "retrieved": [
    {
      "chunk_id": "4fa131d2878b9fbf::0000",
      "doc_id": "4fa131d2878b9fbf",
      "filename": "sample_endorsement_pack.pdf",
      "page": 1,
      "page_end": 1,
      "section_path": "GLOBAL MANUFACTURING LTD",
      "clause_label": "GLOBAL MANUFACTURING LTD",
      "score": 0.0325,
      "text": "GLOBAL MANUFACTURING LTD\n\nCOMMERCIAL PROPERTY AND LIABILITY ENDORSEMENT PACK\nPolicy Number GML-2024-88213. Period of Insurance: 1 April 2024 to 31 March 2025, both dates inclusive at the address of the Insured. This pack records every endorsement attached to the policy and supersedes any endorsement schedule issued previously.\n\nENDORSEMENT NO. 1 - FLOOD SUB-LIMIT AMENDMENT\nEffective from 1 June 2024. In consideration of the additional premium of GBP 42,750 the following amendments are made to the Property Damage section of the policy.\n\n1. DEFINITIONS\n\n1.1 Flood means the escape of water from the normal confines of any natural or artificial watercourse, lake, reservoir, canal or dam, or inundation from the sea, whether driven by storm or otherwise.\n\n1.2 Flood Zone means any location identified as Zone 2 or Zone 3 on the Environment Agency Flood Map for Planning current at the inception of this endorsement.\n\n2. AMENDMENT TO LIMIT\nThe sub-limit applicable to loss or damage caused by Flood is amended from GBP 2,500,000 to GBP 5,000,000 in the annual aggregate. The revised sub-limit applies to all insured locations combined and is part of, and not in addition to, the policy limit of GBP 40,000,000 any one occurrence.\n\n3. DEDUCTIBLE\nA deductible of GBP 250,000 each and every loss applies to loss or damage caused by Flood at any location within a Flood Zone. At all other locations the standard property deductible of GBP 50,000 each and every loss continues to apply.\n\nSECTION 4 - CONDITIONS APPLYING TO THIS ENDORSEMENT"
    },
    {
      "chunk_id": "4fa131d2878b9fbf::0001",
      "doc_id": "4fa131d2878b9fbf",
      "filename": "sample_endorsement_pack.pdf",
      "page": 1,
      "page_end": 2,
      "section_path": "ENDORSEMENT NO. 1 - FLOOD SUB-LIMIT AMENDMENT > 3. DEDUCTIBLE",
      "clause_label": "3. DEDUCTIBLE",
      "score": 0.0325,
      "text": "3. DEDUCTIBLE\nA deductible of GBP 250,000 each and every loss applies to loss or damage caused by Flood at any location within a Flood Zone. At all other locations the standard property deductible of GBP 50,000 each and every loss continues to apply.\n\nSECTION 4 - CONDITIONS APPLYING TO THIS ENDORSEMENT\n\n4.1 Flood Defence Maintenance\nThe Insured shall maintain all demountable flood barriers, non-return valves and sump pumps at each insured location in good and effective working order, and shall test them at intervals of not more than six months. A written record of each test shall be kept for a period of three years and produced to the Insurer on request.\n\n4.2 Exclusions\nNotwithstanding anything to the contrary in the policy, this endorsement does not cover loss, damage, cost or expense arising directly or indirectly out of:\n\n(a) subsidence, ground heave or landslip, whether or not caused or contributed to by Flood; (b) loss of or damage to growing crops, standing timber, or livestock in the open; (c) any property in the course of construction, erection or installation where the contract value exceeds GBP 1,000,000; (d) loss or damage to stock stored below ground level unless raised at least 150 millimetres above the finished floor level; (e) any fine, penalty or punitive damages levied by a regulator following a Flood event.\n\n4.2.1 Erosion of the sub-limit\nEach payment made under this endorsement, including any payment for professional fees and debris removal, erodes the annual aggregate sub-limit stated in clause 2. Once the annual aggregate sub-limit is exhausted no further payment shall be made under this endorsement for the remainder of the Period of Insurance."
    },
    {
      "chunk_id": "5ccd70c8aadf500e::0001",
      "doc_id": "5ccd70c8aadf500e",
      "filename": "form_ho0304_archive.pdf",
      "page": 1,
      "page_end": 1,
      "section_path": "FORM HO-0304 - EDITION 01-24",
      "clause_label": "FORM HO-0304 - EDITION 01-24",
      "score": 0.031,
      "text": "This policy does not cover loss or damage arising from a second or subsequent Flood event at the same insured location where that event occurs within 45 consecutive days of an earlier Flood event at the same location, save that this exclusion does not apply to a Flood event caused solely by a named windstorm. Superseded by edition 01-24 with effect from 1 January 2024.\n\nFORM HO-0304 - EDITION 01-24\nEXCLUSION CODE E-17 - SEQUENTIAL WATER INTRUSION EVENTS (EDITION 01-24)\n\nExclusion Code E-17 (Form HO-0304, edition 01-24). This policy does not cover loss or damage arising from a second or subsequent Flood event at the same insured location where that event occurs within 55 consecutive days of an earlier Flood event at the same location, save that this exclusion does not apply to a Flood event caused solely by a named windstorm. Superseded by edition 03-24 with effect from 1 February 2025."
    },
    {
      "chunk_id": "5ccd70c8aadf500e::0000",
      "doc_id": "5ccd70c8aadf500e",
      "filename": "form_ho0304_archive.pdf",
      "page": 1,
      "page_end": 1,
      "section_path": "FORM LIBRARY - ARCHIVED WORDING ON FILE",
      "clause_label": "FORM LIBRARY - ARCHIVED WORDING ON FILE",
      "score": 0.031,
      "text": "FORM LIBRARY - ARCHIVED WORDING ON FILE\nThis file retains prior editions of Form HO-0304 for audit and reference purposes against policy GML-2024-88213. The edition currently endorsed to the policy is 03-24 (see the waterdamage endorsement in the main endorsement pack for its reference number). Earlier editions below are retained for reference only and do not apply to a loss occurring after the date their text says they were superseded.\n\nFORM HO-0304 - EDITION 01-22\nEXCLUSION CODE E-17 - SEQUENTIAL WATER INTRUSION EVENTS (EDITION 01-22)\n\nExclusion Code E-17 (Form HO-0304, edition 01-22). This policy does not cover loss or damage arising from a second or subsequent Flood event at the same insured location where that event occurs within 30 consecutive days of an earlier Flood event at the same location. Superseded by edition 06-22 with effect from 1 June 2022.\n\nFORM HO-0304 - EDITION 06-22\nEXCLUSION CODE E-17 - SEQUENTIAL WATER INTRUSION EVENTS (EDITION 06-22)\n\nExclusion Code E-17 (Form HO-0304, edition 06-22). This policy does not cover loss or damage arising from a second or subsequent Flood event at the same insured location where that event occurs within 35 consecutive days of an earlier Flood event at the same location. Superseded by edition 09-23 with effect from 1 September 2023.\n\nFORM HO-0304 - EDITION 09-23\nEXCLUSION CODE E-17 - SEQUENTIAL WATER INTRUSION EVENTS (EDITION 09-23)\n\nExclusion Code E-17 (Form HO-0304, edition 09-23). This policy does not cover loss or damage arising from a second or subsequent Flood event at the same insured location where that event occurs within 45 consecutive days of an earlier Flood event at the same location, save that this exclusion does not apply to a Flood event caused solely by a named windstorm. Superseded by edition 01-24 with effect from 1 January 2024."
    },
    {
      "chunk_id": "4fa131d2878b9fbf::0006",
      "doc_id": "4fa131d2878b9fbf",
      "filename": "sample_endorsement_pack.pdf",
      "page": 3,
      "page_end": 4,
      "section_path": "ENDORSEMENT NO. 3 - BUSINESS INTERRUPTION AMENDMENTS > GENERAL CONDITIONS",
      "clause_label": "GENERAL CONDITIONS",
      "score": 0.031,
      "text": "GENERAL CONDITIONS\n\n1. Cancellation. Either party may cancel this policy by giving 60 days written notice to the other at its last known address. Where the Insurer cancels, a pro rata return of premium shall be made provided no claim has been notified during the Period of Insurance.\n\n2. Governing law. This policy shall be governed by and construed in accordance with the law of England and Wales, and the parties submit to the exclusive jurisdiction of the courts of England and Wales.\n\n3. Premium payment. The premium is due within 45 days of inception. Failure to pay within that period entitles the Insurer to cancel in accordance with General Condition 1 above.\n\nENDORSEMENT NO. 4 - SEQUENTIAL WATER INTRUSION EXCLUSION\nEffective from 1 February 2025. This endorsement is issued under reference END-2024-0417 and adopts the exclusion wording of Form HO-0304 edition 03-24, reproduced at clause 4.3 below, which supersedes and replaces any earlier edition of Form HO-0304 referenced in the Insured's document file.\n\n4.3 Exclusion Code E-17 - Sequential Water Intrusion Events\nExclusion Code E-17 (Form HO-0304, edition 03-24). This policy does not cover loss or damage arising from a second or subsequent Flood event at the same insured location where that event occurs within 60 consecutive days of an earlier Flood event at the same location, regardless of whether a claim was made for the earlier event. This exclusion applies in addition to, and does not narrow, the deductible and sub-limit provisions of clauses 2 and 3 above.\n\n4.4 Interaction with the Flood Defence Condition\nExclusion Code E-17 does not apply where the Insured can demonstrate that the flood barriers, non-return valves and sump pumps required by clause 4.1 were tested and in good working order in the 60 days immediately preceding the second or subsequent Flood event."
    }
  ],
  "model": "stub:reading-comprehension-v1",
  "params": {
    "effort": "medium",
    "max_tokens": 16000
  },
  "output": {
    "claim_number": "[CLAIM NUMBER REDACTED]",
    "date_of_loss": "09 August 2026",
    "coverage_decision": "denied",
    "cited_exclusion_id": "4.1",
    "excess_amount": 250000.0,
    "summary": "Notes describe circumstances matching an excluded scenario: DEDUCTIBLE\nA deductible of GBP 250,000 each and every loss applies to loss or damage caused by Flood at any location within a Flood Zone.",
    "citations": [
      "4fa131d2878b9fbf::0001"
    ]
  },
  "output_notes": []
}
---
{
  "trace_id": "trc_00017",
  "created_at": "2026-08-30T21:31:44.068443+00:00",
  "feature": "claim_summary",
  "prompt_version": "claim-summary-v1",
  "input_redacted": "Claim [CLAIM NUMBER REDACTED]. The insured's cloud hosting provider suffered an outage on 08 April 2026, taking the insured's ordering system offline for 36 hours. Insured claims lost sales of GBP 155,364.",
  "redacted_fields": [
    "claim_number:CLM-2026-47395"
  ],
  "retrieval_mode": "hybrid_bm25_rrf",
  "retrieved": [
    {
      "chunk_id": "4fa131d2878b9fbf::0003",
      "doc_id": "4fa131d2878b9fbf",
      "filename": "sample_endorsement_pack.pdf",
      "page": 2,
      "page_end": 2,
      "section_path": "ENDORSEMENT NO. 2 - CYBER AND DATA EXCLUSION > SECTION 2 - EXCLUSION WORDING > 2.",
      "clause_label": "2.",
      "score": 0.0328,
      "text": "to any action taken in controlling, preventing, suppressing or remediating any Cyber Act or Cyber Incident, and including the cost of any forensic investigation commissioned by the Insured or by any regulator, and including any sum paid or payable to a third party by way of settlement, judgment, award or contractual indemnity in respect of such an act or incident, whether or not the Insured admitted liability;\n(b) any loss of use, reduction in functionality, repair, replacement, restoration or reproduction of any Data, including any amount pertaining to the value of such Data, and including the cost of re-keying, re-entering or otherwise reconstituting Data from source documents where those documents themselves remain undamaged, and including any loss of profit consequent upon such loss of use;\n(c) the failure, malfunction, degradation, unavailability or interruption of any Computer System, whether owned or operated by the Insured or by any third party service provider, cloud host, managed service provider or telecommunications carrier upon which the Insured relies, and whether or not the Insured had a contractual right of recourse against that party;\n(d) the receipt, transmission, distribution or storage of any Malicious Code, whether or not that Malicious Code was introduced deliberately, negligently or inadvertently, and whether or not the Insured had in place anti-malware controls conforming to any recognised standard including ISO 27001 or the National Institute of Standards and Technology Cybersecurity Framework;"
    },
    {
      "chunk_id": "4fa131d2878b9fbf::0006",
      "doc_id": "4fa131d2878b9fbf",
      "filename": "sample_endorsement_pack.pdf",
      "page": 3,
      "page_end": 4,
      "section_path": "ENDORSEMENT NO. 3 - BUSINESS INTERRUPTION AMENDMENTS > GENERAL CONDITIONS",
      "clause_label": "GENERAL CONDITIONS",
      "score": 0.0323,
      "text": "GENERAL CONDITIONS\n\n1. Cancellation. Either party may cancel this policy by giving 60 days written notice to the other at its last known address. Where the Insurer cancels, a pro rata return of premium shall be made provided no claim has been notified during the Period of Insurance.\n\n2. Governing law. This policy shall be governed by and construed in accordance with the law of England and Wales, and the parties submit to the exclusive jurisdiction of the courts of England and Wales.\n\n3. Premium payment. The premium is due within 45 days of inception. Failure to pay within that period entitles the Insurer to cancel in accordance with General Condition 1 above.\n\nENDORSEMENT NO. 4 - SEQUENTIAL WATER INTRUSION EXCLUSION\nEffective from 1 February 2025. This endorsement is issued under reference END-2024-0417 and adopts the exclusion wording of Form HO-0304 edition 03-24, reproduced at clause 4.3 below, which supersedes and replaces any earlier edition of Form HO-0304 referenced in the Insured's document file.\n\n4.3 Exclusion Code E-17 - Sequential Water Intrusion Events\nExclusion Code E-17 (Form HO-0304, edition 03-24). This policy does not cover loss or damage arising from a second or subsequent Flood event at the same insured location where that event occurs within 60 consecutive days of an earlier Flood event at the same location, regardless of whether a claim was made for the earlier event. This exclusion applies in addition to, and does not narrow, the deductible and sub-limit provisions of clauses 2 and 3 above.\n\n4.4 Interaction with the Flood Defence Condition\nExclusion Code E-17 does not apply where the Insured can demonstrate that the flood barriers, non-return valves and sump pumps required by clause 4.1 were tested and in good working order in the 60 days immediately preceding the second or subsequent Flood event."
    },
    {
      "chunk_id": "4fa131d2878b9fbf::0000",
      "doc_id": "4fa131d2878b9fbf",
      "filename": "sample_endorsement_pack.pdf",
      "page": 1,
      "page_end": 1,
      "section_path": "GLOBAL MANUFACTURING LTD",
      "clause_label": "GLOBAL MANUFACTURING LTD",
      "score": 0.0315,
      "text": "GLOBAL MANUFACTURING LTD\n\nCOMMERCIAL PROPERTY AND LIABILITY ENDORSEMENT PACK\nPolicy Number GML-2024-88213. Period of Insurance: 1 April 2024 to 31 March 2025, both dates inclusive at the address of the Insured. This pack records every endorsement attached to the policy and supersedes any endorsement schedule issued previously.\n\nENDORSEMENT NO. 1 - FLOOD SUB-LIMIT AMENDMENT\nEffective from 1 June 2024. In consideration of the additional premium of GBP 42,750 the following amendments are made to the Property Damage section of the policy.\n\n1. DEFINITIONS\n\n1.1 Flood means the escape of water from the normal confines of any natural or artificial watercourse, lake, reservoir, canal or dam, or inundation from the sea, whether driven by storm or otherwise.\n\n1.2 Flood Zone means any location identified as Zone 2 or Zone 3 on the Environment Agency Flood Map for Planning current at the inception of this endorsement.\n\n2. AMENDMENT TO LIMIT\nThe sub-limit applicable to loss or damage caused by Flood is amended from GBP 2,500,000 to GBP 5,000,000 in the annual aggregate. The revised sub-limit applies to all insured locations combined and is part of, and not in addition to, the policy limit of GBP 40,000,000 any one occurrence.\n\n3. DEDUCTIBLE\nA deductible of GBP 250,000 each and every loss applies to loss or damage caused by Flood at any location within a Flood Zone. At all other locations the standard property deductible of GBP 50,000 each and every loss continues to apply.\n\nSECTION 4 - CONDITIONS APPLYING TO THIS ENDORSEMENT"
    },
    {
      "chunk_id": "4fa131d2878b9fbf::0005",
      "doc_id": "4fa131d2878b9fbf",
      "filename": "sample_endorsement_pack.pdf",
      "page": 3,
      "page_end": 3,
      "section_path": "ENDORSEMENT NO. 2 - CYBER AND DATA EXCLUSION > SECTION 2 - EXCLUSION WORDING > 2.",
      "clause_label": "2.",
      "score": 0.031,
      "text": "(h) the deliberate act of any employee, contractor or agent of the Insured taken with intent to cause a Cyber Incident, whether or not that person was acting within the scope of their employment or engagement, and whether or not the Insured had performed pre-engagement screening on that person.\n\nSECTION 3 - WRITE-BACK FOR PHYSICAL DAMAGE\n\n3. Subject to all other terms of the policy, this exclusion shall not apply to physical loss of or physical damage to insured property arising from fire or explosion which itself results from a Cyber Incident, provided that the fire or explosion is not the result of a Cyber Act committed with intent to cause physical damage.\n\nENDORSEMENT NO. 3 - BUSINESS INTERRUPTION AMENDMENTS\nEffective from 1 October 2024. The Business Interruption section is amended as set out below. All other terms, conditions and exclusions remain unaltered.\n\n1. WAITING PERIOD\nA waiting period of 72 consecutive hours applies to each and every claim under the Business Interruption section. No indemnity is payable in respect of any interruption that is remedied within the waiting period.\n\n2. INDEMNITY PERIOD\nThe maximum indemnity period is extended from 12 months to 18 months from the date on which the interruption begins.\n\n3. NOTIFICATION OF CLAIM\n3. The Insured shall give written notice to the Insurer of any event likely to give rise to a claim under this section within 30 days of that event becoming known to a director or to the risk manager of the Insured. Notice given to the broker alone does not constitute notice to the Insurer.\n\nGENERAL CONDITIONS\n\n1. Cancellation. Either party may cancel this policy by giving 60 days written notice to the other at its last known address. Where the Insurer cancels, a pro rata return of premium shall be made provided no claim has been notified during the Period of Insurance."
    },
    {
      "chunk_id": "4fa131d2878b9fbf::0001",
      "doc_id": "4fa131d2878b9fbf",
      "filename": "sample_endorsement_pack.pdf",
      "page": 1,
      "page_end": 2,
      "section_path": "ENDORSEMENT NO. 1 - FLOOD SUB-LIMIT AMENDMENT > 3. DEDUCTIBLE",
      "clause_label": "3. DEDUCTIBLE",
      "score": 0.0308,
      "text": "3. DEDUCTIBLE\nA deductible of GBP 250,000 each and every loss applies to loss or damage caused by Flood at any location within a Flood Zone. At all other locations the standard property deductible of GBP 50,000 each and every loss continues to apply.\n\nSECTION 4 - CONDITIONS APPLYING TO THIS ENDORSEMENT\n\n4.1 Flood Defence Maintenance\nThe Insured shall maintain all demountable flood barriers, non-return valves and sump pumps at each insured location in good and effective working order, and shall test them at intervals of not more than six months. A written record of each test shall be kept for a period of three years and produced to the Insurer on request.\n\n4.2 Exclusions\nNotwithstanding anything to the contrary in the policy, this endorsement does not cover loss, damage, cost or expense arising directly or indirectly out of:\n\n(a) subsidence, ground heave or landslip, whether or not caused or contributed to by Flood; (b) loss of or damage to growing crops, standing timber, or livestock in the open; (c) any property in the course of construction, erection or installation where the contract value exceeds GBP 1,000,000; (d) loss or damage to stock stored below ground level unless raised at least 150 millimetres above the finished floor level; (e) any fine, penalty or punitive damages levied by a regulator following a Flood event.\n\n4.2.1 Erosion of the sub-limit\nEach payment made under this endorsement, including any payment for professional fees and debris removal, erodes the annual aggregate sub-limit stated in clause 2. Once the annual aggregate sub-limit is exhausted no further payment shall be made under this endorsement for the remainder of the Period of Insurance."
    }
  ],
  "model": "stub:reading-comprehension-v1",
  "params": {
    "effort": "medium",
    "max_tokens": 16000
  },
  "output": {
    "claim_number": "[CLAIM NUMBER REDACTED]",
    "date_of_loss": "08 April 2026",
    "coverage_decision": "covered",
    "cited_exclusion_id": null,
    "excess_amount": null,
    "summary": "Notes match an insured peril: (c) the failure, malfunction, degradation, unavailability or interruption of any Computer System, whether owned or operated by the Insured or by any third party service provider, cloud host, managed service provider or telecommunications carrier upon which the Insured relies, and whether or not the Insured had a contractual right of recourse against that party;",
    "citations": [
      "4fa131d2878b9fbf::0003"
    ]
  },
  "output_notes": []
}
---
{
  "trace_id": "trc_00018",
  "created_at": "2026-08-30T21:31:44.080331+00:00",
  "feature": "claim_summary",
  "prompt_version": "claim-summary-v1",
  "input_redacted": "Claim [CLAIM NUMBER REDACTED]. Insured reports water damage to stock stored on the warehouse floor, discovered 24 July 2026 following heavy rainfall. Stock was not raised above floor level. Estimated damage GBP 40,853.",
  "redacted_fields": [
    "claim_number:CLM-2026-44387"
  ],
  "retrieval_mode": "hybrid_bm25_rrf",
  "retrieved": [
    {
      "chunk_id": "4fa131d2878b9fbf::0000",
      "doc_id": "4fa131d2878b9fbf",
      "filename": "sample_endorsement_pack.pdf",
      "page": 1,
      "page_end": 1,
      "section_path": "GLOBAL MANUFACTURING LTD",
      "clause_label": "GLOBAL MANUFACTURING LTD",
      "score": 0.0325,
      "text": "GLOBAL MANUFACTURING LTD\n\nCOMMERCIAL PROPERTY AND LIABILITY ENDORSEMENT PACK\nPolicy Number GML-2024-88213. Period of Insurance: 1 April 2024 to 31 March 2025, both dates inclusive at the address of the Insured. This pack records every endorsement attached to the policy and supersedes any endorsement schedule issued previously.\n\nENDORSEMENT NO. 1 - FLOOD SUB-LIMIT AMENDMENT\nEffective from 1 June 2024. In consideration of the additional premium of GBP 42,750 the following amendments are made to the Property Damage section of the policy.\n\n1. DEFINITIONS\n\n1.1 Flood means the escape of water from the normal confines of any natural or artificial watercourse, lake, reservoir, canal or dam, or inundation from the sea, whether driven by storm or otherwise.\n\n1.2 Flood Zone means any location identified as Zone 2 or Zone 3 on the Environment Agency Flood Map for Planning current at the inception of this endorsement.\n\n2. AMENDMENT TO LIMIT\nThe sub-limit applicable to loss or damage caused by Flood is amended from GBP 2,500,000 to GBP 5,000,000 in the annual aggregate. The revised sub-limit applies to all insured locations combined and is part of, and not in addition to, the policy limit of GBP 40,000,000 any one occurrence.\n\n3. DEDUCTIBLE\nA deductible of GBP 250,000 each and every loss applies to loss or damage caused by Flood at any location within a Flood Zone. At all other locations the standard property deductible of GBP 50,000 each and every loss continues to apply.\n\nSECTION 4 - CONDITIONS APPLYING TO THIS ENDORSEMENT"
    },
    {
      "chunk_id": "4fa131d2878b9fbf::0001",
      "doc_id": "4fa131d2878b9fbf",
      "filename": "sample_endorsement_pack.pdf",
      "page": 1,
      "page_end": 2,
      "section_path": "ENDORSEMENT NO. 1 - FLOOD SUB-LIMIT AMENDMENT > 3. DEDUCTIBLE",
      "clause_label": "3. DEDUCTIBLE",
      "score": 0.0318,
      "text": "3. DEDUCTIBLE\nA deductible of GBP 250,000 each and every loss applies to loss or damage caused by Flood at any location within a Flood Zone. At all other locations the standard property deductible of GBP 50,000 each and every loss continues to apply.\n\nSECTION 4 - CONDITIONS APPLYING TO THIS ENDORSEMENT\n\n4.1 Flood Defence Maintenance\nThe Insured shall maintain all demountable flood barriers, non-return valves and sump pumps at each insured location in good and effective working order, and shall test them at intervals of not more than six months. A written record of each test shall be kept for a period of three years and produced to the Insurer on request.\n\n4.2 Exclusions\nNotwithstanding anything to the contrary in the policy, this endorsement does not cover loss, damage, cost or expense arising directly or indirectly out of:\n\n(a) subsidence, ground heave or landslip, whether or not caused or contributed to by Flood; (b) loss of or damage to growing crops, standing timber, or livestock in the open; (c) any property in the course of construction, erection or installation where the contract value exceeds GBP 1,000,000; (d) loss or damage to stock stored below ground level unless raised at least 150 millimetres above the finished floor level; (e) any fine, penalty or punitive damages levied by a regulator following a Flood event.\n\n4.2.1 Erosion of the sub-limit\nEach payment made under this endorsement, including any payment for professional fees and debris removal, erodes the annual aggregate sub-limit stated in clause 2. Once the annual aggregate sub-limit is exhausted no further payment shall be made under this endorsement for the remainder of the Period of Insurance."
    },
    {
      "chunk_id": "5ccd70c8aadf500e::0000",
      "doc_id": "5ccd70c8aadf500e",
      "filename": "form_ho0304_archive.pdf",
      "page": 1,
      "page_end": 1,
      "section_path": "FORM LIBRARY - ARCHIVED WORDING ON FILE",
      "clause_label": "FORM LIBRARY - ARCHIVED WORDING ON FILE",
      "score": 0.0313,
      "text": "FORM LIBRARY - ARCHIVED WORDING ON FILE\nThis file retains prior editions of Form HO-0304 for audit and reference purposes against policy GML-2024-88213. The edition currently endorsed to the policy is 03-24 (see the waterdamage endorsement in the main endorsement pack for its reference number). Earlier editions below are retained for reference only and do not apply to a loss occurring after the date their text says they were superseded.\n\nFORM HO-0304 - EDITION 01-22\nEXCLUSION CODE E-17 - SEQUENTIAL WATER INTRUSION EVENTS (EDITION 01-22)\n\nExclusion Code E-17 (Form HO-0304, edition 01-22). This policy does not cover loss or damage arising from a second or subsequent Flood event at the same insured location where that event occurs within 30 consecutive days of an earlier Flood event at the same location. Superseded by edition 06-22 with effect from 1 June 2022.\n\nFORM HO-0304 - EDITION 06-22\nEXCLUSION CODE E-17 - SEQUENTIAL WATER INTRUSION EVENTS (EDITION 06-22)\n\nExclusion Code E-17 (Form HO-0304, edition 06-22). This policy does not cover loss or damage arising from a second or subsequent Flood event at the same insured location where that event occurs within 35 consecutive days of an earlier Flood event at the same location. Superseded by edition 09-23 with effect from 1 September 2023.\n\nFORM HO-0304 - EDITION 09-23\nEXCLUSION CODE E-17 - SEQUENTIAL WATER INTRUSION EVENTS (EDITION 09-23)\n\nExclusion Code E-17 (Form HO-0304, edition 09-23). This policy does not cover loss or damage arising from a second or subsequent Flood event at the same insured location where that event occurs within 45 consecutive days of an earlier Flood event at the same location, save that this exclusion does not apply to a Flood event caused solely by a named windstorm. Superseded by edition 01-24 with effect from 1 January 2024."
    },
    {
      "chunk_id": "4fa131d2878b9fbf::0006",
      "doc_id": "4fa131d2878b9fbf",
      "filename": "sample_endorsement_pack.pdf",
      "page": 3,
      "page_end": 4,
      "section_path": "ENDORSEMENT NO. 3 - BUSINESS INTERRUPTION AMENDMENTS > GENERAL CONDITIONS",
      "clause_label": "GENERAL CONDITIONS",
      "score": 0.0313,
      "text": "GENERAL CONDITIONS\n\n1. Cancellation. Either party may cancel this policy by giving 60 days written notice to the other at its last known address. Where the Insurer cancels, a pro rata return of premium shall be made provided no claim has been notified during the Period of Insurance.\n\n2. Governing law. This policy shall be governed by and construed in accordance with the law of England and Wales, and the parties submit to the exclusive jurisdiction of the courts of England and Wales.\n\n3. Premium payment. The premium is due within 45 days of inception. Failure to pay within that period entitles the Insurer to cancel in accordance with General Condition 1 above.\n\nENDORSEMENT NO. 4 - SEQUENTIAL WATER INTRUSION EXCLUSION\nEffective from 1 February 2025. This endorsement is issued under reference END-2024-0417 and adopts the exclusion wording of Form HO-0304 edition 03-24, reproduced at clause 4.3 below, which supersedes and replaces any earlier edition of Form HO-0304 referenced in the Insured's document file.\n\n4.3 Exclusion Code E-17 - Sequential Water Intrusion Events\nExclusion Code E-17 (Form HO-0304, edition 03-24). This policy does not cover loss or damage arising from a second or subsequent Flood event at the same insured location where that event occurs within 60 consecutive days of an earlier Flood event at the same location, regardless of whether a claim was made for the earlier event. This exclusion applies in addition to, and does not narrow, the deductible and sub-limit provisions of clauses 2 and 3 above.\n\n4.4 Interaction with the Flood Defence Condition\nExclusion Code E-17 does not apply where the Insured can demonstrate that the flood barriers, non-return valves and sump pumps required by clause 4.1 were tested and in good working order in the 60 days immediately preceding the second or subsequent Flood event."
    },
    {
      "chunk_id": "4fa131d2878b9fbf::0005",
      "doc_id": "4fa131d2878b9fbf",
      "filename": "sample_endorsement_pack.pdf",
      "page": 3,
      "page_end": 3,
      "section_path": "ENDORSEMENT NO. 2 - CYBER AND DATA EXCLUSION > SECTION 2 - EXCLUSION WORDING > 2.",
      "clause_label": "2.",
      "score": 0.0308,
      "text": "(h) the deliberate act of any employee, contractor or agent of the Insured taken with intent to cause a Cyber Incident, whether or not that person was acting within the scope of their employment or engagement, and whether or not the Insured had performed pre-engagement screening on that person.\n\nSECTION 3 - WRITE-BACK FOR PHYSICAL DAMAGE\n\n3. Subject to all other terms of the policy, this exclusion shall not apply to physical loss of or physical damage to insured property arising from fire or explosion which itself results from a Cyber Incident, provided that the fire or explosion is not the result of a Cyber Act committed with intent to cause physical damage.\n\nENDORSEMENT NO. 3 - BUSINESS INTERRUPTION AMENDMENTS\nEffective from 1 October 2024. The Business Interruption section is amended as set out below. All other terms, conditions and exclusions remain unaltered.\n\n1. WAITING PERIOD\nA waiting period of 72 consecutive hours applies to each and every claim under the Business Interruption section. No indemnity is payable in respect of any interruption that is remedied within the waiting period.\n\n2. INDEMNITY PERIOD\nThe maximum indemnity period is extended from 12 months to 18 months from the date on which the interruption begins.\n\n3. NOTIFICATION OF CLAIM\n3. The Insured shall give written notice to the Insurer of any event likely to give rise to a claim under this section within 30 days of that event becoming known to a director or to the risk manager of the Insured. Notice given to the broker alone does not constitute notice to the Insurer.\n\nGENERAL CONDITIONS\n\n1. Cancellation. Either party may cancel this policy by giving 60 days written notice to the other at its last known address. Where the Insurer cancels, a pro rata return of premium shall be made provided no claim has been notified during the Period of Insurance."
    }
  ],
  "model": "stub:reading-comprehension-v1",
  "params": {
    "effort": "medium",
    "max_tokens": 16000
  },
  "output": {
    "claim_number": "[CLAIM NUMBER REDACTED]",
    "date_of_loss": "24 July 2026",
    "coverage_decision": "denied",
    "cited_exclusion_id": "4.1",
    "excess_amount": 250000.0,
    "summary": "Notes describe circumstances matching an excluded scenario: (d) loss or damage to stock stored below ground level unless raised at least 150 millimetres above the finished floor level;",
    "citations": [
      "4fa131d2878b9fbf::0001"
    ]
  },
  "output_notes": []
}
---
{
  "trace_id": "trc_00019",
  "created_at": "2026-08-30T21:31:44.092477+00:00",
  "feature": "claim_summary",
  "prompt_version": "claim-summary-v1",
  "input_redacted": "Claim [CLAIM NUMBER REDACTED]. The insured's cloud hosting provider suffered an outage on 02 June 2026, taking the insured's ordering system offline for 36 hours. Insured claims lost sales of GBP 185,264.",
  "redacted_fields": [
    "claim_number:CLM-2026-52827"
  ],
  "retrieval_mode": "hybrid_bm25_rrf",
  "retrieved": [
    {
      "chunk_id": "4fa131d2878b9fbf::0003",
      "doc_id": "4fa131d2878b9fbf",
      "filename": "sample_endorsement_pack.pdf",
      "page": 2,
      "page_end": 2,
      "section_path": "ENDORSEMENT NO. 2 - CYBER AND DATA EXCLUSION > SECTION 2 - EXCLUSION WORDING > 2.",
      "clause_label": "2.",
      "score": 0.0328,
      "text": "to any action taken in controlling, preventing, suppressing or remediating any Cyber Act or Cyber Incident, and including the cost of any forensic investigation commissioned by the Insured or by any regulator, and including any sum paid or payable to a third party by way of settlement, judgment, award or contractual indemnity in respect of such an act or incident, whether or not the Insured admitted liability;\n(b) any loss of use, reduction in functionality, repair, replacement, restoration or reproduction of any Data, including any amount pertaining to the value of such Data, and including the cost of re-keying, re-entering or otherwise reconstituting Data from source documents where those documents themselves remain undamaged, and including any loss of profit consequent upon such loss of use;\n(c) the failure, malfunction, degradation, unavailability or interruption of any Computer System, whether owned or operated by the Insured or by any third party service provider, cloud host, managed service provider or telecommunications carrier upon which the Insured relies, and whether or not the Insured had a contractual right of recourse against that party;\n(d) the receipt, transmission, distribution or storage of any Malicious Code, whether or not that Malicious Code was introduced deliberately, negligently or inadvertently, and whether or not the Insured had in place anti-malware controls conforming to any recognised standard including ISO 27001 or the National Institute of Standards and Technology Cybersecurity Framework;"
    },
    {
      "chunk_id": "4fa131d2878b9fbf::0006",
      "doc_id": "4fa131d2878b9fbf",
      "filename": "sample_endorsement_pack.pdf",
      "page": 3,
      "page_end": 4,
      "section_path": "ENDORSEMENT NO. 3 - BUSINESS INTERRUPTION AMENDMENTS > GENERAL CONDITIONS",
      "clause_label": "GENERAL CONDITIONS",
      "score": 0.0323,
      "text": "GENERAL CONDITIONS\n\n1. Cancellation. Either party may cancel this policy by giving 60 days written notice to the other at its last known address. Where the Insurer cancels, a pro rata return of premium shall be made provided no claim has been notified during the Period of Insurance.\n\n2. Governing law. This policy shall be governed by and construed in accordance with the law of England and Wales, and the parties submit to the exclusive jurisdiction of the courts of England and Wales.\n\n3. Premium payment. The premium is due within 45 days of inception. Failure to pay within that period entitles the Insurer to cancel in accordance with General Condition 1 above.\n\nENDORSEMENT NO. 4 - SEQUENTIAL WATER INTRUSION EXCLUSION\nEffective from 1 February 2025. This endorsement is issued under reference END-2024-0417 and adopts the exclusion wording of Form HO-0304 edition 03-24, reproduced at clause 4.3 below, which supersedes and replaces any earlier edition of Form HO-0304 referenced in the Insured's document file.\n\n4.3 Exclusion Code E-17 - Sequential Water Intrusion Events\nExclusion Code E-17 (Form HO-0304, edition 03-24). This policy does not cover loss or damage arising from a second or subsequent Flood event at the same insured location where that event occurs within 60 consecutive days of an earlier Flood event at the same location, regardless of whether a claim was made for the earlier event. This exclusion applies in addition to, and does not narrow, the deductible and sub-limit provisions of clauses 2 and 3 above.\n\n4.4 Interaction with the Flood Defence Condition\nExclusion Code E-17 does not apply where the Insured can demonstrate that the flood barriers, non-return valves and sump pumps required by clause 4.1 were tested and in good working order in the 60 days immediately preceding the second or subsequent Flood event."
    },
    {
      "chunk_id": "4fa131d2878b9fbf::0000",
      "doc_id": "4fa131d2878b9fbf",
      "filename": "sample_endorsement_pack.pdf",
      "page": 1,
      "page_end": 1,
      "section_path": "GLOBAL MANUFACTURING LTD",
      "clause_label": "GLOBAL MANUFACTURING LTD",
      "score": 0.0315,
      "text": "GLOBAL MANUFACTURING LTD\n\nCOMMERCIAL PROPERTY AND LIABILITY ENDORSEMENT PACK\nPolicy Number GML-2024-88213. Period of Insurance: 1 April 2024 to 31 March 2025, both dates inclusive at the address of the Insured. This pack records every endorsement attached to the policy and supersedes any endorsement schedule issued previously.\n\nENDORSEMENT NO. 1 - FLOOD SUB-LIMIT AMENDMENT\nEffective from 1 June 2024. In consideration of the additional premium of GBP 42,750 the following amendments are made to the Property Damage section of the policy.\n\n1. DEFINITIONS\n\n1.1 Flood means the escape of water from the normal confines of any natural or artificial watercourse, lake, reservoir, canal or dam, or inundation from the sea, whether driven by storm or otherwise.\n\n1.2 Flood Zone means any location identified as Zone 2 or Zone 3 on the Environment Agency Flood Map for Planning current at the inception of this endorsement.\n\n2. AMENDMENT TO LIMIT\nThe sub-limit applicable to loss or damage caused by Flood is amended from GBP 2,500,000 to GBP 5,000,000 in the annual aggregate. The revised sub-limit applies to all insured locations combined and is part of, and not in addition to, the policy limit of GBP 40,000,000 any one occurrence.\n\n3. DEDUCTIBLE\nA deductible of GBP 250,000 each and every loss applies to loss or damage caused by Flood at any location within a Flood Zone. At all other locations the standard property deductible of GBP 50,000 each and every loss continues to apply.\n\nSECTION 4 - CONDITIONS APPLYING TO THIS ENDORSEMENT"
    },
    {
      "chunk_id": "4fa131d2878b9fbf::0005",
      "doc_id": "4fa131d2878b9fbf",
      "filename": "sample_endorsement_pack.pdf",
      "page": 3,
      "page_end": 3,
      "section_path": "ENDORSEMENT NO. 2 - CYBER AND DATA EXCLUSION > SECTION 2 - EXCLUSION WORDING > 2.",
      "clause_label": "2.",
      "score": 0.031,
      "text": "(h) the deliberate act of any employee, contractor or agent of the Insured taken with intent to cause a Cyber Incident, whether or not that person was acting within the scope of their employment or engagement, and whether or not the Insured had performed pre-engagement screening on that person.\n\nSECTION 3 - WRITE-BACK FOR PHYSICAL DAMAGE\n\n3. Subject to all other terms of the policy, this exclusion shall not apply to physical loss of or physical damage to insured property arising from fire or explosion which itself results from a Cyber Incident, provided that the fire or explosion is not the result of a Cyber Act committed with intent to cause physical damage.\n\nENDORSEMENT NO. 3 - BUSINESS INTERRUPTION AMENDMENTS\nEffective from 1 October 2024. The Business Interruption section is amended as set out below. All other terms, conditions and exclusions remain unaltered.\n\n1. WAITING PERIOD\nA waiting period of 72 consecutive hours applies to each and every claim under the Business Interruption section. No indemnity is payable in respect of any interruption that is remedied within the waiting period.\n\n2. INDEMNITY PERIOD\nThe maximum indemnity period is extended from 12 months to 18 months from the date on which the interruption begins.\n\n3. NOTIFICATION OF CLAIM\n3. The Insured shall give written notice to the Insurer of any event likely to give rise to a claim under this section within 30 days of that event becoming known to a director or to the risk manager of the Insured. Notice given to the broker alone does not constitute notice to the Insurer.\n\nGENERAL CONDITIONS\n\n1. Cancellation. Either party may cancel this policy by giving 60 days written notice to the other at its last known address. Where the Insurer cancels, a pro rata return of premium shall be made provided no claim has been notified during the Period of Insurance."
    },
    {
      "chunk_id": "4fa131d2878b9fbf::0001",
      "doc_id": "4fa131d2878b9fbf",
      "filename": "sample_endorsement_pack.pdf",
      "page": 1,
      "page_end": 2,
      "section_path": "ENDORSEMENT NO. 1 - FLOOD SUB-LIMIT AMENDMENT > 3. DEDUCTIBLE",
      "clause_label": "3. DEDUCTIBLE",
      "score": 0.0308,
      "text": "3. DEDUCTIBLE\nA deductible of GBP 250,000 each and every loss applies to loss or damage caused by Flood at any location within a Flood Zone. At all other locations the standard property deductible of GBP 50,000 each and every loss continues to apply.\n\nSECTION 4 - CONDITIONS APPLYING TO THIS ENDORSEMENT\n\n4.1 Flood Defence Maintenance\nThe Insured shall maintain all demountable flood barriers, non-return valves and sump pumps at each insured location in good and effective working order, and shall test them at intervals of not more than six months. A written record of each test shall be kept for a period of three years and produced to the Insurer on request.\n\n4.2 Exclusions\nNotwithstanding anything to the contrary in the policy, this endorsement does not cover loss, damage, cost or expense arising directly or indirectly out of:\n\n(a) subsidence, ground heave or landslip, whether or not caused or contributed to by Flood; (b) loss of or damage to growing crops, standing timber, or livestock in the open; (c) any property in the course of construction, erection or installation where the contract value exceeds GBP 1,000,000; (d) loss or damage to stock stored below ground level unless raised at least 150 millimetres above the finished floor level; (e) any fine, penalty or punitive damages levied by a regulator following a Flood event.\n\n4.2.1 Erosion of the sub-limit\nEach payment made under this endorsement, including any payment for professional fees and debris removal, erodes the annual aggregate sub-limit stated in clause 2. Once the annual aggregate sub-limit is exhausted no further payment shall be made under this endorsement for the remainder of the Period of Insurance."
    }
  ],
  "model": "stub:reading-comprehension-v1",
  "params": {
    "effort": "medium",
    "max_tokens": 16000
  },
  "output": {
    "claim_number": "[CLAIM NUMBER REDACTED]",
    "date_of_loss": "02 June 2026",
    "coverage_decision": "covered",
    "cited_exclusion_id": null,
    "excess_amount": null,
    "summary": "Notes match an insured peril: (c) the failure, malfunction, degradation, unavailability or interruption of any Computer System, whether owned or operated by the Insured or by any third party service provider, cloud host, managed service provider or telecommunications carrier upon which the Insured relies, and whether or not the Insured had a contractual right of recourse against that party;",
    "citations": [
      "4fa131d2878b9fbf::0003"
    ]
  },
  "output_notes": []
}
---
{
  "trace_id": "trc_00020",
  "created_at": "2026-08-30T21:31:44.103748+00:00",
  "feature": "claim_summary",
  "prompt_version": "claim-summary-v1",
  "input_redacted": "Claim [CLAIM NUMBER REDACTED]. A malicious intrusion into the insured's building-management system on 22 March 2026 caused an electrical fault that started a fire, causing physical damage to the premises estimated at GBP 1,571,226. No evidence the intrusion was intended to cause the fire.",
  "redacted_fields": [
    "claim_number:CLM-2026-58008"
  ],
  "retrieval_mode": "hybrid_bm25_rrf",
  "retrieved": [
    {
      "chunk_id": "4fa131d2878b9fbf::0005",
      "doc_id": "4fa131d2878b9fbf",
      "filename": "sample_endorsement_pack.pdf",
      "page": 3,
      "page_end": 3,
      "section_path": "ENDORSEMENT NO. 2 - CYBER AND DATA EXCLUSION > SECTION 2 - EXCLUSION WORDING > 2.",
      "clause_label": "2.",
      "score": 0.0323,
      "text": "(h) the deliberate act of any employee, contractor or agent of the Insured taken with intent to cause a Cyber Incident, whether or not that person was acting within the scope of their employment or engagement, and whether or not the Insured had performed pre-engagement screening on that person.\n\nSECTION 3 - WRITE-BACK FOR PHYSICAL DAMAGE\n\n3. Subject to all other terms of the policy, this exclusion shall not apply to physical loss of or physical damage to insured property arising from fire or explosion which itself results from a Cyber Incident, provided that the fire or explosion is not the result of a Cyber Act committed with intent to cause physical damage.\n\nENDORSEMENT NO. 3 - BUSINESS INTERRUPTION AMENDMENTS\nEffective from 1 October 2024. The Business Interruption section is amended as set out below. All other terms, conditions and exclusions remain unaltered.\n\n1. WAITING PERIOD\nA waiting period of 72 consecutive hours applies to each and every claim under the Business Interruption section. No indemnity is payable in respect of any interruption that is remedied within the waiting period.\n\n2. INDEMNITY PERIOD\nThe maximum indemnity period is extended from 12 months to 18 months from the date on which the interruption begins.\n\n3. NOTIFICATION OF CLAIM\n3. The Insured shall give written notice to the Insurer of any event likely to give rise to a claim under this section within 30 days of that event becoming known to a director or to the risk manager of the Insured. Notice given to the broker alone does not constitute notice to the Insurer.\n\nGENERAL CONDITIONS\n\n1. Cancellation. Either party may cancel this policy by giving 60 days written notice to the other at its last known address. Where the Insurer cancels, a pro rata return of premium shall be made provided no claim has been notified during the Period of Insurance."
    },
    {
      "chunk_id": "5ccd70c8aadf500e::0001",
      "doc_id": "5ccd70c8aadf500e",
      "filename": "form_ho0304_archive.pdf",
      "page": 1,
      "page_end": 1,
      "section_path": "FORM HO-0304 - EDITION 01-24",
      "clause_label": "FORM HO-0304 - EDITION 01-24",
      "score": 0.0315,
      "text": "This policy does not cover loss or damage arising from a second or subsequent Flood event at the same insured location where that event occurs within 45 consecutive days of an earlier Flood event at the same location, save that this exclusion does not apply to a Flood event caused solely by a named windstorm. Superseded by edition 01-24 with effect from 1 January 2024.\n\nFORM HO-0304 - EDITION 01-24\nEXCLUSION CODE E-17 - SEQUENTIAL WATER INTRUSION EVENTS (EDITION 01-24)\n\nExclusion Code E-17 (Form HO-0304, edition 01-24). This policy does not cover loss or damage arising from a second or subsequent Flood event at the same insured location where that event occurs within 55 consecutive days of an earlier Flood event at the same location, save that this exclusion does not apply to a Flood event caused solely by a named windstorm. Superseded by edition 03-24 with effect from 1 February 2025."
    },
    {
      "chunk_id": "4fa131d2878b9fbf::0000",
      "doc_id": "4fa131d2878b9fbf",
      "filename": "sample_endorsement_pack.pdf",
      "page": 1,
      "page_end": 1,
      "section_path": "GLOBAL MANUFACTURING LTD",
      "clause_label": "GLOBAL MANUFACTURING LTD",
      "score": 0.0315,
      "text": "GLOBAL MANUFACTURING LTD\n\nCOMMERCIAL PROPERTY AND LIABILITY ENDORSEMENT PACK\nPolicy Number GML-2024-88213. Period of Insurance: 1 April 2024 to 31 March 2025, both dates inclusive at the address of the Insured. This pack records every endorsement attached to the policy and supersedes any endorsement schedule issued previously.\n\nENDORSEMENT NO. 1 - FLOOD SUB-LIMIT AMENDMENT\nEffective from 1 June 2024. In consideration of the additional premium of GBP 42,750 the following amendments are made to the Property Damage section of the policy.\n\n1. DEFINITIONS\n\n1.1 Flood means the escape of water from the normal confines of any natural or artificial watercourse, lake, reservoir, canal or dam, or inundation from the sea, whether driven by storm or otherwise.\n\n1.2 Flood Zone means any location identified as Zone 2 or Zone 3 on the Environment Agency Flood Map for Planning current at the inception of this endorsement.\n\n2. AMENDMENT TO LIMIT\nThe sub-limit applicable to loss or damage caused by Flood is amended from GBP 2,500,000 to GBP 5,000,000 in the annual aggregate. The revised sub-limit applies to all insured locations combined and is part of, and not in addition to, the policy limit of GBP 40,000,000 any one occurrence.\n\n3. DEDUCTIBLE\nA deductible of GBP 250,000 each and every loss applies to loss or damage caused by Flood at any location within a Flood Zone. At all other locations the standard property deductible of GBP 50,000 each and every loss continues to apply.\n\nSECTION 4 - CONDITIONS APPLYING TO THIS ENDORSEMENT"
    },
    {
      "chunk_id": "4fa131d2878b9fbf::0001",
      "doc_id": "4fa131d2878b9fbf",
      "filename": "sample_endorsement_pack.pdf",
      "page": 1,
      "page_end": 2,
      "section_path": "ENDORSEMENT NO. 1 - FLOOD SUB-LIMIT AMENDMENT > 3. DEDUCTIBLE",
      "clause_label": "3. DEDUCTIBLE",
      "score": 0.0311,
      "text": "3. DEDUCTIBLE\nA deductible of GBP 250,000 each and every loss applies to loss or damage caused by Flood at any location within a Flood Zone. At all other locations the standard property deductible of GBP 50,000 each and every loss continues to apply.\n\nSECTION 4 - CONDITIONS APPLYING TO THIS ENDORSEMENT\n\n4.1 Flood Defence Maintenance\nThe Insured shall maintain all demountable flood barriers, non-return valves and sump pumps at each insured location in good and effective working order, and shall test them at intervals of not more than six months. A written record of each test shall be kept for a period of three years and produced to the Insurer on request.\n\n4.2 Exclusions\nNotwithstanding anything to the contrary in the policy, this endorsement does not cover loss, damage, cost or expense arising directly or indirectly out of:\n\n(a) subsidence, ground heave or landslip, whether or not caused or contributed to by Flood; (b) loss of or damage to growing crops, standing timber, or livestock in the open; (c) any property in the course of construction, erection or installation where the contract value exceeds GBP 1,000,000; (d) loss or damage to stock stored below ground level unless raised at least 150 millimetres above the finished floor level; (e) any fine, penalty or punitive damages levied by a regulator following a Flood event.\n\n4.2.1 Erosion of the sub-limit\nEach payment made under this endorsement, including any payment for professional fees and debris removal, erodes the annual aggregate sub-limit stated in clause 2. Once the annual aggregate sub-limit is exhausted no further payment shall be made under this endorsement for the remainder of the Period of Insurance."
    },
    {
      "chunk_id": "4fa131d2878b9fbf::0006",
      "doc_id": "4fa131d2878b9fbf",
      "filename": "sample_endorsement_pack.pdf",
      "page": 3,
      "page_end": 4,
      "section_path": "ENDORSEMENT NO. 3 - BUSINESS INTERRUPTION AMENDMENTS > GENERAL CONDITIONS",
      "clause_label": "GENERAL CONDITIONS",
      "score": 0.0308,
      "text": "GENERAL CONDITIONS\n\n1. Cancellation. Either party may cancel this policy by giving 60 days written notice to the other at its last known address. Where the Insurer cancels, a pro rata return of premium shall be made provided no claim has been notified during the Period of Insurance.\n\n2. Governing law. This policy shall be governed by and construed in accordance with the law of England and Wales, and the parties submit to the exclusive jurisdiction of the courts of England and Wales.\n\n3. Premium payment. The premium is due within 45 days of inception. Failure to pay within that period entitles the Insurer to cancel in accordance with General Condition 1 above.\n\nENDORSEMENT NO. 4 - SEQUENTIAL WATER INTRUSION EXCLUSION\nEffective from 1 February 2025. This endorsement is issued under reference END-2024-0417 and adopts the exclusion wording of Form HO-0304 edition 03-24, reproduced at clause 4.3 below, which supersedes and replaces any earlier edition of Form HO-0304 referenced in the Insured's document file.\n\n4.3 Exclusion Code E-17 - Sequential Water Intrusion Events\nExclusion Code E-17 (Form HO-0304, edition 03-24). This policy does not cover loss or damage arising from a second or subsequent Flood event at the same insured location where that event occurs within 60 consecutive days of an earlier Flood event at the same location, regardless of whether a claim was made for the earlier event. This exclusion applies in addition to, and does not narrow, the deductible and sub-limit provisions of clauses 2 and 3 above.\n\n4.4 Interaction with the Flood Defence Condition\nExclusion Code E-17 does not apply where the Insured can demonstrate that the flood barriers, non-return valves and sump pumps required by clause 4.1 were tested and in good working order in the 60 days immediately preceding the second or subsequent Flood event."
    }
  ],
  "model": "stub:reading-comprehension-v1",
  "params": {
    "effort": "medium",
    "max_tokens": 16000
  },
  "output": {
    "claim_number": "[CLAIM NUMBER REDACTED]",
    "date_of_loss": "22 March 2026",
    "coverage_decision": "denied",
    "cited_exclusion_id": "h",
    "excess_amount": null,
    "summary": "Notes describe circumstances matching an excluded scenario: Subject to all other terms of the policy, this exclusion shall not apply to physical loss of or physical damage to insured property arising from fire or explosion which itself results from a Cyber Incident, provided that the fire or explosion is not the result of a Cyber Act committed with intent to cause physical damage.",
    "citations": [
      "4fa131d2878b9fbf::0005"
    ]
  },
  "output_notes": []
}
---
{
  "trace_id": "trc_00021",
  "created_at": "2026-08-30T21:31:44.116369+00:00",
  "feature": "claim_summary",
  "prompt_version": "claim-summary-v1",
  "input_redacted": "Claim [CLAIM NUMBER REDACTED]. Following the flood event of 22 May 2026, the Environment Agency issued the insured a penalty notice of GBP 56,147 for a related discharge breach. Insured asks whether the penalty is covered.",
  "redacted_fields": [
    "claim_number:CLM-2026-10774"
  ],
  "retrieval_mode": "hybrid_bm25_rrf",
  "retrieved": [
    {
      "chunk_id": "4fa131d2878b9fbf::0000",
      "doc_id": "4fa131d2878b9fbf",
      "filename": "sample_endorsement_pack.pdf",
      "page": 1,
      "page_end": 1,
      "section_path": "GLOBAL MANUFACTURING LTD",
      "clause_label": "GLOBAL MANUFACTURING LTD",
      "score": 0.0328,
      "text": "GLOBAL MANUFACTURING LTD\n\nCOMMERCIAL PROPERTY AND LIABILITY ENDORSEMENT PACK\nPolicy Number GML-2024-88213. Period of Insurance: 1 April 2024 to 31 March 2025, both dates inclusive at the address of the Insured. This pack records every endorsement attached to the policy and supersedes any endorsement schedule issued previously.\n\nENDORSEMENT NO. 1 - FLOOD SUB-LIMIT AMENDMENT\nEffective from 1 June 2024. In consideration of the additional premium of GBP 42,750 the following amendments are made to the Property Damage section of the policy.\n\n1. DEFINITIONS\n\n1.1 Flood means the escape of water from the normal confines of any natural or artificial watercourse, lake, reservoir, canal or dam, or inundation from the sea, whether driven by storm or otherwise.\n\n1.2 Flood Zone means any location identified as Zone 2 or Zone 3 on the Environment Agency Flood Map for Planning current at the inception of this endorsement.\n\n2. AMENDMENT TO LIMIT\nThe sub-limit applicable to loss or damage caused by Flood is amended from GBP 2,500,000 to GBP 5,000,000 in the annual aggregate. The revised sub-limit applies to all insured locations combined and is part of, and not in addition to, the policy limit of GBP 40,000,000 any one occurrence.\n\n3. DEDUCTIBLE\nA deductible of GBP 250,000 each and every loss applies to loss or damage caused by Flood at any location within a Flood Zone. At all other locations the standard property deductible of GBP 50,000 each and every loss continues to apply.\n\nSECTION 4 - CONDITIONS APPLYING TO THIS ENDORSEMENT"
    },
    {
      "chunk_id": "4fa131d2878b9fbf::0001",
      "doc_id": "4fa131d2878b9fbf",
      "filename": "sample_endorsement_pack.pdf",
      "page": 1,
      "page_end": 2,
      "section_path": "ENDORSEMENT NO. 1 - FLOOD SUB-LIMIT AMENDMENT > 3. DEDUCTIBLE",
      "clause_label": "3. DEDUCTIBLE",
      "score": 0.0323,
      "text": "3. DEDUCTIBLE\nA deductible of GBP 250,000 each and every loss applies to loss or damage caused by Flood at any location within a Flood Zone. At all other locations the standard property deductible of GBP 50,000 each and every loss continues to apply.\n\nSECTION 4 - CONDITIONS APPLYING TO THIS ENDORSEMENT\n\n4.1 Flood Defence Maintenance\nThe Insured shall maintain all demountable flood barriers, non-return valves and sump pumps at each insured location in good and effective working order, and shall test them at intervals of not more than six months. A written record of each test shall be kept for a period of three years and produced to the Insurer on request.\n\n4.2 Exclusions\nNotwithstanding anything to the contrary in the policy, this endorsement does not cover loss, damage, cost or expense arising directly or indirectly out of:\n\n(a) subsidence, ground heave or landslip, whether or not caused or contributed to by Flood; (b) loss of or damage to growing crops, standing timber, or livestock in the open; (c) any property in the course of construction, erection or installation where the contract value exceeds GBP 1,000,000; (d) loss or damage to stock stored below ground level unless raised at least 150 millimetres above the finished floor level; (e) any fine, penalty or punitive damages levied by a regulator following a Flood event.\n\n4.2.1 Erosion of the sub-limit\nEach payment made under this endorsement, including any payment for professional fees and debris removal, erodes the annual aggregate sub-limit stated in clause 2. Once the annual aggregate sub-limit is exhausted no further payment shall be made under this endorsement for the remainder of the Period of Insurance."
    },
    {
      "chunk_id": "4fa131d2878b9fbf::0006",
      "doc_id": "4fa131d2878b9fbf",
      "filename": "sample_endorsement_pack.pdf",
      "page": 3,
      "page_end": 4,
      "section_path": "ENDORSEMENT NO. 3 - BUSINESS INTERRUPTION AMENDMENTS > GENERAL CONDITIONS",
      "clause_label": "GENERAL CONDITIONS",
      "score": 0.0313,
      "text": "GENERAL CONDITIONS\n\n1. Cancellation. Either party may cancel this policy by giving 60 days written notice to the other at its last known address. Where the Insurer cancels, a pro rata return of premium shall be made provided no claim has been notified during the Period of Insurance.\n\n2. Governing law. This policy shall be governed by and construed in accordance with the law of England and Wales, and the parties submit to the exclusive jurisdiction of the courts of England and Wales.\n\n3. Premium payment. The premium is due within 45 days of inception. Failure to pay within that period entitles the Insurer to cancel in accordance with General Condition 1 above.\n\nENDORSEMENT NO. 4 - SEQUENTIAL WATER INTRUSION EXCLUSION\nEffective from 1 February 2025. This endorsement is issued under reference END-2024-0417 and adopts the exclusion wording of Form HO-0304 edition 03-24, reproduced at clause 4.3 below, which supersedes and replaces any earlier edition of Form HO-0304 referenced in the Insured's document file.\n\n4.3 Exclusion Code E-17 - Sequential Water Intrusion Events\nExclusion Code E-17 (Form HO-0304, edition 03-24). This policy does not cover loss or damage arising from a second or subsequent Flood event at the same insured location where that event occurs within 60 consecutive days of an earlier Flood event at the same location, regardless of whether a claim was made for the earlier event. This exclusion applies in addition to, and does not narrow, the deductible and sub-limit provisions of clauses 2 and 3 above.\n\n4.4 Interaction with the Flood Defence Condition\nExclusion Code E-17 does not apply where the Insured can demonstrate that the flood barriers, non-return valves and sump pumps required by clause 4.1 were tested and in good working order in the 60 days immediately preceding the second or subsequent Flood event."
    },
    {
      "chunk_id": "5ccd70c8aadf500e::0001",
      "doc_id": "5ccd70c8aadf500e",
      "filename": "form_ho0304_archive.pdf",
      "page": 1,
      "page_end": 1,
      "section_path": "FORM HO-0304 - EDITION 01-24",
      "clause_label": "FORM HO-0304 - EDITION 01-24",
      "score": 0.0308,
      "text": "This policy does not cover loss or damage arising from a second or subsequent Flood event at the same insured location where that event occurs within 45 consecutive days of an earlier Flood event at the same location, save that this exclusion does not apply to a Flood event caused solely by a named windstorm. Superseded by edition 01-24 with effect from 1 January 2024.\n\nFORM HO-0304 - EDITION 01-24\nEXCLUSION CODE E-17 - SEQUENTIAL WATER INTRUSION EVENTS (EDITION 01-24)\n\nExclusion Code E-17 (Form HO-0304, edition 01-24). This policy does not cover loss or damage arising from a second or subsequent Flood event at the same insured location where that event occurs within 55 consecutive days of an earlier Flood event at the same location, save that this exclusion does not apply to a Flood event caused solely by a named windstorm. Superseded by edition 03-24 with effect from 1 February 2025."
    },
    {
      "chunk_id": "4fa131d2878b9fbf::0005",
      "doc_id": "4fa131d2878b9fbf",
      "filename": "sample_endorsement_pack.pdf",
      "page": 3,
      "page_end": 3,
      "section_path": "ENDORSEMENT NO. 2 - CYBER AND DATA EXCLUSION > SECTION 2 - EXCLUSION WORDING > 2.",
      "clause_label": "2.",
      "score": 0.0306,
      "text": "(h) the deliberate act of any employee, contractor or agent of the Insured taken with intent to cause a Cyber Incident, whether or not that person was acting within the scope of their employment or engagement, and whether or not the Insured had performed pre-engagement screening on that person.\n\nSECTION 3 - WRITE-BACK FOR PHYSICAL DAMAGE\n\n3. Subject to all other terms of the policy, this exclusion shall not apply to physical loss of or physical damage to insured property arising from fire or explosion which itself results from a Cyber Incident, provided that the fire or explosion is not the result of a Cyber Act committed with intent to cause physical damage.\n\nENDORSEMENT NO. 3 - BUSINESS INTERRUPTION AMENDMENTS\nEffective from 1 October 2024. The Business Interruption section is amended as set out below. All other terms, conditions and exclusions remain unaltered.\n\n1. WAITING PERIOD\nA waiting period of 72 consecutive hours applies to each and every claim under the Business Interruption section. No indemnity is payable in respect of any interruption that is remedied within the waiting period.\n\n2. INDEMNITY PERIOD\nThe maximum indemnity period is extended from 12 months to 18 months from the date on which the interruption begins.\n\n3. NOTIFICATION OF CLAIM\n3. The Insured shall give written notice to the Insurer of any event likely to give rise to a claim under this section within 30 days of that event becoming known to a director or to the risk manager of the Insured. Notice given to the broker alone does not constitute notice to the Insurer.\n\nGENERAL CONDITIONS\n\n1. Cancellation. Either party may cancel this policy by giving 60 days written notice to the other at its last known address. Where the Insurer cancels, a pro rata return of premium shall be made provided no claim has been notified during the Period of Insurance."
    }
  ],
  "model": "stub:reading-comprehension-v1",
  "params": {
    "effort": "medium",
    "max_tokens": 16000
  },
  "output": {
    "claim_number": "[CLAIM NUMBER REDACTED]",
    "date_of_loss": "22 May 2026",
    "coverage_decision": "covered",
    "cited_exclusion_id": null,
    "excess_amount": 250000.0,
    "summary": "Notes match an insured peril: 1.2 Flood Zone means any location identified as Zone 2 or Zone 3 on the Environment Agency Flood Map for Planning current at the inception of this endorsement.",
    "citations": [
      "4fa131d2878b9fbf::0000"
    ]
  },
  "output_notes": []
}
---
{
  "trace_id": "trc_00022",
  "created_at": "2026-08-30T21:31:44.128649+00:00",
  "feature": "claim_summary",
  "prompt_version": "claim-summary-v1",
  "input_redacted": "Claim [CLAIM NUMBER REDACTED]. A malicious intrusion into the insured's building-management system on 07 June 2026 caused an electrical fault that started a fire, causing physical damage to the premises estimated at GBP 482,312. No evidence the intrusion was intended to cause the fire.",
  "redacted_fields": [
    "claim_number:CLM-2026-62287"
  ],
  "retrieval_mode": "hybrid_bm25_rrf",
  "retrieved": [
    {
      "chunk_id": "4fa131d2878b9fbf::0005",
      "doc_id": "4fa131d2878b9fbf",
      "filename": "sample_endorsement_pack.pdf",
      "page": 3,
      "page_end": 3,
      "section_path": "ENDORSEMENT NO. 2 - CYBER AND DATA EXCLUSION > SECTION 2 - EXCLUSION WORDING > 2.",
      "clause_label": "2.",
      "score": 0.0325,
      "text": "(h) the deliberate act of any employee, contractor or agent of the Insured taken with intent to cause a Cyber Incident, whether or not that person was acting within the scope of their employment or engagement, and whether or not the Insured had performed pre-engagement screening on that person.\n\nSECTION 3 - WRITE-BACK FOR PHYSICAL DAMAGE\n\n3. Subject to all other terms of the policy, this exclusion shall not apply to physical loss of or physical damage to insured property arising from fire or explosion which itself results from a Cyber Incident, provided that the fire or explosion is not the result of a Cyber Act committed with intent to cause physical damage.\n\nENDORSEMENT NO. 3 - BUSINESS INTERRUPTION AMENDMENTS\nEffective from 1 October 2024. The Business Interruption section is amended as set out below. All other terms, conditions and exclusions remain unaltered.\n\n1. WAITING PERIOD\nA waiting period of 72 consecutive hours applies to each and every claim under the Business Interruption section. No indemnity is payable in respect of any interruption that is remedied within the waiting period.\n\n2. INDEMNITY PERIOD\nThe maximum indemnity period is extended from 12 months to 18 months from the date on which the interruption begins.\n\n3. NOTIFICATION OF CLAIM\n3. The Insured shall give written notice to the Insurer of any event likely to give rise to a claim under this section within 30 days of that event becoming known to a director or to the risk manager of the Insured. Notice given to the broker alone does not constitute notice to the Insurer.\n\nGENERAL CONDITIONS\n\n1. Cancellation. Either party may cancel this policy by giving 60 days written notice to the other at its last known address. Where the Insurer cancels, a pro rata return of premium shall be made provided no claim has been notified during the Period of Insurance."
    },
    {
      "chunk_id": "4fa131d2878b9fbf::0006",
      "doc_id": "4fa131d2878b9fbf",
      "filename": "sample_endorsement_pack.pdf",
      "page": 3,
      "page_end": 4,
      "section_path": "ENDORSEMENT NO. 3 - BUSINESS INTERRUPTION AMENDMENTS > GENERAL CONDITIONS",
      "clause_label": "GENERAL CONDITIONS",
      "score": 0.0313,
      "text": "GENERAL CONDITIONS\n\n1. Cancellation. Either party may cancel this policy by giving 60 days written notice to the other at its last known address. Where the Insurer cancels, a pro rata return of premium shall be made provided no claim has been notified during the Period of Insurance.\n\n2. Governing law. This policy shall be governed by and construed in accordance with the law of England and Wales, and the parties submit to the exclusive jurisdiction of the courts of England and Wales.\n\n3. Premium payment. The premium is due within 45 days of inception. Failure to pay within that period entitles the Insurer to cancel in accordance with General Condition 1 above.\n\nENDORSEMENT NO. 4 - SEQUENTIAL WATER INTRUSION EXCLUSION\nEffective from 1 February 2025. This endorsement is issued under reference END-2024-0417 and adopts the exclusion wording of Form HO-0304 edition 03-24, reproduced at clause 4.3 below, which supersedes and replaces any earlier edition of Form HO-0304 referenced in the Insured's document file.\n\n4.3 Exclusion Code E-17 - Sequential Water Intrusion Events\nExclusion Code E-17 (Form HO-0304, edition 03-24). This policy does not cover loss or damage arising from a second or subsequent Flood event at the same insured location where that event occurs within 60 consecutive days of an earlier Flood event at the same location, regardless of whether a claim was made for the earlier event. This exclusion applies in addition to, and does not narrow, the deductible and sub-limit provisions of clauses 2 and 3 above.\n\n4.4 Interaction with the Flood Defence Condition\nExclusion Code E-17 does not apply where the Insured can demonstrate that the flood barriers, non-return valves and sump pumps required by clause 4.1 were tested and in good working order in the 60 days immediately preceding the second or subsequent Flood event."
    },
    {
      "chunk_id": "5ccd70c8aadf500e::0001",
      "doc_id": "5ccd70c8aadf500e",
      "filename": "form_ho0304_archive.pdf",
      "page": 1,
      "page_end": 1,
      "section_path": "FORM HO-0304 - EDITION 01-24",
      "clause_label": "FORM HO-0304 - EDITION 01-24",
      "score": 0.0311,
      "text": "This policy does not cover loss or damage arising from a second or subsequent Flood event at the same insured location where that event occurs within 45 consecutive days of an earlier Flood event at the same location, save that this exclusion does not apply to a Flood event caused solely by a named windstorm. Superseded by edition 01-24 with effect from 1 January 2024.\n\nFORM HO-0304 - EDITION 01-24\nEXCLUSION CODE E-17 - SEQUENTIAL WATER INTRUSION EVENTS (EDITION 01-24)\n\nExclusion Code E-17 (Form HO-0304, edition 01-24). This policy does not cover loss or damage arising from a second or subsequent Flood event at the same insured location where that event occurs within 55 consecutive days of an earlier Flood event at the same location, save that this exclusion does not apply to a Flood event caused solely by a named windstorm. Superseded by edition 03-24 with effect from 1 February 2025."
    },
    {
      "chunk_id": "5ccd70c8aadf500e::0000",
      "doc_id": "5ccd70c8aadf500e",
      "filename": "form_ho0304_archive.pdf",
      "page": 1,
      "page_end": 1,
      "section_path": "FORM LIBRARY - ARCHIVED WORDING ON FILE",
      "clause_label": "FORM LIBRARY - ARCHIVED WORDING ON FILE",
      "score": 0.031,
      "text": "FORM LIBRARY - ARCHIVED WORDING ON FILE\nThis file retains prior editions of Form HO-0304 for audit and reference purposes against policy GML-2024-88213. The edition currently endorsed to the policy is 03-24 (see the waterdamage endorsement in the main endorsement pack for its reference number). Earlier editions below are retained for reference only and do not apply to a loss occurring after the date their text says they were superseded.\n\nFORM HO-0304 - EDITION 01-22\nEXCLUSION CODE E-17 - SEQUENTIAL WATER INTRUSION EVENTS (EDITION 01-22)\n\nExclusion Code E-17 (Form HO-0304, edition 01-22). This policy does not cover loss or damage arising from a second or subsequent Flood event at the same insured location where that event occurs within 30 consecutive days of an earlier Flood event at the same location. Superseded by edition 06-22 with effect from 1 June 2022.\n\nFORM HO-0304 - EDITION 06-22\nEXCLUSION CODE E-17 - SEQUENTIAL WATER INTRUSION EVENTS (EDITION 06-22)\n\nExclusion Code E-17 (Form HO-0304, edition 06-22). This policy does not cover loss or damage arising from a second or subsequent Flood event at the same insured location where that event occurs within 35 consecutive days of an earlier Flood event at the same location. Superseded by edition 09-23 with effect from 1 September 2023.\n\nFORM HO-0304 - EDITION 09-23\nEXCLUSION CODE E-17 - SEQUENTIAL WATER INTRUSION EVENTS (EDITION 09-23)\n\nExclusion Code E-17 (Form HO-0304, edition 09-23). This policy does not cover loss or damage arising from a second or subsequent Flood event at the same insured location where that event occurs within 45 consecutive days of an earlier Flood event at the same location, save that this exclusion does not apply to a Flood event caused solely by a named windstorm. Superseded by edition 01-24 with effect from 1 January 2024."
    },
    {
      "chunk_id": "4fa131d2878b9fbf::0001",
      "doc_id": "4fa131d2878b9fbf",
      "filename": "sample_endorsement_pack.pdf",
      "page": 1,
      "page_end": 2,
      "section_path": "ENDORSEMENT NO. 1 - FLOOD SUB-LIMIT AMENDMENT > 3. DEDUCTIBLE",
      "clause_label": "3. DEDUCTIBLE",
      "score": 0.0308,
      "text": "3. DEDUCTIBLE\nA deductible of GBP 250,000 each and every loss applies to loss or damage caused by Flood at any location within a Flood Zone. At all other locations the standard property deductible of GBP 50,000 each and every loss continues to apply.\n\nSECTION 4 - CONDITIONS APPLYING TO THIS ENDORSEMENT\n\n4.1 Flood Defence Maintenance\nThe Insured shall maintain all demountable flood barriers, non-return valves and sump pumps at each insured location in good and effective working order, and shall test them at intervals of not more than six months. A written record of each test shall be kept for a period of three years and produced to the Insurer on request.\n\n4.2 Exclusions\nNotwithstanding anything to the contrary in the policy, this endorsement does not cover loss, damage, cost or expense arising directly or indirectly out of:\n\n(a) subsidence, ground heave or landslip, whether or not caused or contributed to by Flood; (b) loss of or damage to growing crops, standing timber, or livestock in the open; (c) any property in the course of construction, erection or installation where the contract value exceeds GBP 1,000,000; (d) loss or damage to stock stored below ground level unless raised at least 150 millimetres above the finished floor level; (e) any fine, penalty or punitive damages levied by a regulator following a Flood event.\n\n4.2.1 Erosion of the sub-limit\nEach payment made under this endorsement, including any payment for professional fees and debris removal, erodes the annual aggregate sub-limit stated in clause 2. Once the annual aggregate sub-limit is exhausted no further payment shall be made under this endorsement for the remainder of the Period of Insurance."
    }
  ],
  "model": "stub:reading-comprehension-v1",
  "params": {
    "effort": "medium",
    "max_tokens": 16000
  },
  "output": {
    "claim_number": "[CLAIM NUMBER REDACTED]",
    "date_of_loss": "07 June 2026",
    "coverage_decision": "denied",
    "cited_exclusion_id": "h",
    "excess_amount": null,
    "summary": "Notes describe circumstances matching an excluded scenario: Subject to all other terms of the policy, this exclusion shall not apply to physical loss of or physical damage to insured property arising from fire or explosion which itself results from a Cyber Incident, provided that the fire or explosion is not the result of a Cyber Act committed with intent to cause physical damage.",
    "citations": [
      "4fa131d2878b9fbf::0005"
    ]
  },
  "output_notes": []
}
---
{
  "trace_id": "trc_00023",
  "created_at": "2026-08-30T21:31:44.142488+00:00",
  "feature": "claim_summary",
  "prompt_version": "claim-summary-v1",
  "input_redacted": "Claim [CLAIM NUMBER REDACTED]. Flood on 17 August 2026 damaged property under construction at the insured's site; contract value GBP 838,298, below the GBP 1,000,000 threshold in the policy wording.",
  "redacted_fields": [
    "claim_number:CLM-2026-67940"
  ],
  "retrieval_mode": "hybrid_bm25_rrf",
  "retrieved": [
    {
      "chunk_id": "4fa131d2878b9fbf::0000",
      "doc_id": "4fa131d2878b9fbf",
      "filename": "sample_endorsement_pack.pdf",
      "page": 1,
      "page_end": 1,
      "section_path": "GLOBAL MANUFACTURING LTD",
      "clause_label": "GLOBAL MANUFACTURING LTD",
      "score": 0.0325,
      "text": "GLOBAL MANUFACTURING LTD\n\nCOMMERCIAL PROPERTY AND LIABILITY ENDORSEMENT PACK\nPolicy Number GML-2024-88213. Period of Insurance: 1 April 2024 to 31 March 2025, both dates inclusive at the address of the Insured. This pack records every endorsement attached to the policy and supersedes any endorsement schedule issued previously.\n\nENDORSEMENT NO. 1 - FLOOD SUB-LIMIT AMENDMENT\nEffective from 1 June 2024. In consideration of the additional premium of GBP 42,750 the following amendments are made to the Property Damage section of the policy.\n\n1. DEFINITIONS\n\n1.1 Flood means the escape of water from the normal confines of any natural or artificial watercourse, lake, reservoir, canal or dam, or inundation from the sea, whether driven by storm or otherwise.\n\n1.2 Flood Zone means any location identified as Zone 2 or Zone 3 on the Environment Agency Flood Map for Planning current at the inception of this endorsement.\n\n2. AMENDMENT TO LIMIT\nThe sub-limit applicable to loss or damage caused by Flood is amended from GBP 2,500,000 to GBP 5,000,000 in the annual aggregate. The revised sub-limit applies to all insured locations combined and is part of, and not in addition to, the policy limit of GBP 40,000,000 any one occurrence.\n\n3. DEDUCTIBLE\nA deductible of GBP 250,000 each and every loss applies to loss or damage caused by Flood at any location within a Flood Zone. At all other locations the standard property deductible of GBP 50,000 each and every loss continues to apply.\n\nSECTION 4 - CONDITIONS APPLYING TO THIS ENDORSEMENT"
    },
    {
      "chunk_id": "4fa131d2878b9fbf::0001",
      "doc_id": "4fa131d2878b9fbf",
      "filename": "sample_endorsement_pack.pdf",
      "page": 1,
      "page_end": 2,
      "section_path": "ENDORSEMENT NO. 1 - FLOOD SUB-LIMIT AMENDMENT > 3. DEDUCTIBLE",
      "clause_label": "3. DEDUCTIBLE",
      "score": 0.0325,
      "text": "3. DEDUCTIBLE\nA deductible of GBP 250,000 each and every loss applies to loss or damage caused by Flood at any location within a Flood Zone. At all other locations the standard property deductible of GBP 50,000 each and every loss continues to apply.\n\nSECTION 4 - CONDITIONS APPLYING TO THIS ENDORSEMENT\n\n4.1 Flood Defence Maintenance\nThe Insured shall maintain all demountable flood barriers, non-return valves and sump pumps at each insured location in good and effective working order, and shall test them at intervals of not more than six months. A written record of each test shall be kept for a period of three years and produced to the Insurer on request.\n\n4.2 Exclusions\nNotwithstanding anything to the contrary in the policy, this endorsement does not cover loss, damage, cost or expense arising directly or indirectly out of:\n\n(a) subsidence, ground heave or landslip, whether or not caused or contributed to by Flood; (b) loss of or damage to growing crops, standing timber, or livestock in the open; (c) any property in the course of construction, erection or installation where the contract value exceeds GBP 1,000,000; (d) loss or damage to stock stored below ground level unless raised at least 150 millimetres above the finished floor level; (e) any fine, penalty or punitive damages levied by a regulator following a Flood event.\n\n4.2.1 Erosion of the sub-limit\nEach payment made under this endorsement, including any payment for professional fees and debris removal, erodes the annual aggregate sub-limit stated in clause 2. Once the annual aggregate sub-limit is exhausted no further payment shall be made under this endorsement for the remainder of the Period of Insurance."
    },
    {
      "chunk_id": "5ccd70c8aadf500e::0001",
      "doc_id": "5ccd70c8aadf500e",
      "filename": "form_ho0304_archive.pdf",
      "page": 1,
      "page_end": 1,
      "section_path": "FORM HO-0304 - EDITION 01-24",
      "clause_label": "FORM HO-0304 - EDITION 01-24",
      "score": 0.0313,
      "text": "This policy does not cover loss or damage arising from a second or subsequent Flood event at the same insured location where that event occurs within 45 consecutive days of an earlier Flood event at the same location, save that this exclusion does not apply to a Flood event caused solely by a named windstorm. Superseded by edition 01-24 with effect from 1 January 2024.\n\nFORM HO-0304 - EDITION 01-24\nEXCLUSION CODE E-17 - SEQUENTIAL WATER INTRUSION EVENTS (EDITION 01-24)\n\nExclusion Code E-17 (Form HO-0304, edition 01-24). This policy does not cover loss or damage arising from a second or subsequent Flood event at the same insured location where that event occurs within 55 consecutive days of an earlier Flood event at the same location, save that this exclusion does not apply to a Flood event caused solely by a named windstorm. Superseded by edition 03-24 with effect from 1 February 2025."
    },
    {
      "chunk_id": "4fa131d2878b9fbf::0006",
      "doc_id": "4fa131d2878b9fbf",
      "filename": "sample_endorsement_pack.pdf",
      "page": 3,
      "page_end": 4,
      "section_path": "ENDORSEMENT NO. 3 - BUSINESS INTERRUPTION AMENDMENTS > GENERAL CONDITIONS",
      "clause_label": "GENERAL CONDITIONS",
      "score": 0.0313,
      "text": "GENERAL CONDITIONS\n\n1. Cancellation. Either party may cancel this policy by giving 60 days written notice to the other at its last known address. Where the Insurer cancels, a pro rata return of premium shall be made provided no claim has been notified during the Period of Insurance.\n\n2. Governing law. This policy shall be governed by and construed in accordance with the law of England and Wales, and the parties submit to the exclusive jurisdiction of the courts of England and Wales.\n\n3. Premium payment. The premium is due within 45 days of inception. Failure to pay within that period entitles the Insurer to cancel in accordance with General Condition 1 above.\n\nENDORSEMENT NO. 4 - SEQUENTIAL WATER INTRUSION EXCLUSION\nEffective from 1 February 2025. This endorsement is issued under reference END-2024-0417 and adopts the exclusion wording of Form HO-0304 edition 03-24, reproduced at clause 4.3 below, which supersedes and replaces any earlier edition of Form HO-0304 referenced in the Insured's document file.\n\n4.3 Exclusion Code E-17 - Sequential Water Intrusion Events\nExclusion Code E-17 (Form HO-0304, edition 03-24). This policy does not cover loss or damage arising from a second or subsequent Flood event at the same insured location where that event occurs within 60 consecutive days of an earlier Flood event at the same location, regardless of whether a claim was made for the earlier event. This exclusion applies in addition to, and does not narrow, the deductible and sub-limit provisions of clauses 2 and 3 above.\n\n4.4 Interaction with the Flood Defence Condition\nExclusion Code E-17 does not apply where the Insured can demonstrate that the flood barriers, non-return valves and sump pumps required by clause 4.1 were tested and in good working order in the 60 days immediately preceding the second or subsequent Flood event."
    },
    {
      "chunk_id": "5ccd70c8aadf500e::0000",
      "doc_id": "5ccd70c8aadf500e",
      "filename": "form_ho0304_archive.pdf",
      "page": 1,
      "page_end": 1,
      "section_path": "FORM LIBRARY - ARCHIVED WORDING ON FILE",
      "clause_label": "FORM LIBRARY - ARCHIVED WORDING ON FILE",
      "score": 0.0308,
      "text": "FORM LIBRARY - ARCHIVED WORDING ON FILE\nThis file retains prior editions of Form HO-0304 for audit and reference purposes against policy GML-2024-88213. The edition currently endorsed to the policy is 03-24 (see the waterdamage endorsement in the main endorsement pack for its reference number). Earlier editions below are retained for reference only and do not apply to a loss occurring after the date their text says they were superseded.\n\nFORM HO-0304 - EDITION 01-22\nEXCLUSION CODE E-17 - SEQUENTIAL WATER INTRUSION EVENTS (EDITION 01-22)\n\nExclusion Code E-17 (Form HO-0304, edition 01-22). This policy does not cover loss or damage arising from a second or subsequent Flood event at the same insured location where that event occurs within 30 consecutive days of an earlier Flood event at the same location. Superseded by edition 06-22 with effect from 1 June 2022.\n\nFORM HO-0304 - EDITION 06-22\nEXCLUSION CODE E-17 - SEQUENTIAL WATER INTRUSION EVENTS (EDITION 06-22)\n\nExclusion Code E-17 (Form HO-0304, edition 06-22). This policy does not cover loss or damage arising from a second or subsequent Flood event at the same insured location where that event occurs within 35 consecutive days of an earlier Flood event at the same location. Superseded by edition 09-23 with effect from 1 September 2023.\n\nFORM HO-0304 - EDITION 09-23\nEXCLUSION CODE E-17 - SEQUENTIAL WATER INTRUSION EVENTS (EDITION 09-23)\n\nExclusion Code E-17 (Form HO-0304, edition 09-23). This policy does not cover loss or damage arising from a second or subsequent Flood event at the same insured location where that event occurs within 45 consecutive days of an earlier Flood event at the same location, save that this exclusion does not apply to a Flood event caused solely by a named windstorm. Superseded by edition 01-24 with effect from 1 January 2024."
    }
  ],
  "model": "stub:reading-comprehension-v1",
  "params": {
    "effort": "medium",
    "max_tokens": 16000
  },
  "output": {
    "claim_number": "[CLAIM NUMBER REDACTED]",
    "date_of_loss": "17 August 2026",
    "coverage_decision": "denied",
    "cited_exclusion_id": "4.1",
    "excess_amount": 250000.0,
    "summary": "Notes describe circumstances matching an excluded scenario: (c) any property in the course of construction, erection or installation where the contract value exceeds GBP 1,000,000;",
    "citations": [
      "4fa131d2878b9fbf::0001"
    ]
  },
  "output_notes": []
}
---
{
  "trace_id": "trc_00024",
  "created_at": "2026-08-30T21:31:44.154013+00:00",
  "feature": "claim_summary",
  "prompt_version": "claim-summary-v1",
  "input_redacted": "Claim [CLAIM NUMBER REDACTED]. Business interruption event on 20 March 2026; the insured's risk manager only notified the Insurer 52 days later. Claimed amount GBP 103,970. Insured asks whether the late notice affects the claim.",
  "redacted_fields": [
    "claim_number:CLM-2026-26455"
  ],
  "retrieval_mode": "hybrid_bm25_rrf",
  "retrieved": [
    {
      "chunk_id": "4fa131d2878b9fbf::0006",
      "doc_id": "4fa131d2878b9fbf",
      "filename": "sample_endorsement_pack.pdf",
      "page": 3,
      "page_end": 4,
      "section_path": "ENDORSEMENT NO. 3 - BUSINESS INTERRUPTION AMENDMENTS > GENERAL CONDITIONS",
      "clause_label": "GENERAL CONDITIONS",
      "score": 0.0325,
      "text": "GENERAL CONDITIONS\n\n1. Cancellation. Either party may cancel this policy by giving 60 days written notice to the other at its last known address. Where the Insurer cancels, a pro rata return of premium shall be made provided no claim has been notified during the Period of Insurance.\n\n2. Governing law. This policy shall be governed by and construed in accordance with the law of England and Wales, and the parties submit to the exclusive jurisdiction of the courts of England and Wales.\n\n3. Premium payment. The premium is due within 45 days of inception. Failure to pay within that period entitles the Insurer to cancel in accordance with General Condition 1 above.\n\nENDORSEMENT NO. 4 - SEQUENTIAL WATER INTRUSION EXCLUSION\nEffective from 1 February 2025. This endorsement is issued under reference END-2024-0417 and adopts the exclusion wording of Form HO-0304 edition 03-24, reproduced at clause 4.3 below, which supersedes and replaces any earlier edition of Form HO-0304 referenced in the Insured's document file.\n\n4.3 Exclusion Code E-17 - Sequential Water Intrusion Events\nExclusion Code E-17 (Form HO-0304, edition 03-24). This policy does not cover loss or damage arising from a second or subsequent Flood event at the same insured location where that event occurs within 60 consecutive days of an earlier Flood event at the same location, regardless of whether a claim was made for the earlier event. This exclusion applies in addition to, and does not narrow, the deductible and sub-limit provisions of clauses 2 and 3 above.\n\n4.4 Interaction with the Flood Defence Condition\nExclusion Code E-17 does not apply where the Insured can demonstrate that the flood barriers, non-return valves and sump pumps required by clause 4.1 were tested and in good working order in the 60 days immediately preceding the second or subsequent Flood event."
    },
    {
      "chunk_id": "4fa131d2878b9fbf::0005",
      "doc_id": "4fa131d2878b9fbf",
      "filename": "sample_endorsement_pack.pdf",
      "page": 3,
      "page_end": 3,
      "section_path": "ENDORSEMENT NO. 2 - CYBER AND DATA EXCLUSION > SECTION 2 - EXCLUSION WORDING > 2.",
      "clause_label": "2.",
      "score": 0.0325,
      "text": "(h) the deliberate act of any employee, contractor or agent of the Insured taken with intent to cause a Cyber Incident, whether or not that person was acting within the scope of their employment or engagement, and whether or not the Insured had performed pre-engagement screening on that person.\n\nSECTION 3 - WRITE-BACK FOR PHYSICAL DAMAGE\n\n3. Subject to all other terms of the policy, this exclusion shall not apply to physical loss of or physical damage to insured property arising from fire or explosion which itself results from a Cyber Incident, provided that the fire or explosion is not the result of a Cyber Act committed with intent to cause physical damage.\n\nENDORSEMENT NO. 3 - BUSINESS INTERRUPTION AMENDMENTS\nEffective from 1 October 2024. The Business Interruption section is amended as set out below. All other terms, conditions and exclusions remain unaltered.\n\n1. WAITING PERIOD\nA waiting period of 72 consecutive hours applies to each and every claim under the Business Interruption section. No indemnity is payable in respect of any interruption that is remedied within the waiting period.\n\n2. INDEMNITY PERIOD\nThe maximum indemnity period is extended from 12 months to 18 months from the date on which the interruption begins.\n\n3. NOTIFICATION OF CLAIM\n3. The Insured shall give written notice to the Insurer of any event likely to give rise to a claim under this section within 30 days of that event becoming known to a director or to the risk manager of the Insured. Notice given to the broker alone does not constitute notice to the Insurer.\n\nGENERAL CONDITIONS\n\n1. Cancellation. Either party may cancel this policy by giving 60 days written notice to the other at its last known address. Where the Insurer cancels, a pro rata return of premium shall be made provided no claim has been notified during the Period of Insurance."
    },
    {
      "chunk_id": "4fa131d2878b9fbf::0000",
      "doc_id": "4fa131d2878b9fbf",
      "filename": "sample_endorsement_pack.pdf",
      "page": 1,
      "page_end": 1,
      "section_path": "GLOBAL MANUFACTURING LTD",
      "clause_label": "GLOBAL MANUFACTURING LTD",
      "score": 0.0315,
      "text": "GLOBAL MANUFACTURING LTD\n\nCOMMERCIAL PROPERTY AND LIABILITY ENDORSEMENT PACK\nPolicy Number GML-2024-88213. Period of Insurance: 1 April 2024 to 31 March 2025, both dates inclusive at the address of the Insured. This pack records every endorsement attached to the policy and supersedes any endorsement schedule issued previously.\n\nENDORSEMENT NO. 1 - FLOOD SUB-LIMIT AMENDMENT\nEffective from 1 June 2024. In consideration of the additional premium of GBP 42,750 the following amendments are made to the Property Damage section of the policy.\n\n1. DEFINITIONS\n\n1.1 Flood means the escape of water from the normal confines of any natural or artificial watercourse, lake, reservoir, canal or dam, or inundation from the sea, whether driven by storm or otherwise.\n\n1.2 Flood Zone means any location identified as Zone 2 or Zone 3 on the Environment Agency Flood Map for Planning current at the inception of this endorsement.\n\n2. AMENDMENT TO LIMIT\nThe sub-limit applicable to loss or damage caused by Flood is amended from GBP 2,500,000 to GBP 5,000,000 in the annual aggregate. The revised sub-limit applies to all insured locations combined and is part of, and not in addition to, the policy limit of GBP 40,000,000 any one occurrence.\n\n3. DEDUCTIBLE\nA deductible of GBP 250,000 each and every loss applies to loss or damage caused by Flood at any location within a Flood Zone. At all other locations the standard property deductible of GBP 50,000 each and every loss continues to apply.\n\nSECTION 4 - CONDITIONS APPLYING TO THIS ENDORSEMENT"
    },
    {
      "chunk_id": "5ccd70c8aadf500e::0001",
      "doc_id": "5ccd70c8aadf500e",
      "filename": "form_ho0304_archive.pdf",
      "page": 1,
      "page_end": 1,
      "section_path": "FORM HO-0304 - EDITION 01-24",
      "clause_label": "FORM HO-0304 - EDITION 01-24",
      "score": 0.031,
      "text": "This policy does not cover loss or damage arising from a second or subsequent Flood event at the same insured location where that event occurs within 45 consecutive days of an earlier Flood event at the same location, save that this exclusion does not apply to a Flood event caused solely by a named windstorm. Superseded by edition 01-24 with effect from 1 January 2024.\n\nFORM HO-0304 - EDITION 01-24\nEXCLUSION CODE E-17 - SEQUENTIAL WATER INTRUSION EVENTS (EDITION 01-24)\n\nExclusion Code E-17 (Form HO-0304, edition 01-24). This policy does not cover loss or damage arising from a second or subsequent Flood event at the same insured location where that event occurs within 55 consecutive days of an earlier Flood event at the same location, save that this exclusion does not apply to a Flood event caused solely by a named windstorm. Superseded by edition 03-24 with effect from 1 February 2025."
    },
    {
      "chunk_id": "4fa131d2878b9fbf::0001",
      "doc_id": "4fa131d2878b9fbf",
      "filename": "sample_endorsement_pack.pdf",
      "page": 1,
      "page_end": 2,
      "section_path": "ENDORSEMENT NO. 1 - FLOOD SUB-LIMIT AMENDMENT > 3. DEDUCTIBLE",
      "clause_label": "3. DEDUCTIBLE",
      "score": 0.0305,
      "text": "3. DEDUCTIBLE\nA deductible of GBP 250,000 each and every loss applies to loss or damage caused by Flood at any location within a Flood Zone. At all other locations the standard property deductible of GBP 50,000 each and every loss continues to apply.\n\nSECTION 4 - CONDITIONS APPLYING TO THIS ENDORSEMENT\n\n4.1 Flood Defence Maintenance\nThe Insured shall maintain all demountable flood barriers, non-return valves and sump pumps at each insured location in good and effective working order, and shall test them at intervals of not more than six months. A written record of each test shall be kept for a period of three years and produced to the Insurer on request.\n\n4.2 Exclusions\nNotwithstanding anything to the contrary in the policy, this endorsement does not cover loss, damage, cost or expense arising directly or indirectly out of:\n\n(a) subsidence, ground heave or landslip, whether or not caused or contributed to by Flood; (b) loss of or damage to growing crops, standing timber, or livestock in the open; (c) any property in the course of construction, erection or installation where the contract value exceeds GBP 1,000,000; (d) loss or damage to stock stored below ground level unless raised at least 150 millimetres above the finished floor level; (e) any fine, penalty or punitive damages levied by a regulator following a Flood event.\n\n4.2.1 Erosion of the sub-limit\nEach payment made under this endorsement, including any payment for professional fees and debris removal, erodes the annual aggregate sub-limit stated in clause 2. Once the annual aggregate sub-limit is exhausted no further payment shall be made under this endorsement for the remainder of the Period of Insurance."
    }
  ],
  "model": "stub:reading-comprehension-v1",
  "params": {
    "effort": "medium",
    "max_tokens": 16000
  },
  "output": {
    "claim_number": "[CLAIM NUMBER REDACTED]",
    "date_of_loss": "20 March 2026",
    "coverage_decision": "covered",
    "cited_exclusion_id": null,
    "excess_amount": null,
    "summary": "Notes match an insured peril: The Insured shall give written notice to the Insurer of any event likely to give rise to a claim under this section within 30 days of that event becoming known to a director or to the risk manager of the Insured.",
    "citations": [
      "4fa131d2878b9fbf::0005"
    ]
  },
  "output_notes": []
}
---
{
  "trace_id": "trc_00025",
  "created_at": "2026-08-30T21:31:44.164018+00:00",
  "feature": "claim_summary",
  "prompt_version": "claim-summary-v1",
  "input_redacted": "Claim [CLAIM NUMBER REDACTED]. Flood on 16 June 2026 destroyed standing timber stored in the open yard at the insured's site. Claimed amount GBP 38,754.",
  "redacted_fields": [
    "claim_number:CLM-2026-68220"
  ],
  "retrieval_mode": "hybrid_bm25_rrf",
  "retrieved": [
    {
      "chunk_id": "4fa131d2878b9fbf::0001",
      "doc_id": "4fa131d2878b9fbf",
      "filename": "sample_endorsement_pack.pdf",
      "page": 1,
      "page_end": 2,
      "section_path": "ENDORSEMENT NO. 1 - FLOOD SUB-LIMIT AMENDMENT > 3. DEDUCTIBLE",
      "clause_label": "3. DEDUCTIBLE",
      "score": 0.0328,
      "text": "3. DEDUCTIBLE\nA deductible of GBP 250,000 each and every loss applies to loss or damage caused by Flood at any location within a Flood Zone. At all other locations the standard property deductible of GBP 50,000 each and every loss continues to apply.\n\nSECTION 4 - CONDITIONS APPLYING TO THIS ENDORSEMENT\n\n4.1 Flood Defence Maintenance\nThe Insured shall maintain all demountable flood barriers, non-return valves and sump pumps at each insured location in good and effective working order, and shall test them at intervals of not more than six months. A written record of each test shall be kept for a period of three years and produced to the Insurer on request.\n\n4.2 Exclusions\nNotwithstanding anything to the contrary in the policy, this endorsement does not cover loss, damage, cost or expense arising directly or indirectly out of:\n\n(a) subsidence, ground heave or landslip, whether or not caused or contributed to by Flood; (b) loss of or damage to growing crops, standing timber, or livestock in the open; (c) any property in the course of construction, erection or installation where the contract value exceeds GBP 1,000,000; (d) loss or damage to stock stored below ground level unless raised at least 150 millimetres above the finished floor level; (e) any fine, penalty or punitive damages levied by a regulator following a Flood event.\n\n4.2.1 Erosion of the sub-limit\nEach payment made under this endorsement, including any payment for professional fees and debris removal, erodes the annual aggregate sub-limit stated in clause 2. Once the annual aggregate sub-limit is exhausted no further payment shall be made under this endorsement for the remainder of the Period of Insurance."
    },
    {
      "chunk_id": "4fa131d2878b9fbf::0000",
      "doc_id": "4fa131d2878b9fbf",
      "filename": "sample_endorsement_pack.pdf",
      "page": 1,
      "page_end": 1,
      "section_path": "GLOBAL MANUFACTURING LTD",
      "clause_label": "GLOBAL MANUFACTURING LTD",
      "score": 0.0323,
      "text": "GLOBAL MANUFACTURING LTD\n\nCOMMERCIAL PROPERTY AND LIABILITY ENDORSEMENT PACK\nPolicy Number GML-2024-88213. Period of Insurance: 1 April 2024 to 31 March 2025, both dates inclusive at the address of the Insured. This pack records every endorsement attached to the policy and supersedes any endorsement schedule issued previously.\n\nENDORSEMENT NO. 1 - FLOOD SUB-LIMIT AMENDMENT\nEffective from 1 June 2024. In consideration of the additional premium of GBP 42,750 the following amendments are made to the Property Damage section of the policy.\n\n1. DEFINITIONS\n\n1.1 Flood means the escape of water from the normal confines of any natural or artificial watercourse, lake, reservoir, canal or dam, or inundation from the sea, whether driven by storm or otherwise.\n\n1.2 Flood Zone means any location identified as Zone 2 or Zone 3 on the Environment Agency Flood Map for Planning current at the inception of this endorsement.\n\n2. AMENDMENT TO LIMIT\nThe sub-limit applicable to loss or damage caused by Flood is amended from GBP 2,500,000 to GBP 5,000,000 in the annual aggregate. The revised sub-limit applies to all insured locations combined and is part of, and not in addition to, the policy limit of GBP 40,000,000 any one occurrence.\n\n3. DEDUCTIBLE\nA deductible of GBP 250,000 each and every loss applies to loss or damage caused by Flood at any location within a Flood Zone. At all other locations the standard property deductible of GBP 50,000 each and every loss continues to apply.\n\nSECTION 4 - CONDITIONS APPLYING TO THIS ENDORSEMENT"
    },
    {
      "chunk_id": "5ccd70c8aadf500e::0000",
      "doc_id": "5ccd70c8aadf500e",
      "filename": "form_ho0304_archive.pdf",
      "page": 1,
      "page_end": 1,
      "section_path": "FORM LIBRARY - ARCHIVED WORDING ON FILE",
      "clause_label": "FORM LIBRARY - ARCHIVED WORDING ON FILE",
      "score": 0.0313,
      "text": "FORM LIBRARY - ARCHIVED WORDING ON FILE\nThis file retains prior editions of Form HO-0304 for audit and reference purposes against policy GML-2024-88213. The edition currently endorsed to the policy is 03-24 (see the waterdamage endorsement in the main endorsement pack for its reference number). Earlier editions below are retained for reference only and do not apply to a loss occurring after the date their text says they were superseded.\n\nFORM HO-0304 - EDITION 01-22\nEXCLUSION CODE E-17 - SEQUENTIAL WATER INTRUSION EVENTS (EDITION 01-22)\n\nExclusion Code E-17 (Form HO-0304, edition 01-22). This policy does not cover loss or damage arising from a second or subsequent Flood event at the same insured location where that event occurs within 30 consecutive days of an earlier Flood event at the same location. Superseded by edition 06-22 with effect from 1 June 2022.\n\nFORM HO-0304 - EDITION 06-22\nEXCLUSION CODE E-17 - SEQUENTIAL WATER INTRUSION EVENTS (EDITION 06-22)\n\nExclusion Code E-17 (Form HO-0304, edition 06-22). This policy does not cover loss or damage arising from a second or subsequent Flood event at the same insured location where that event occurs within 35 consecutive days of an earlier Flood event at the same location. Superseded by edition 09-23 with effect from 1 September 2023.\n\nFORM HO-0304 - EDITION 09-23\nEXCLUSION CODE E-17 - SEQUENTIAL WATER INTRUSION EVENTS (EDITION 09-23)\n\nExclusion Code E-17 (Form HO-0304, edition 09-23). This policy does not cover loss or damage arising from a second or subsequent Flood event at the same insured location where that event occurs within 45 consecutive days of an earlier Flood event at the same location, save that this exclusion does not apply to a Flood event caused solely by a named windstorm. Superseded by edition 01-24 with effect from 1 January 2024."
    },
    {
      "chunk_id": "4fa131d2878b9fbf::0006",
      "doc_id": "4fa131d2878b9fbf",
      "filename": "sample_endorsement_pack.pdf",
      "page": 3,
      "page_end": 4,
      "section_path": "ENDORSEMENT NO. 3 - BUSINESS INTERRUPTION AMENDMENTS > GENERAL CONDITIONS",
      "clause_label": "GENERAL CONDITIONS",
      "score": 0.0313,
      "text": "GENERAL CONDITIONS\n\n1. Cancellation. Either party may cancel this policy by giving 60 days written notice to the other at its last known address. Where the Insurer cancels, a pro rata return of premium shall be made provided no claim has been notified during the Period of Insurance.\n\n2. Governing law. This policy shall be governed by and construed in accordance with the law of England and Wales, and the parties submit to the exclusive jurisdiction of the courts of England and Wales.\n\n3. Premium payment. The premium is due within 45 days of inception. Failure to pay within that period entitles the Insurer to cancel in accordance with General Condition 1 above.\n\nENDORSEMENT NO. 4 - SEQUENTIAL WATER INTRUSION EXCLUSION\nEffective from 1 February 2025. This endorsement is issued under reference END-2024-0417 and adopts the exclusion wording of Form HO-0304 edition 03-24, reproduced at clause 4.3 below, which supersedes and replaces any earlier edition of Form HO-0304 referenced in the Insured's document file.\n\n4.3 Exclusion Code E-17 - Sequential Water Intrusion Events\nExclusion Code E-17 (Form HO-0304, edition 03-24). This policy does not cover loss or damage arising from a second or subsequent Flood event at the same insured location where that event occurs within 60 consecutive days of an earlier Flood event at the same location, regardless of whether a claim was made for the earlier event. This exclusion applies in addition to, and does not narrow, the deductible and sub-limit provisions of clauses 2 and 3 above.\n\n4.4 Interaction with the Flood Defence Condition\nExclusion Code E-17 does not apply where the Insured can demonstrate that the flood barriers, non-return valves and sump pumps required by clause 4.1 were tested and in good working order in the 60 days immediately preceding the second or subsequent Flood event."
    },
    {
      "chunk_id": "5ccd70c8aadf500e::0001",
      "doc_id": "5ccd70c8aadf500e",
      "filename": "form_ho0304_archive.pdf",
      "page": 1,
      "page_end": 1,
      "section_path": "FORM HO-0304 - EDITION 01-24",
      "clause_label": "FORM HO-0304 - EDITION 01-24",
      "score": 0.0306,
      "text": "This policy does not cover loss or damage arising from a second or subsequent Flood event at the same insured location where that event occurs within 45 consecutive days of an earlier Flood event at the same location, save that this exclusion does not apply to a Flood event caused solely by a named windstorm. Superseded by edition 01-24 with effect from 1 January 2024.\n\nFORM HO-0304 - EDITION 01-24\nEXCLUSION CODE E-17 - SEQUENTIAL WATER INTRUSION EVENTS (EDITION 01-24)\n\nExclusion Code E-17 (Form HO-0304, edition 01-24). This policy does not cover loss or damage arising from a second or subsequent Flood event at the same insured location where that event occurs within 55 consecutive days of an earlier Flood event at the same location, save that this exclusion does not apply to a Flood event caused solely by a named windstorm. Superseded by edition 03-24 with effect from 1 February 2025."
    }
  ],
  "model": "stub:reading-comprehension-v1",
  "params": {
    "effort": "medium",
    "max_tokens": 16000
  },
  "output": {
    "claim_number": "[CLAIM NUMBER REDACTED]",
    "date_of_loss": "16 June 2026",
    "coverage_decision": "denied",
    "cited_exclusion_id": "4.1",
    "excess_amount": 250000.0,
    "summary": "Notes describe circumstances matching an excluded scenario: (b) loss of or damage to growing crops, standing timber, or livestock in the open;",
    "citations": [
      "4fa131d2878b9fbf::0001"
    ]
  },
  "output_notes": []
}
---
{
  "trace_id": "trc_00026",
  "created_at": "2026-08-30T21:31:44.176399+00:00",
  "feature": "claim_summary",
  "prompt_version": "claim-summary-v1",
  "input_redacted": "Claim [CLAIM NUMBER REDACTED]. Water ingress at the insured's premises on 24 May 2026 after a burst water main nearby; the site is NOT within the mapped flood zone. Estimated damage GBP 69,705. Insured asks which deductible applies.",
  "redacted_fields": [
    "claim_number:CLM-2026-85279"
  ],
  "retrieval_mode": "hybrid_bm25_rrf",
  "retrieved": [
    {
      "chunk_id": "4fa131d2878b9fbf::0001",
      "doc_id": "4fa131d2878b9fbf",
      "filename": "sample_endorsement_pack.pdf",
      "page": 1,
      "page_end": 2,
      "section_path": "ENDORSEMENT NO. 1 - FLOOD SUB-LIMIT AMENDMENT > 3. DEDUCTIBLE",
      "clause_label": "3. DEDUCTIBLE",
      "score": 0.0323,
      "text": "3. DEDUCTIBLE\nA deductible of GBP 250,000 each and every loss applies to loss or damage caused by Flood at any location within a Flood Zone. At all other locations the standard property deductible of GBP 50,000 each and every loss continues to apply.\n\nSECTION 4 - CONDITIONS APPLYING TO THIS ENDORSEMENT\n\n4.1 Flood Defence Maintenance\nThe Insured shall maintain all demountable flood barriers, non-return valves and sump pumps at each insured location in good and effective working order, and shall test them at intervals of not more than six months. A written record of each test shall be kept for a period of three years and produced to the Insurer on request.\n\n4.2 Exclusions\nNotwithstanding anything to the contrary in the policy, this endorsement does not cover loss, damage, cost or expense arising directly or indirectly out of:\n\n(a) subsidence, ground heave or landslip, whether or not caused or contributed to by Flood; (b) loss of or damage to growing crops, standing timber, or livestock in the open; (c) any property in the course of construction, erection or installation where the contract value exceeds GBP 1,000,000; (d) loss or damage to stock stored below ground level unless raised at least 150 millimetres above the finished floor level; (e) any fine, penalty or punitive damages levied by a regulator following a Flood event.\n\n4.2.1 Erosion of the sub-limit\nEach payment made under this endorsement, including any payment for professional fees and debris removal, erodes the annual aggregate sub-limit stated in clause 2. Once the annual aggregate sub-limit is exhausted no further payment shall be made under this endorsement for the remainder of the Period of Insurance."
    },
    {
      "chunk_id": "4fa131d2878b9fbf::0000",
      "doc_id": "4fa131d2878b9fbf",
      "filename": "sample_endorsement_pack.pdf",
      "page": 1,
      "page_end": 1,
      "section_path": "GLOBAL MANUFACTURING LTD",
      "clause_label": "GLOBAL MANUFACTURING LTD",
      "score": 0.0323,
      "text": "GLOBAL MANUFACTURING LTD\n\nCOMMERCIAL PROPERTY AND LIABILITY ENDORSEMENT PACK\nPolicy Number GML-2024-88213. Period of Insurance: 1 April 2024 to 31 March 2025, both dates inclusive at the address of the Insured. This pack records every endorsement attached to the policy and supersedes any endorsement schedule issued previously.\n\nENDORSEMENT NO. 1 - FLOOD SUB-LIMIT AMENDMENT\nEffective from 1 June 2024. In consideration of the additional premium of GBP 42,750 the following amendments are made to the Property Damage section of the policy.\n\n1. DEFINITIONS\n\n1.1 Flood means the escape of water from the normal confines of any natural or artificial watercourse, lake, reservoir, canal or dam, or inundation from the sea, whether driven by storm or otherwise.\n\n1.2 Flood Zone means any location identified as Zone 2 or Zone 3 on the Environment Agency Flood Map for Planning current at the inception of this endorsement.\n\n2. AMENDMENT TO LIMIT\nThe sub-limit applicable to loss or damage caused by Flood is amended from GBP 2,500,000 to GBP 5,000,000 in the annual aggregate. The revised sub-limit applies to all insured locations combined and is part of, and not in addition to, the policy limit of GBP 40,000,000 any one occurrence.\n\n3. DEDUCTIBLE\nA deductible of GBP 250,000 each and every loss applies to loss or damage caused by Flood at any location within a Flood Zone. At all other locations the standard property deductible of GBP 50,000 each and every loss continues to apply.\n\nSECTION 4 - CONDITIONS APPLYING TO THIS ENDORSEMENT"
    },
    {
      "chunk_id": "4fa131d2878b9fbf::0006",
      "doc_id": "4fa131d2878b9fbf",
      "filename": "sample_endorsement_pack.pdf",
      "page": 3,
      "page_end": 4,
      "section_path": "ENDORSEMENT NO. 3 - BUSINESS INTERRUPTION AMENDMENTS > GENERAL CONDITIONS",
      "clause_label": "GENERAL CONDITIONS",
      "score": 0.0318,
      "text": "GENERAL CONDITIONS\n\n1. Cancellation. Either party may cancel this policy by giving 60 days written notice to the other at its last known address. Where the Insurer cancels, a pro rata return of premium shall be made provided no claim has been notified during the Period of Insurance.\n\n2. Governing law. This policy shall be governed by and construed in accordance with the law of England and Wales, and the parties submit to the exclusive jurisdiction of the courts of England and Wales.\n\n3. Premium payment. The premium is due within 45 days of inception. Failure to pay within that period entitles the Insurer to cancel in accordance with General Condition 1 above.\n\nENDORSEMENT NO. 4 - SEQUENTIAL WATER INTRUSION EXCLUSION\nEffective from 1 February 2025. This endorsement is issued under reference END-2024-0417 and adopts the exclusion wording of Form HO-0304 edition 03-24, reproduced at clause 4.3 below, which supersedes and replaces any earlier edition of Form HO-0304 referenced in the Insured's document file.\n\n4.3 Exclusion Code E-17 - Sequential Water Intrusion Events\nExclusion Code E-17 (Form HO-0304, edition 03-24). This policy does not cover loss or damage arising from a second or subsequent Flood event at the same insured location where that event occurs within 60 consecutive days of an earlier Flood event at the same location, regardless of whether a claim was made for the earlier event. This exclusion applies in addition to, and does not narrow, the deductible and sub-limit provisions of clauses 2 and 3 above.\n\n4.4 Interaction with the Flood Defence Condition\nExclusion Code E-17 does not apply where the Insured can demonstrate that the flood barriers, non-return valves and sump pumps required by clause 4.1 were tested and in good working order in the 60 days immediately preceding the second or subsequent Flood event."
    },
    {
      "chunk_id": "5ccd70c8aadf500e::0000",
      "doc_id": "5ccd70c8aadf500e",
      "filename": "form_ho0304_archive.pdf",
      "page": 1,
      "page_end": 1,
      "section_path": "FORM LIBRARY - ARCHIVED WORDING ON FILE",
      "clause_label": "FORM LIBRARY - ARCHIVED WORDING ON FILE",
      "score": 0.0312,
      "text": "FORM LIBRARY - ARCHIVED WORDING ON FILE\nThis file retains prior editions of Form HO-0304 for audit and reference purposes against policy GML-2024-88213. The edition currently endorsed to the policy is 03-24 (see the waterdamage endorsement in the main endorsement pack for its reference number). Earlier editions below are retained for reference only and do not apply to a loss occurring after the date their text says they were superseded.\n\nFORM HO-0304 - EDITION 01-22\nEXCLUSION CODE E-17 - SEQUENTIAL WATER INTRUSION EVENTS (EDITION 01-22)\n\nExclusion Code E-17 (Form HO-0304, edition 01-22). This policy does not cover loss or damage arising from a second or subsequent Flood event at the same insured location where that event occurs within 30 consecutive days of an earlier Flood event at the same location. Superseded by edition 06-22 with effect from 1 June 2022.\n\nFORM HO-0304 - EDITION 06-22\nEXCLUSION CODE E-17 - SEQUENTIAL WATER INTRUSION EVENTS (EDITION 06-22)\n\nExclusion Code E-17 (Form HO-0304, edition 06-22). This policy does not cover loss or damage arising from a second or subsequent Flood event at the same insured location where that event occurs within 35 consecutive days of an earlier Flood event at the same location. Superseded by edition 09-23 with effect from 1 September 2023.\n\nFORM HO-0304 - EDITION 09-23\nEXCLUSION CODE E-17 - SEQUENTIAL WATER INTRUSION EVENTS (EDITION 09-23)\n\nExclusion Code E-17 (Form HO-0304, edition 09-23). This policy does not cover loss or damage arising from a second or subsequent Flood event at the same insured location where that event occurs within 45 consecutive days of an earlier Flood event at the same location, save that this exclusion does not apply to a Flood event caused solely by a named windstorm. Superseded by edition 01-24 with effect from 1 January 2024."
    },
    {
      "chunk_id": "5ccd70c8aadf500e::0001",
      "doc_id": "5ccd70c8aadf500e",
      "filename": "form_ho0304_archive.pdf",
      "page": 1,
      "page_end": 1,
      "section_path": "FORM HO-0304 - EDITION 01-24",
      "clause_label": "FORM HO-0304 - EDITION 01-24",
      "score": 0.031,
      "text": "This policy does not cover loss or damage arising from a second or subsequent Flood event at the same insured location where that event occurs within 45 consecutive days of an earlier Flood event at the same location, save that this exclusion does not apply to a Flood event caused solely by a named windstorm. Superseded by edition 01-24 with effect from 1 January 2024.\n\nFORM HO-0304 - EDITION 01-24\nEXCLUSION CODE E-17 - SEQUENTIAL WATER INTRUSION EVENTS (EDITION 01-24)\n\nExclusion Code E-17 (Form HO-0304, edition 01-24). This policy does not cover loss or damage arising from a second or subsequent Flood event at the same insured location where that event occurs within 55 consecutive days of an earlier Flood event at the same location, save that this exclusion does not apply to a Flood event caused solely by a named windstorm. Superseded by edition 03-24 with effect from 1 February 2025."
    }
  ],
  "model": "stub:reading-comprehension-v1",
  "params": {
    "effort": "medium",
    "max_tokens": 16000
  },
  "output": {
    "claim_number": "[CLAIM NUMBER REDACTED]",
    "date_of_loss": "24 May 2026",
    "coverage_decision": "covered",
    "cited_exclusion_id": null,
    "excess_amount": 250000.0,
    "summary": "Notes match an insured peril: DEDUCTIBLE\nA deductible of GBP 250,000 each and every loss applies to loss or damage caused by Flood at any location within a Flood Zone.",
    "citations": [
      "4fa131d2878b9fbf::0000"
    ]
  },
  "output_notes": []
}
---
{
  "trace_id": "trc_00027",
  "created_at": "2026-08-30T21:31:44.187113+00:00",
  "feature": "claim_summary",
  "prompt_version": "claim-summary-v1",
  "input_redacted": "Claim [CLAIM NUMBER REDACTED]. Flood on 09 June 2026 damaged property under construction at the insured's site; contract value GBP 225,811, below the GBP 1,000,000 threshold in the policy wording.",
  "redacted_fields": [
    "claim_number:CLM-2026-02812"
  ],
  "retrieval_mode": "hybrid_bm25_rrf",
  "retrieved": [
    {
      "chunk_id": "4fa131d2878b9fbf::0000",
      "doc_id": "4fa131d2878b9fbf",
      "filename": "sample_endorsement_pack.pdf",
      "page": 1,
      "page_end": 1,
      "section_path": "GLOBAL MANUFACTURING LTD",
      "clause_label": "GLOBAL MANUFACTURING LTD",
      "score": 0.0325,
      "text": "GLOBAL MANUFACTURING LTD\n\nCOMMERCIAL PROPERTY AND LIABILITY ENDORSEMENT PACK\nPolicy Number GML-2024-88213. Period of Insurance: 1 April 2024 to 31 March 2025, both dates inclusive at the address of the Insured. This pack records every endorsement attached to the policy and supersedes any endorsement schedule issued previously.\n\nENDORSEMENT NO. 1 - FLOOD SUB-LIMIT AMENDMENT\nEffective from 1 June 2024. In consideration of the additional premium of GBP 42,750 the following amendments are made to the Property Damage section of the policy.\n\n1. DEFINITIONS\n\n1.1 Flood means the escape of water from the normal confines of any natural or artificial watercourse, lake, reservoir, canal or dam, or inundation from the sea, whether driven by storm or otherwise.\n\n1.2 Flood Zone means any location identified as Zone 2 or Zone 3 on the Environment Agency Flood Map for Planning current at the inception of this endorsement.\n\n2. AMENDMENT TO LIMIT\nThe sub-limit applicable to loss or damage caused by Flood is amended from GBP 2,500,000 to GBP 5,000,000 in the annual aggregate. The revised sub-limit applies to all insured locations combined and is part of, and not in addition to, the policy limit of GBP 40,000,000 any one occurrence.\n\n3. DEDUCTIBLE\nA deductible of GBP 250,000 each and every loss applies to loss or damage caused by Flood at any location within a Flood Zone. At all other locations the standard property deductible of GBP 50,000 each and every loss continues to apply.\n\nSECTION 4 - CONDITIONS APPLYING TO THIS ENDORSEMENT"
    },
    {
      "chunk_id": "4fa131d2878b9fbf::0001",
      "doc_id": "4fa131d2878b9fbf",
      "filename": "sample_endorsement_pack.pdf",
      "page": 1,
      "page_end": 2,
      "section_path": "ENDORSEMENT NO. 1 - FLOOD SUB-LIMIT AMENDMENT > 3. DEDUCTIBLE",
      "clause_label": "3. DEDUCTIBLE",
      "score": 0.0325,
      "text": "3. DEDUCTIBLE\nA deductible of GBP 250,000 each and every loss applies to loss or damage caused by Flood at any location within a Flood Zone. At all other locations the standard property deductible of GBP 50,000 each and every loss continues to apply.\n\nSECTION 4 - CONDITIONS APPLYING TO THIS ENDORSEMENT\n\n4.1 Flood Defence Maintenance\nThe Insured shall maintain all demountable flood barriers, non-return valves and sump pumps at each insured location in good and effective working order, and shall test them at intervals of not more than six months. A written record of each test shall be kept for a period of three years and produced to the Insurer on request.\n\n4.2 Exclusions\nNotwithstanding anything to the contrary in the policy, this endorsement does not cover loss, damage, cost or expense arising directly or indirectly out of:\n\n(a) subsidence, ground heave or landslip, whether or not caused or contributed to by Flood; (b) loss of or damage to growing crops, standing timber, or livestock in the open; (c) any property in the course of construction, erection or installation where the contract value exceeds GBP 1,000,000; (d) loss or damage to stock stored below ground level unless raised at least 150 millimetres above the finished floor level; (e) any fine, penalty or punitive damages levied by a regulator following a Flood event.\n\n4.2.1 Erosion of the sub-limit\nEach payment made under this endorsement, including any payment for professional fees and debris removal, erodes the annual aggregate sub-limit stated in clause 2. Once the annual aggregate sub-limit is exhausted no further payment shall be made under this endorsement for the remainder of the Period of Insurance."
    },
    {
      "chunk_id": "4fa131d2878b9fbf::0006",
      "doc_id": "4fa131d2878b9fbf",
      "filename": "sample_endorsement_pack.pdf",
      "page": 3,
      "page_end": 4,
      "section_path": "ENDORSEMENT NO. 3 - BUSINESS INTERRUPTION AMENDMENTS > GENERAL CONDITIONS",
      "clause_label": "GENERAL CONDITIONS",
      "score": 0.0313,
      "text": "GENERAL CONDITIONS\n\n1. Cancellation. Either party may cancel this policy by giving 60 days written notice to the other at its last known address. Where the Insurer cancels, a pro rata return of premium shall be made provided no claim has been notified during the Period of Insurance.\n\n2. Governing law. This policy shall be governed by and construed in accordance with the law of England and Wales, and the parties submit to the exclusive jurisdiction of the courts of England and Wales.\n\n3. Premium payment. The premium is due within 45 days of inception. Failure to pay within that period entitles the Insurer to cancel in accordance with General Condition 1 above.\n\nENDORSEMENT NO. 4 - SEQUENTIAL WATER INTRUSION EXCLUSION\nEffective from 1 February 2025. This endorsement is issued under reference END-2024-0417 and adopts the exclusion wording of Form HO-0304 edition 03-24, reproduced at clause 4.3 below, which supersedes and replaces any earlier edition of Form HO-0304 referenced in the Insured's document file.\n\n4.3 Exclusion Code E-17 - Sequential Water Intrusion Events\nExclusion Code E-17 (Form HO-0304, edition 03-24). This policy does not cover loss or damage arising from a second or subsequent Flood event at the same insured location where that event occurs within 60 consecutive days of an earlier Flood event at the same location, regardless of whether a claim was made for the earlier event. This exclusion applies in addition to, and does not narrow, the deductible and sub-limit provisions of clauses 2 and 3 above.\n\n4.4 Interaction with the Flood Defence Condition\nExclusion Code E-17 does not apply where the Insured can demonstrate that the flood barriers, non-return valves and sump pumps required by clause 4.1 were tested and in good working order in the 60 days immediately preceding the second or subsequent Flood event."
    },
    {
      "chunk_id": "5ccd70c8aadf500e::0000",
      "doc_id": "5ccd70c8aadf500e",
      "filename": "form_ho0304_archive.pdf",
      "page": 1,
      "page_end": 1,
      "section_path": "FORM LIBRARY - ARCHIVED WORDING ON FILE",
      "clause_label": "FORM LIBRARY - ARCHIVED WORDING ON FILE",
      "score": 0.0312,
      "text": "FORM LIBRARY - ARCHIVED WORDING ON FILE\nThis file retains prior editions of Form HO-0304 for audit and reference purposes against policy GML-2024-88213. The edition currently endorsed to the policy is 03-24 (see the waterdamage endorsement in the main endorsement pack for its reference number). Earlier editions below are retained for reference only and do not apply to a loss occurring after the date their text says they were superseded.\n\nFORM HO-0304 - EDITION 01-22\nEXCLUSION CODE E-17 - SEQUENTIAL WATER INTRUSION EVENTS (EDITION 01-22)\n\nExclusion Code E-17 (Form HO-0304, edition 01-22). This policy does not cover loss or damage arising from a second or subsequent Flood event at the same insured location where that event occurs within 30 consecutive days of an earlier Flood event at the same location. Superseded by edition 06-22 with effect from 1 June 2022.\n\nFORM HO-0304 - EDITION 06-22\nEXCLUSION CODE E-17 - SEQUENTIAL WATER INTRUSION EVENTS (EDITION 06-22)\n\nExclusion Code E-17 (Form HO-0304, edition 06-22). This policy does not cover loss or damage arising from a second or subsequent Flood event at the same insured location where that event occurs within 35 consecutive days of an earlier Flood event at the same location. Superseded by edition 09-23 with effect from 1 September 2023.\n\nFORM HO-0304 - EDITION 09-23\nEXCLUSION CODE E-17 - SEQUENTIAL WATER INTRUSION EVENTS (EDITION 09-23)\n\nExclusion Code E-17 (Form HO-0304, edition 09-23). This policy does not cover loss or damage arising from a second or subsequent Flood event at the same insured location where that event occurs within 45 consecutive days of an earlier Flood event at the same location, save that this exclusion does not apply to a Flood event caused solely by a named windstorm. Superseded by edition 01-24 with effect from 1 January 2024."
    },
    {
      "chunk_id": "5ccd70c8aadf500e::0001",
      "doc_id": "5ccd70c8aadf500e",
      "filename": "form_ho0304_archive.pdf",
      "page": 1,
      "page_end": 1,
      "section_path": "FORM HO-0304 - EDITION 01-24",
      "clause_label": "FORM HO-0304 - EDITION 01-24",
      "score": 0.031,
      "text": "This policy does not cover loss or damage arising from a second or subsequent Flood event at the same insured location where that event occurs within 45 consecutive days of an earlier Flood event at the same location, save that this exclusion does not apply to a Flood event caused solely by a named windstorm. Superseded by edition 01-24 with effect from 1 January 2024.\n\nFORM HO-0304 - EDITION 01-24\nEXCLUSION CODE E-17 - SEQUENTIAL WATER INTRUSION EVENTS (EDITION 01-24)\n\nExclusion Code E-17 (Form HO-0304, edition 01-24). This policy does not cover loss or damage arising from a second or subsequent Flood event at the same insured location where that event occurs within 55 consecutive days of an earlier Flood event at the same location, save that this exclusion does not apply to a Flood event caused solely by a named windstorm. Superseded by edition 03-24 with effect from 1 February 2025."
    }
  ],
  "model": "stub:reading-comprehension-v1",
  "params": {
    "effort": "medium",
    "max_tokens": 16000
  },
  "output": {
    "claim_number": "[CLAIM NUMBER REDACTED]",
    "date_of_loss": "09 June 2026",
    "coverage_decision": "denied",
    "cited_exclusion_id": "4.1",
    "excess_amount": 250000.0,
    "summary": "Notes describe circumstances matching an excluded scenario: (c) any property in the course of construction, erection or installation where the contract value exceeds GBP 1,000,000;",
    "citations": [
      "4fa131d2878b9fbf::0001"
    ]
  },
  "output_notes": []
}
---
{
  "trace_id": "trc_00028",
  "created_at": "2026-08-30T21:31:44.199449+00:00",
  "feature": "claim_summary",
  "prompt_version": "claim-summary-v1",
  "input_redacted": "Claim [CLAIM NUMBER REDACTED]. Second flood event at the same insured location on 12 June 2026, 47 days after an earlier flood event on 26 April 2026 at the same location. Estimated damage GBP 250,246. Form on file for this policy is HO-0304 edition 03-24.",
  "redacted_fields": [
    "claim_number:CLM-2026-43005"
  ],
  "retrieval_mode": "hybrid_bm25_rrf",
  "retrieved": [
    {
      "chunk_id": "5ccd70c8aadf500e::0001",
      "doc_id": "5ccd70c8aadf500e",
      "filename": "form_ho0304_archive.pdf",
      "page": 1,
      "page_end": 1,
      "section_path": "FORM HO-0304 - EDITION 01-24",
      "clause_label": "FORM HO-0304 - EDITION 01-24",
      "score": 0.0325,
      "text": "This policy does not cover loss or damage arising from a second or subsequent Flood event at the same insured location where that event occurs within 45 consecutive days of an earlier Flood event at the same location, save that this exclusion does not apply to a Flood event caused solely by a named windstorm. Superseded by edition 01-24 with effect from 1 January 2024.\n\nFORM HO-0304 - EDITION 01-24\nEXCLUSION CODE E-17 - SEQUENTIAL WATER INTRUSION EVENTS (EDITION 01-24)\n\nExclusion Code E-17 (Form HO-0304, edition 01-24). This policy does not cover loss or damage arising from a second or subsequent Flood event at the same insured location where that event occurs within 55 consecutive days of an earlier Flood event at the same location, save that this exclusion does not apply to a Flood event caused solely by a named windstorm. Superseded by edition 03-24 with effect from 1 February 2025."
    },
    {
      "chunk_id": "5ccd70c8aadf500e::0000",
      "doc_id": "5ccd70c8aadf500e",
      "filename": "form_ho0304_archive.pdf",
      "page": 1,
      "page_end": 1,
      "section_path": "FORM LIBRARY - ARCHIVED WORDING ON FILE",
      "clause_label": "FORM LIBRARY - ARCHIVED WORDING ON FILE",
      "score": 0.032,
      "text": "FORM LIBRARY - ARCHIVED WORDING ON FILE\nThis file retains prior editions of Form HO-0304 for audit and reference purposes against policy GML-2024-88213. The edition currently endorsed to the policy is 03-24 (see the waterdamage endorsement in the main endorsement pack for its reference number). Earlier editions below are retained for reference only and do not apply to a loss occurring after the date their text says they were superseded.\n\nFORM HO-0304 - EDITION 01-22\nEXCLUSION CODE E-17 - SEQUENTIAL WATER INTRUSION EVENTS (EDITION 01-22)\n\nExclusion Code E-17 (Form HO-0304, edition 01-22). This policy does not cover loss or damage arising from a second or subsequent Flood event at the same insured location where that event occurs within 30 consecutive days of an earlier Flood event at the same location. Superseded by edition 06-22 with effect from 1 June 2022.\n\nFORM HO-0304 - EDITION 06-22\nEXCLUSION CODE E-17 - SEQUENTIAL WATER INTRUSION EVENTS (EDITION 06-22)\n\nExclusion Code E-17 (Form HO-0304, edition 06-22). This policy does not cover loss or damage arising from a second or subsequent Flood event at the same insured location where that event occurs within 35 consecutive days of an earlier Flood event at the same location. Superseded by edition 09-23 with effect from 1 September 2023.\n\nFORM HO-0304 - EDITION 09-23\nEXCLUSION CODE E-17 - SEQUENTIAL WATER INTRUSION EVENTS (EDITION 09-23)\n\nExclusion Code E-17 (Form HO-0304, edition 09-23). This policy does not cover loss or damage arising from a second or subsequent Flood event at the same insured location where that event occurs within 45 consecutive days of an earlier Flood event at the same location, save that this exclusion does not apply to a Flood event caused solely by a named windstorm. Superseded by edition 01-24 with effect from 1 January 2024."
    },
    {
      "chunk_id": "4fa131d2878b9fbf::0000",
      "doc_id": "4fa131d2878b9fbf",
      "filename": "sample_endorsement_pack.pdf",
      "page": 1,
      "page_end": 1,
      "section_path": "GLOBAL MANUFACTURING LTD",
      "clause_label": "GLOBAL MANUFACTURING LTD",
      "score": 0.0318,
      "text": "GLOBAL MANUFACTURING LTD\n\nCOMMERCIAL PROPERTY AND LIABILITY ENDORSEMENT PACK\nPolicy Number GML-2024-88213. Period of Insurance: 1 April 2024 to 31 March 2025, both dates inclusive at the address of the Insured. This pack records every endorsement attached to the policy and supersedes any endorsement schedule issued previously.\n\nENDORSEMENT NO. 1 - FLOOD SUB-LIMIT AMENDMENT\nEffective from 1 June 2024. In consideration of the additional premium of GBP 42,750 the following amendments are made to the Property Damage section of the policy.\n\n1. DEFINITIONS\n\n1.1 Flood means the escape of water from the normal confines of any natural or artificial watercourse, lake, reservoir, canal or dam, or inundation from the sea, whether driven by storm or otherwise.\n\n1.2 Flood Zone means any location identified as Zone 2 or Zone 3 on the Environment Agency Flood Map for Planning current at the inception of this endorsement.\n\n2. AMENDMENT TO LIMIT\nThe sub-limit applicable to loss or damage caused by Flood is amended from GBP 2,500,000 to GBP 5,000,000 in the annual aggregate. The revised sub-limit applies to all insured locations combined and is part of, and not in addition to, the policy limit of GBP 40,000,000 any one occurrence.\n\n3. DEDUCTIBLE\nA deductible of GBP 250,000 each and every loss applies to loss or damage caused by Flood at any location within a Flood Zone. At all other locations the standard property deductible of GBP 50,000 each and every loss continues to apply.\n\nSECTION 4 - CONDITIONS APPLYING TO THIS ENDORSEMENT"
    },
    {
      "chunk_id": "4fa131d2878b9fbf::0001",
      "doc_id": "4fa131d2878b9fbf",
      "filename": "sample_endorsement_pack.pdf",
      "page": 1,
      "page_end": 2,
      "section_path": "ENDORSEMENT NO. 1 - FLOOD SUB-LIMIT AMENDMENT > 3. DEDUCTIBLE",
      "clause_label": "3. DEDUCTIBLE",
      "score": 0.0313,
      "text": "3. DEDUCTIBLE\nA deductible of GBP 250,000 each and every loss applies to loss or damage caused by Flood at any location within a Flood Zone. At all other locations the standard property deductible of GBP 50,000 each and every loss continues to apply.\n\nSECTION 4 - CONDITIONS APPLYING TO THIS ENDORSEMENT\n\n4.1 Flood Defence Maintenance\nThe Insured shall maintain all demountable flood barriers, non-return valves and sump pumps at each insured location in good and effective working order, and shall test them at intervals of not more than six months. A written record of each test shall be kept for a period of three years and produced to the Insurer on request.\n\n4.2 Exclusions\nNotwithstanding anything to the contrary in the policy, this endorsement does not cover loss, damage, cost or expense arising directly or indirectly out of:\n\n(a) subsidence, ground heave or landslip, whether or not caused or contributed to by Flood; (b) loss of or damage to growing crops, standing timber, or livestock in the open; (c) any property in the course of construction, erection or installation where the contract value exceeds GBP 1,000,000; (d) loss or damage to stock stored below ground level unless raised at least 150 millimetres above the finished floor level; (e) any fine, penalty or punitive damages levied by a regulator following a Flood event.\n\n4.2.1 Erosion of the sub-limit\nEach payment made under this endorsement, including any payment for professional fees and debris removal, erodes the annual aggregate sub-limit stated in clause 2. Once the annual aggregate sub-limit is exhausted no further payment shall be made under this endorsement for the remainder of the Period of Insurance."
    },
    {
      "chunk_id": "4fa131d2878b9fbf::0006",
      "doc_id": "4fa131d2878b9fbf",
      "filename": "sample_endorsement_pack.pdf",
      "page": 3,
      "page_end": 4,
      "section_path": "ENDORSEMENT NO. 3 - BUSINESS INTERRUPTION AMENDMENTS > GENERAL CONDITIONS",
      "clause_label": "GENERAL CONDITIONS",
      "score": 0.0313,
      "text": "GENERAL CONDITIONS\n\n1. Cancellation. Either party may cancel this policy by giving 60 days written notice to the other at its last known address. Where the Insurer cancels, a pro rata return of premium shall be made provided no claim has been notified during the Period of Insurance.\n\n2. Governing law. This policy shall be governed by and construed in accordance with the law of England and Wales, and the parties submit to the exclusive jurisdiction of the courts of England and Wales.\n\n3. Premium payment. The premium is due within 45 days of inception. Failure to pay within that period entitles the Insurer to cancel in accordance with General Condition 1 above.\n\nENDORSEMENT NO. 4 - SEQUENTIAL WATER INTRUSION EXCLUSION\nEffective from 1 February 2025. This endorsement is issued under reference END-2024-0417 and adopts the exclusion wording of Form HO-0304 edition 03-24, reproduced at clause 4.3 below, which supersedes and replaces any earlier edition of Form HO-0304 referenced in the Insured's document file.\n\n4.3 Exclusion Code E-17 - Sequential Water Intrusion Events\nExclusion Code E-17 (Form HO-0304, edition 03-24). This policy does not cover loss or damage arising from a second or subsequent Flood event at the same insured location where that event occurs within 60 consecutive days of an earlier Flood event at the same location, regardless of whether a claim was made for the earlier event. This exclusion applies in addition to, and does not narrow, the deductible and sub-limit provisions of clauses 2 and 3 above.\n\n4.4 Interaction with the Flood Defence Condition\nExclusion Code E-17 does not apply where the Insured can demonstrate that the flood barriers, non-return valves and sump pumps required by clause 4.1 were tested and in good working order in the 60 days immediately preceding the second or subsequent Flood event."
    }
  ],
  "model": "stub:reading-comprehension-v1",
  "params": {
    "effort": "medium",
    "max_tokens": 16000
  },
  "output": {
    "claim_number": "[CLAIM NUMBER REDACTED]",
    "date_of_loss": "12 June 2026",
    "coverage_decision": "denied",
    "cited_exclusion_id": null,
    "excess_amount": null,
    "summary": "Notes describe circumstances matching an excluded scenario: This policy does not cover loss or damage arising from a second or subsequent Flood event at the same insured location where that event occurs within 30 consecutive days of an earlier Flood event at the same location.",
    "citations": [
      "5ccd70c8aadf500e::0000"
    ]
  },
  "output_notes": []
}
---
{
  "trace_id": "trc_00029",
  "created_at": "2026-08-30T21:31:44.212990+00:00",
  "feature": "claim_summary",
  "prompt_version": "claim-summary-v1",
  "input_redacted": "Claim [CLAIM NUMBER REDACTED]. Flood loss on 23 May 2026. During the claim visit the loss adjuster found the insured's sump pumps had not been tested in the preceding nine months, against the six-month testing condition. No test log was produced. Estimated damage GBP 104,952. Insured asks whether this affects the claim.",
  "redacted_fields": [
    "claim_number:CLM-2026-45093"
  ],
  "retrieval_mode": "hybrid_bm25_rrf",
  "retrieved": [
    {
      "chunk_id": "4fa131d2878b9fbf::0001",
      "doc_id": "4fa131d2878b9fbf",
      "filename": "sample_endorsement_pack.pdf",
      "page": 1,
      "page_end": 2,
      "section_path": "ENDORSEMENT NO. 1 - FLOOD SUB-LIMIT AMENDMENT > 3. DEDUCTIBLE",
      "clause_label": "3. DEDUCTIBLE",
      "score": 0.0325,
      "text": "3. DEDUCTIBLE\nA deductible of GBP 250,000 each and every loss applies to loss or damage caused by Flood at any location within a Flood Zone. At all other locations the standard property deductible of GBP 50,000 each and every loss continues to apply.\n\nSECTION 4 - CONDITIONS APPLYING TO THIS ENDORSEMENT\n\n4.1 Flood Defence Maintenance\nThe Insured shall maintain all demountable flood barriers, non-return valves and sump pumps at each insured location in good and effective working order, and shall test them at intervals of not more than six months. A written record of each test shall be kept for a period of three years and produced to the Insurer on request.\n\n4.2 Exclusions\nNotwithstanding anything to the contrary in the policy, this endorsement does not cover loss, damage, cost or expense arising directly or indirectly out of:\n\n(a) subsidence, ground heave or landslip, whether or not caused or contributed to by Flood; (b) loss of or damage to growing crops, standing timber, or livestock in the open; (c) any property in the course of construction, erection or installation where the contract value exceeds GBP 1,000,000; (d) loss or damage to stock stored below ground level unless raised at least 150 millimetres above the finished floor level; (e) any fine, penalty or punitive damages levied by a regulator following a Flood event.\n\n4.2.1 Erosion of the sub-limit\nEach payment made under this endorsement, including any payment for professional fees and debris removal, erodes the annual aggregate sub-limit stated in clause 2. Once the annual aggregate sub-limit is exhausted no further payment shall be made under this endorsement for the remainder of the Period of Insurance."
    },
    {
      "chunk_id": "4fa131d2878b9fbf::0006",
      "doc_id": "4fa131d2878b9fbf",
      "filename": "sample_endorsement_pack.pdf",
      "page": 3,
      "page_end": 4,
      "section_path": "ENDORSEMENT NO. 3 - BUSINESS INTERRUPTION AMENDMENTS > GENERAL CONDITIONS",
      "clause_label": "GENERAL CONDITIONS",
      "score": 0.0318,
      "text": "GENERAL CONDITIONS\n\n1. Cancellation. Either party may cancel this policy by giving 60 days written notice to the other at its last known address. Where the Insurer cancels, a pro rata return of premium shall be made provided no claim has been notified during the Period of Insurance.\n\n2. Governing law. This policy shall be governed by and construed in accordance with the law of England and Wales, and the parties submit to the exclusive jurisdiction of the courts of England and Wales.\n\n3. Premium payment. The premium is due within 45 days of inception. Failure to pay within that period entitles the Insurer to cancel in accordance with General Condition 1 above.\n\nENDORSEMENT NO. 4 - SEQUENTIAL WATER INTRUSION EXCLUSION\nEffective from 1 February 2025. This endorsement is issued under reference END-2024-0417 and adopts the exclusion wording of Form HO-0304 edition 03-24, reproduced at clause 4.3 below, which supersedes and replaces any earlier edition of Form HO-0304 referenced in the Insured's document file.\n\n4.3 Exclusion Code E-17 - Sequential Water Intrusion Events\nExclusion Code E-17 (Form HO-0304, edition 03-24). This policy does not cover loss or damage arising from a second or subsequent Flood event at the same insured location where that event occurs within 60 consecutive days of an earlier Flood event at the same location, regardless of whether a claim was made for the earlier event. This exclusion applies in addition to, and does not narrow, the deductible and sub-limit provisions of clauses 2 and 3 above.\n\n4.4 Interaction with the Flood Defence Condition\nExclusion Code E-17 does not apply where the Insured can demonstrate that the flood barriers, non-return valves and sump pumps required by clause 4.1 were tested and in good working order in the 60 days immediately preceding the second or subsequent Flood event."
    },
    {
      "chunk_id": "4fa131d2878b9fbf::0000",
      "doc_id": "4fa131d2878b9fbf",
      "filename": "sample_endorsement_pack.pdf",
      "page": 1,
      "page_end": 1,
      "section_path": "GLOBAL MANUFACTURING LTD",
      "clause_label": "GLOBAL MANUFACTURING LTD",
      "score": 0.0318,
      "text": "GLOBAL MANUFACTURING LTD\n\nCOMMERCIAL PROPERTY AND LIABILITY ENDORSEMENT PACK\nPolicy Number GML-2024-88213. Period of Insurance: 1 April 2024 to 31 March 2025, both dates inclusive at the address of the Insured. This pack records every endorsement attached to the policy and supersedes any endorsement schedule issued previously.\n\nENDORSEMENT NO. 1 - FLOOD SUB-LIMIT AMENDMENT\nEffective from 1 June 2024. In consideration of the additional premium of GBP 42,750 the following amendments are made to the Property Damage section of the policy.\n\n1. DEFINITIONS\n\n1.1 Flood means the escape of water from the normal confines of any natural or artificial watercourse, lake, reservoir, canal or dam, or inundation from the sea, whether driven by storm or otherwise.\n\n1.2 Flood Zone means any location identified as Zone 2 or Zone 3 on the Environment Agency Flood Map for Planning current at the inception of this endorsement.\n\n2. AMENDMENT TO LIMIT\nThe sub-limit applicable to loss or damage caused by Flood is amended from GBP 2,500,000 to GBP 5,000,000 in the annual aggregate. The revised sub-limit applies to all insured locations combined and is part of, and not in addition to, the policy limit of GBP 40,000,000 any one occurrence.\n\n3. DEDUCTIBLE\nA deductible of GBP 250,000 each and every loss applies to loss or damage caused by Flood at any location within a Flood Zone. At all other locations the standard property deductible of GBP 50,000 each and every loss continues to apply.\n\nSECTION 4 - CONDITIONS APPLYING TO THIS ENDORSEMENT"
    },
    {
      "chunk_id": "5ccd70c8aadf500e::0001",
      "doc_id": "5ccd70c8aadf500e",
      "filename": "form_ho0304_archive.pdf",
      "page": 1,
      "page_end": 1,
      "section_path": "FORM HO-0304 - EDITION 01-24",
      "clause_label": "FORM HO-0304 - EDITION 01-24",
      "score": 0.0313,
      "text": "This policy does not cover loss or damage arising from a second or subsequent Flood event at the same insured location where that event occurs within 45 consecutive days of an earlier Flood event at the same location, save that this exclusion does not apply to a Flood event caused solely by a named windstorm. Superseded by edition 01-24 with effect from 1 January 2024.\n\nFORM HO-0304 - EDITION 01-24\nEXCLUSION CODE E-17 - SEQUENTIAL WATER INTRUSION EVENTS (EDITION 01-24)\n\nExclusion Code E-17 (Form HO-0304, edition 01-24). This policy does not cover loss or damage arising from a second or subsequent Flood event at the same insured location where that event occurs within 55 consecutive days of an earlier Flood event at the same location, save that this exclusion does not apply to a Flood event caused solely by a named windstorm. Superseded by edition 03-24 with effect from 1 February 2025."
    },
    {
      "chunk_id": "4fa131d2878b9fbf::0005",
      "doc_id": "4fa131d2878b9fbf",
      "filename": "sample_endorsement_pack.pdf",
      "page": 3,
      "page_end": 3,
      "section_path": "ENDORSEMENT NO. 2 - CYBER AND DATA EXCLUSION > SECTION 2 - EXCLUSION WORDING > 2.",
      "clause_label": "2.",
      "score": 0.0308,
      "text": "(h) the deliberate act of any employee, contractor or agent of the Insured taken with intent to cause a Cyber Incident, whether or not that person was acting within the scope of their employment or engagement, and whether or not the Insured had performed pre-engagement screening on that person.\n\nSECTION 3 - WRITE-BACK FOR PHYSICAL DAMAGE\n\n3. Subject to all other terms of the policy, this exclusion shall not apply to physical loss of or physical damage to insured property arising from fire or explosion which itself results from a Cyber Incident, provided that the fire or explosion is not the result of a Cyber Act committed with intent to cause physical damage.\n\nENDORSEMENT NO. 3 - BUSINESS INTERRUPTION AMENDMENTS\nEffective from 1 October 2024. The Business Interruption section is amended as set out below. All other terms, conditions and exclusions remain unaltered.\n\n1. WAITING PERIOD\nA waiting period of 72 consecutive hours applies to each and every claim under the Business Interruption section. No indemnity is payable in respect of any interruption that is remedied within the waiting period.\n\n2. INDEMNITY PERIOD\nThe maximum indemnity period is extended from 12 months to 18 months from the date on which the interruption begins.\n\n3. NOTIFICATION OF CLAIM\n3. The Insured shall give written notice to the Insurer of any event likely to give rise to a claim under this section within 30 days of that event becoming known to a director or to the risk manager of the Insured. Notice given to the broker alone does not constitute notice to the Insurer.\n\nGENERAL CONDITIONS\n\n1. Cancellation. Either party may cancel this policy by giving 60 days written notice to the other at its last known address. Where the Insurer cancels, a pro rata return of premium shall be made provided no claim has been notified during the Period of Insurance."
    }
  ],
  "model": "stub:reading-comprehension-v1",
  "params": {
    "effort": "medium",
    "max_tokens": 16000
  },
  "output": {
    "claim_number": "[CLAIM NUMBER REDACTED]",
    "date_of_loss": "23 May 2026",
    "coverage_decision": "denied",
    "cited_exclusion_id": "4.3",
    "excess_amount": null,
    "summary": "Notes describe circumstances matching an excluded scenario: This policy does not cover loss or damage arising from a second or subsequent Flood event at the same insured location where that event occurs within 60 consecutive days of an earlier Flood event at the same location, regardless of whether a claim was made for the earlier event.",
    "citations": [
      "4fa131d2878b9fbf::0006"
    ]
  },
  "output_notes": []
}
---
{
  "trace_id": "trc_00030",
  "created_at": "2026-08-30T21:31:44.223943+00:00",
  "feature": "claim_summary",
  "prompt_version": "claim-summary-v1",
  "input_redacted": "Claim [CLAIM NUMBER REDACTED]. Production interruption beginning 25 March 2026, lasting 109 hours before normal operations resumed. Insured claims GBP 197,657 in lost revenue.",
  "redacted_fields": [
    "claim_number:CLM-2026-00471"
  ],
  "retrieval_mode": "hybrid_bm25_rrf",
  "retrieved": [
    {
      "chunk_id": "4fa131d2878b9fbf::0000",
      "doc_id": "4fa131d2878b9fbf",
      "filename": "sample_endorsement_pack.pdf",
      "page": 1,
      "page_end": 1,
      "section_path": "GLOBAL MANUFACTURING LTD",
      "clause_label": "GLOBAL MANUFACTURING LTD",
      "score": 0.0323,
      "text": "GLOBAL MANUFACTURING LTD\n\nCOMMERCIAL PROPERTY AND LIABILITY ENDORSEMENT PACK\nPolicy Number GML-2024-88213. Period of Insurance: 1 April 2024 to 31 March 2025, both dates inclusive at the address of the Insured. This pack records every endorsement attached to the policy and supersedes any endorsement schedule issued previously.\n\nENDORSEMENT NO. 1 - FLOOD SUB-LIMIT AMENDMENT\nEffective from 1 June 2024. In consideration of the additional premium of GBP 42,750 the following amendments are made to the Property Damage section of the policy.\n\n1. DEFINITIONS\n\n1.1 Flood means the escape of water from the normal confines of any natural or artificial watercourse, lake, reservoir, canal or dam, or inundation from the sea, whether driven by storm or otherwise.\n\n1.2 Flood Zone means any location identified as Zone 2 or Zone 3 on the Environment Agency Flood Map for Planning current at the inception of this endorsement.\n\n2. AMENDMENT TO LIMIT\nThe sub-limit applicable to loss or damage caused by Flood is amended from GBP 2,500,000 to GBP 5,000,000 in the annual aggregate. The revised sub-limit applies to all insured locations combined and is part of, and not in addition to, the policy limit of GBP 40,000,000 any one occurrence.\n\n3. DEDUCTIBLE\nA deductible of GBP 250,000 each and every loss applies to loss or damage caused by Flood at any location within a Flood Zone. At all other locations the standard property deductible of GBP 50,000 each and every loss continues to apply.\n\nSECTION 4 - CONDITIONS APPLYING TO THIS ENDORSEMENT"
    },
    {
      "chunk_id": "4fa131d2878b9fbf::0005",
      "doc_id": "4fa131d2878b9fbf",
      "filename": "sample_endorsement_pack.pdf",
      "page": 3,
      "page_end": 3,
      "section_path": "ENDORSEMENT NO. 2 - CYBER AND DATA EXCLUSION > SECTION 2 - EXCLUSION WORDING > 2.",
      "clause_label": "2.",
      "score": 0.0323,
      "text": "(h) the deliberate act of any employee, contractor or agent of the Insured taken with intent to cause a Cyber Incident, whether or not that person was acting within the scope of their employment or engagement, and whether or not the Insured had performed pre-engagement screening on that person.\n\nSECTION 3 - WRITE-BACK FOR PHYSICAL DAMAGE\n\n3. Subject to all other terms of the policy, this exclusion shall not apply to physical loss of or physical damage to insured property arising from fire or explosion which itself results from a Cyber Incident, provided that the fire or explosion is not the result of a Cyber Act committed with intent to cause physical damage.\n\nENDORSEMENT NO. 3 - BUSINESS INTERRUPTION AMENDMENTS\nEffective from 1 October 2024. The Business Interruption section is amended as set out below. All other terms, conditions and exclusions remain unaltered.\n\n1. WAITING PERIOD\nA waiting period of 72 consecutive hours applies to each and every claim under the Business Interruption section. No indemnity is payable in respect of any interruption that is remedied within the waiting period.\n\n2. INDEMNITY PERIOD\nThe maximum indemnity period is extended from 12 months to 18 months from the date on which the interruption begins.\n\n3. NOTIFICATION OF CLAIM\n3. The Insured shall give written notice to the Insurer of any event likely to give rise to a claim under this section within 30 days of that event becoming known to a director or to the risk manager of the Insured. Notice given to the broker alone does not constitute notice to the Insurer.\n\nGENERAL CONDITIONS\n\n1. Cancellation. Either party may cancel this policy by giving 60 days written notice to the other at its last known address. Where the Insurer cancels, a pro rata return of premium shall be made provided no claim has been notified during the Period of Insurance."
    },
    {
      "chunk_id": "4fa131d2878b9fbf::0006",
      "doc_id": "4fa131d2878b9fbf",
      "filename": "sample_endorsement_pack.pdf",
      "page": 3,
      "page_end": 4,
      "section_path": "ENDORSEMENT NO. 3 - BUSINESS INTERRUPTION AMENDMENTS > GENERAL CONDITIONS",
      "clause_label": "GENERAL CONDITIONS",
      "score": 0.0318,
      "text": "GENERAL CONDITIONS\n\n1. Cancellation. Either party may cancel this policy by giving 60 days written notice to the other at its last known address. Where the Insurer cancels, a pro rata return of premium shall be made provided no claim has been notified during the Period of Insurance.\n\n2. Governing law. This policy shall be governed by and construed in accordance with the law of England and Wales, and the parties submit to the exclusive jurisdiction of the courts of England and Wales.\n\n3. Premium payment. The premium is due within 45 days of inception. Failure to pay within that period entitles the Insurer to cancel in accordance with General Condition 1 above.\n\nENDORSEMENT NO. 4 - SEQUENTIAL WATER INTRUSION EXCLUSION\nEffective from 1 February 2025. This endorsement is issued under reference END-2024-0417 and adopts the exclusion wording of Form HO-0304 edition 03-24, reproduced at clause 4.3 below, which supersedes and replaces any earlier edition of Form HO-0304 referenced in the Insured's document file.\n\n4.3 Exclusion Code E-17 - Sequential Water Intrusion Events\nExclusion Code E-17 (Form HO-0304, edition 03-24). This policy does not cover loss or damage arising from a second or subsequent Flood event at the same insured location where that event occurs within 60 consecutive days of an earlier Flood event at the same location, regardless of whether a claim was made for the earlier event. This exclusion applies in addition to, and does not narrow, the deductible and sub-limit provisions of clauses 2 and 3 above.\n\n4.4 Interaction with the Flood Defence Condition\nExclusion Code E-17 does not apply where the Insured can demonstrate that the flood barriers, non-return valves and sump pumps required by clause 4.1 were tested and in good working order in the 60 days immediately preceding the second or subsequent Flood event."
    },
    {
      "chunk_id": "4fa131d2878b9fbf::0001",
      "doc_id": "4fa131d2878b9fbf",
      "filename": "sample_endorsement_pack.pdf",
      "page": 1,
      "page_end": 2,
      "section_path": "ENDORSEMENT NO. 1 - FLOOD SUB-LIMIT AMENDMENT > 3. DEDUCTIBLE",
      "clause_label": "3. DEDUCTIBLE",
      "score": 0.0315,
      "text": "3. DEDUCTIBLE\nA deductible of GBP 250,000 each and every loss applies to loss or damage caused by Flood at any location within a Flood Zone. At all other locations the standard property deductible of GBP 50,000 each and every loss continues to apply.\n\nSECTION 4 - CONDITIONS APPLYING TO THIS ENDORSEMENT\n\n4.1 Flood Defence Maintenance\nThe Insured shall maintain all demountable flood barriers, non-return valves and sump pumps at each insured location in good and effective working order, and shall test them at intervals of not more than six months. A written record of each test shall be kept for a period of three years and produced to the Insurer on request.\n\n4.2 Exclusions\nNotwithstanding anything to the contrary in the policy, this endorsement does not cover loss, damage, cost or expense arising directly or indirectly out of:\n\n(a) subsidence, ground heave or landslip, whether or not caused or contributed to by Flood; (b) loss of or damage to growing crops, standing timber, or livestock in the open; (c) any property in the course of construction, erection or installation where the contract value exceeds GBP 1,000,000; (d) loss or damage to stock stored below ground level unless raised at least 150 millimetres above the finished floor level; (e) any fine, penalty or punitive damages levied by a regulator following a Flood event.\n\n4.2.1 Erosion of the sub-limit\nEach payment made under this endorsement, including any payment for professional fees and debris removal, erodes the annual aggregate sub-limit stated in clause 2. Once the annual aggregate sub-limit is exhausted no further payment shall be made under this endorsement for the remainder of the Period of Insurance."
    },
    {
      "chunk_id": "4fa131d2878b9fbf::0003",
      "doc_id": "4fa131d2878b9fbf",
      "filename": "sample_endorsement_pack.pdf",
      "page": 2,
      "page_end": 2,
      "section_path": "ENDORSEMENT NO. 2 - CYBER AND DATA EXCLUSION > SECTION 2 - EXCLUSION WORDING > 2.",
      "clause_label": "2.",
      "score": 0.0303,
      "text": "to any action taken in controlling, preventing, suppressing or remediating any Cyber Act or Cyber Incident, and including the cost of any forensic investigation commissioned by the Insured or by any regulator, and including any sum paid or payable to a third party by way of settlement, judgment, award or contractual indemnity in respect of such an act or incident, whether or not the Insured admitted liability;\n(b) any loss of use, reduction in functionality, repair, replacement, restoration or reproduction of any Data, including any amount pertaining to the value of such Data, and including the cost of re-keying, re-entering or otherwise reconstituting Data from source documents where those documents themselves remain undamaged, and including any loss of profit consequent upon such loss of use;\n(c) the failure, malfunction, degradation, unavailability or interruption of any Computer System, whether owned or operated by the Insured or by any third party service provider, cloud host, managed service provider or telecommunications carrier upon which the Insured relies, and whether or not the Insured had a contractual right of recourse against that party;\n(d) the receipt, transmission, distribution or storage of any Malicious Code, whether or not that Malicious Code was introduced deliberately, negligently or inadvertently, and whether or not the Insured had in place anti-malware controls conforming to any recognised standard including ISO 27001 or the National Institute of Standards and Technology Cybersecurity Framework;"
    }
  ],
  "model": "stub:reading-comprehension-v1",
  "params": {
    "effort": "medium",
    "max_tokens": 16000
  },
  "output": {
    "claim_number": "[CLAIM NUMBER REDACTED]",
    "date_of_loss": "25 March 2026",
    "coverage_decision": "covered",
    "cited_exclusion_id": null,
    "excess_amount": 250000.0,
    "summary": "Notes match an insured peril: The revised sub-limit applies to all insured locations combined and is part of, and not in addition to, the policy limit of GBP 40,000,000 any one occurrence.",
    "citations": [
      "4fa131d2878b9fbf::0000"
    ]
  },
  "output_notes": []
}
---
{
  "trace_id": "trc_00031",
  "created_at": "2026-08-30T21:31:44.238634+00:00",
  "feature": "claim_summary",
  "prompt_version": "claim-summary-v1",
  "input_redacted": "Claim [CLAIM NUMBER REDACTED]. Insured [CLAIMANT NAME REDACTED] reports flood damage to the ground floor of the insured premises on 28 April 2026, following prolonged heavy rainfall. The site is within the mapped flood zone. Estimated repair cost GBP 877,283. No prior flood claim at this location in the last 12 months.",
  "redacted_fields": [
    "name:Ms. Odusanya",
    "claim_number:CLM-2026-65724"
  ],
  "retrieval_mode": "hybrid_bm25_rrf",
  "retrieved": [
    {
      "chunk_id": "4fa131d2878b9fbf::0000",
      "doc_id": "4fa131d2878b9fbf",
      "filename": "sample_endorsement_pack.pdf",
      "page": 1,
      "page_end": 1,
      "section_path": "GLOBAL MANUFACTURING LTD",
      "clause_label": "GLOBAL MANUFACTURING LTD",
      "score": 0.0325,
      "text": "GLOBAL MANUFACTURING LTD\n\nCOMMERCIAL PROPERTY AND LIABILITY ENDORSEMENT PACK\nPolicy Number GML-2024-88213. Period of Insurance: 1 April 2024 to 31 March 2025, both dates inclusive at the address of the Insured. This pack records every endorsement attached to the policy and supersedes any endorsement schedule issued previously.\n\nENDORSEMENT NO. 1 - FLOOD SUB-LIMIT AMENDMENT\nEffective from 1 June 2024. In consideration of the additional premium of GBP 42,750 the following amendments are made to the Property Damage section of the policy.\n\n1. DEFINITIONS\n\n1.1 Flood means the escape of water from the normal confines of any natural or artificial watercourse, lake, reservoir, canal or dam, or inundation from the sea, whether driven by storm or otherwise.\n\n1.2 Flood Zone means any location identified as Zone 2 or Zone 3 on the Environment Agency Flood Map for Planning current at the inception of this endorsement.\n\n2. AMENDMENT TO LIMIT\nThe sub-limit applicable to loss or damage caused by Flood is amended from GBP 2,500,000 to GBP 5,000,000 in the annual aggregate. The revised sub-limit applies to all insured locations combined and is part of, and not in addition to, the policy limit of GBP 40,000,000 any one occurrence.\n\n3. DEDUCTIBLE\nA deductible of GBP 250,000 each and every loss applies to loss or damage caused by Flood at any location within a Flood Zone. At all other locations the standard property deductible of GBP 50,000 each and every loss continues to apply.\n\nSECTION 4 - CONDITIONS APPLYING TO THIS ENDORSEMENT"
    },
    {
      "chunk_id": "4fa131d2878b9fbf::0001",
      "doc_id": "4fa131d2878b9fbf",
      "filename": "sample_endorsement_pack.pdf",
      "page": 1,
      "page_end": 2,
      "section_path": "ENDORSEMENT NO. 1 - FLOOD SUB-LIMIT AMENDMENT > 3. DEDUCTIBLE",
      "clause_label": "3. DEDUCTIBLE",
      "score": 0.0325,
      "text": "3. DEDUCTIBLE\nA deductible of GBP 250,000 each and every loss applies to loss or damage caused by Flood at any location within a Flood Zone. At all other locations the standard property deductible of GBP 50,000 each and every loss continues to apply.\n\nSECTION 4 - CONDITIONS APPLYING TO THIS ENDORSEMENT\n\n4.1 Flood Defence Maintenance\nThe Insured shall maintain all demountable flood barriers, non-return valves and sump pumps at each insured location in good and effective working order, and shall test them at intervals of not more than six months. A written record of each test shall be kept for a period of three years and produced to the Insurer on request.\n\n4.2 Exclusions\nNotwithstanding anything to the contrary in the policy, this endorsement does not cover loss, damage, cost or expense arising directly or indirectly out of:\n\n(a) subsidence, ground heave or landslip, whether or not caused or contributed to by Flood; (b) loss of or damage to growing crops, standing timber, or livestock in the open; (c) any property in the course of construction, erection or installation where the contract value exceeds GBP 1,000,000; (d) loss or damage to stock stored below ground level unless raised at least 150 millimetres above the finished floor level; (e) any fine, penalty or punitive damages levied by a regulator following a Flood event.\n\n4.2.1 Erosion of the sub-limit\nEach payment made under this endorsement, including any payment for professional fees and debris removal, erodes the annual aggregate sub-limit stated in clause 2. Once the annual aggregate sub-limit is exhausted no further payment shall be made under this endorsement for the remainder of the Period of Insurance."
    },
    {
      "chunk_id": "5ccd70c8aadf500e::0001",
      "doc_id": "5ccd70c8aadf500e",
      "filename": "form_ho0304_archive.pdf",
      "page": 1,
      "page_end": 1,
      "section_path": "FORM HO-0304 - EDITION 01-24",
      "clause_label": "FORM HO-0304 - EDITION 01-24",
      "score": 0.031,
      "text": "This policy does not cover loss or damage arising from a second or subsequent Flood event at the same insured location where that event occurs within 45 consecutive days of an earlier Flood event at the same location, save that this exclusion does not apply to a Flood event caused solely by a named windstorm. Superseded by edition 01-24 with effect from 1 January 2024.\n\nFORM HO-0304 - EDITION 01-24\nEXCLUSION CODE E-17 - SEQUENTIAL WATER INTRUSION EVENTS (EDITION 01-24)\n\nExclusion Code E-17 (Form HO-0304, edition 01-24). This policy does not cover loss or damage arising from a second or subsequent Flood event at the same insured location where that event occurs within 55 consecutive days of an earlier Flood event at the same location, save that this exclusion does not apply to a Flood event caused solely by a named windstorm. Superseded by edition 03-24 with effect from 1 February 2025."
    },
    {
      "chunk_id": "5ccd70c8aadf500e::0000",
      "doc_id": "5ccd70c8aadf500e",
      "filename": "form_ho0304_archive.pdf",
      "page": 1,
      "page_end": 1,
      "section_path": "FORM LIBRARY - ARCHIVED WORDING ON FILE",
      "clause_label": "FORM LIBRARY - ARCHIVED WORDING ON FILE",
      "score": 0.031,
      "text": "FORM LIBRARY - ARCHIVED WORDING ON FILE\nThis file retains prior editions of Form HO-0304 for audit and reference purposes against policy GML-2024-88213. The edition currently endorsed to the policy is 03-24 (see the waterdamage endorsement in the main endorsement pack for its reference number). Earlier editions below are retained for reference only and do not apply to a loss occurring after the date their text says they were superseded.\n\nFORM HO-0304 - EDITION 01-22\nEXCLUSION CODE E-17 - SEQUENTIAL WATER INTRUSION EVENTS (EDITION 01-22)\n\nExclusion Code E-17 (Form HO-0304, edition 01-22). This policy does not cover loss or damage arising from a second or subsequent Flood event at the same insured location where that event occurs within 30 consecutive days of an earlier Flood event at the same location. Superseded by edition 06-22 with effect from 1 June 2022.\n\nFORM HO-0304 - EDITION 06-22\nEXCLUSION CODE E-17 - SEQUENTIAL WATER INTRUSION EVENTS (EDITION 06-22)\n\nExclusion Code E-17 (Form HO-0304, edition 06-22). This policy does not cover loss or damage arising from a second or subsequent Flood event at the same insured location where that event occurs within 35 consecutive days of an earlier Flood event at the same location. Superseded by edition 09-23 with effect from 1 September 2023.\n\nFORM HO-0304 - EDITION 09-23\nEXCLUSION CODE E-17 - SEQUENTIAL WATER INTRUSION EVENTS (EDITION 09-23)\n\nExclusion Code E-17 (Form HO-0304, edition 09-23). This policy does not cover loss or damage arising from a second or subsequent Flood event at the same insured location where that event occurs within 45 consecutive days of an earlier Flood event at the same location, save that this exclusion does not apply to a Flood event caused solely by a named windstorm. Superseded by edition 01-24 with effect from 1 January 2024."
    },
    {
      "chunk_id": "4fa131d2878b9fbf::0006",
      "doc_id": "4fa131d2878b9fbf",
      "filename": "sample_endorsement_pack.pdf",
      "page": 3,
      "page_end": 4,
      "section_path": "ENDORSEMENT NO. 3 - BUSINESS INTERRUPTION AMENDMENTS > GENERAL CONDITIONS",
      "clause_label": "GENERAL CONDITIONS",
      "score": 0.031,
      "text": "GENERAL CONDITIONS\n\n1. Cancellation. Either party may cancel this policy by giving 60 days written notice to the other at its last known address. Where the Insurer cancels, a pro rata return of premium shall be made provided no claim has been notified during the Period of Insurance.\n\n2. Governing law. This policy shall be governed by and construed in accordance with the law of England and Wales, and the parties submit to the exclusive jurisdiction of the courts of England and Wales.\n\n3. Premium payment. The premium is due within 45 days of inception. Failure to pay within that period entitles the Insurer to cancel in accordance with General Condition 1 above.\n\nENDORSEMENT NO. 4 - SEQUENTIAL WATER INTRUSION EXCLUSION\nEffective from 1 February 2025. This endorsement is issued under reference END-2024-0417 and adopts the exclusion wording of Form HO-0304 edition 03-24, reproduced at clause 4.3 below, which supersedes and replaces any earlier edition of Form HO-0304 referenced in the Insured's document file.\n\n4.3 Exclusion Code E-17 - Sequential Water Intrusion Events\nExclusion Code E-17 (Form HO-0304, edition 03-24). This policy does not cover loss or damage arising from a second or subsequent Flood event at the same insured location where that event occurs within 60 consecutive days of an earlier Flood event at the same location, regardless of whether a claim was made for the earlier event. This exclusion applies in addition to, and does not narrow, the deductible and sub-limit provisions of clauses 2 and 3 above.\n\n4.4 Interaction with the Flood Defence Condition\nExclusion Code E-17 does not apply where the Insured can demonstrate that the flood barriers, non-return valves and sump pumps required by clause 4.1 were tested and in good working order in the 60 days immediately preceding the second or subsequent Flood event."
    }
  ],
  "model": "stub:reading-comprehension-v1",
  "params": {
    "effort": "medium",
    "max_tokens": 16000
  },
  "output": {
    "claim_number": "[CLAIM NUMBER REDACTED]",
    "date_of_loss": "28 April 2026",
    "coverage_decision": "denied",
    "cited_exclusion_id": "4.1",
    "excess_amount": 250000.0,
    "summary": "Notes describe circumstances matching an excluded scenario: DEDUCTIBLE\nA deductible of GBP 250,000 each and every loss applies to loss or damage caused by Flood at any location within a Flood Zone.",
    "citations": [
      "4fa131d2878b9fbf::0001"
    ]
  },
  "output_notes": []
}
---
{
  "trace_id": "trc_00032",
  "created_at": "2026-08-30T21:31:44.251074+00:00",
  "feature": "claim_summary",
  "prompt_version": "claim-summary-v1",
  "input_redacted": "Claim [CLAIM NUMBER REDACTED]. Insured reports a company vehicle involved in a collision on 28 March 2026 while making a delivery; driver cited for careless driving. Claimed repair cost GBP 19,975. Insured asks whether this is covered under this policy.",
  "redacted_fields": [
    "claim_number:CLM-2026-36828"
  ],
  "retrieval_mode": "hybrid_bm25_rrf",
  "retrieved": [
    {
      "chunk_id": "4fa131d2878b9fbf::0000",
      "doc_id": "4fa131d2878b9fbf",
      "filename": "sample_endorsement_pack.pdf",
      "page": 1,
      "page_end": 1,
      "section_path": "GLOBAL MANUFACTURING LTD",
      "clause_label": "GLOBAL MANUFACTURING LTD",
      "score": 0.0323,
      "text": "GLOBAL MANUFACTURING LTD\n\nCOMMERCIAL PROPERTY AND LIABILITY ENDORSEMENT PACK\nPolicy Number GML-2024-88213. Period of Insurance: 1 April 2024 to 31 March 2025, both dates inclusive at the address of the Insured. This pack records every endorsement attached to the policy and supersedes any endorsement schedule issued previously.\n\nENDORSEMENT NO. 1 - FLOOD SUB-LIMIT AMENDMENT\nEffective from 1 June 2024. In consideration of the additional premium of GBP 42,750 the following amendments are made to the Property Damage section of the policy.\n\n1. DEFINITIONS\n\n1.1 Flood means the escape of water from the normal confines of any natural or artificial watercourse, lake, reservoir, canal or dam, or inundation from the sea, whether driven by storm or otherwise.\n\n1.2 Flood Zone means any location identified as Zone 2 or Zone 3 on the Environment Agency Flood Map for Planning current at the inception of this endorsement.\n\n2. AMENDMENT TO LIMIT\nThe sub-limit applicable to loss or damage caused by Flood is amended from GBP 2,500,000 to GBP 5,000,000 in the annual aggregate. The revised sub-limit applies to all insured locations combined and is part of, and not in addition to, the policy limit of GBP 40,000,000 any one occurrence.\n\n3. DEDUCTIBLE\nA deductible of GBP 250,000 each and every loss applies to loss or damage caused by Flood at any location within a Flood Zone. At all other locations the standard property deductible of GBP 50,000 each and every loss continues to apply.\n\nSECTION 4 - CONDITIONS APPLYING TO THIS ENDORSEMENT"
    },
    {
      "chunk_id": "4fa131d2878b9fbf::0006",
      "doc_id": "4fa131d2878b9fbf",
      "filename": "sample_endorsement_pack.pdf",
      "page": 3,
      "page_end": 4,
      "section_path": "ENDORSEMENT NO. 3 - BUSINESS INTERRUPTION AMENDMENTS > GENERAL CONDITIONS",
      "clause_label": "GENERAL CONDITIONS",
      "score": 0.0315,
      "text": "GENERAL CONDITIONS\n\n1. Cancellation. Either party may cancel this policy by giving 60 days written notice to the other at its last known address. Where the Insurer cancels, a pro rata return of premium shall be made provided no claim has been notified during the Period of Insurance.\n\n2. Governing law. This policy shall be governed by and construed in accordance with the law of England and Wales, and the parties submit to the exclusive jurisdiction of the courts of England and Wales.\n\n3. Premium payment. The premium is due within 45 days of inception. Failure to pay within that period entitles the Insurer to cancel in accordance with General Condition 1 above.\n\nENDORSEMENT NO. 4 - SEQUENTIAL WATER INTRUSION EXCLUSION\nEffective from 1 February 2025. This endorsement is issued under reference END-2024-0417 and adopts the exclusion wording of Form HO-0304 edition 03-24, reproduced at clause 4.3 below, which supersedes and replaces any earlier edition of Form HO-0304 referenced in the Insured's document file.\n\n4.3 Exclusion Code E-17 - Sequential Water Intrusion Events\nExclusion Code E-17 (Form HO-0304, edition 03-24). This policy does not cover loss or damage arising from a second or subsequent Flood event at the same insured location where that event occurs within 60 consecutive days of an earlier Flood event at the same location, regardless of whether a claim was made for the earlier event. This exclusion applies in addition to, and does not narrow, the deductible and sub-limit provisions of clauses 2 and 3 above.\n\n4.4 Interaction with the Flood Defence Condition\nExclusion Code E-17 does not apply where the Insured can demonstrate that the flood barriers, non-return valves and sump pumps required by clause 4.1 were tested and in good working order in the 60 days immediately preceding the second or subsequent Flood event."
    },
    {
      "chunk_id": "4fa131d2878b9fbf::0005",
      "doc_id": "4fa131d2878b9fbf",
      "filename": "sample_endorsement_pack.pdf",
      "page": 3,
      "page_end": 3,
      "section_path": "ENDORSEMENT NO. 2 - CYBER AND DATA EXCLUSION > SECTION 2 - EXCLUSION WORDING > 2.",
      "clause_label": "2.",
      "score": 0.0315,
      "text": "(h) the deliberate act of any employee, contractor or agent of the Insured taken with intent to cause a Cyber Incident, whether or not that person was acting within the scope of their employment or engagement, and whether or not the Insured had performed pre-engagement screening on that person.\n\nSECTION 3 - WRITE-BACK FOR PHYSICAL DAMAGE\n\n3. Subject to all other terms of the policy, this exclusion shall not apply to physical loss of or physical damage to insured property arising from fire or explosion which itself results from a Cyber Incident, provided that the fire or explosion is not the result of a Cyber Act committed with intent to cause physical damage.\n\nENDORSEMENT NO. 3 - BUSINESS INTERRUPTION AMENDMENTS\nEffective from 1 October 2024. The Business Interruption section is amended as set out below. All other terms, conditions and exclusions remain unaltered.\n\n1. WAITING PERIOD\nA waiting period of 72 consecutive hours applies to each and every claim under the Business Interruption section. No indemnity is payable in respect of any interruption that is remedied within the waiting period.\n\n2. INDEMNITY PERIOD\nThe maximum indemnity period is extended from 12 months to 18 months from the date on which the interruption begins.\n\n3. NOTIFICATION OF CLAIM\n3. The Insured shall give written notice to the Insurer of any event likely to give rise to a claim under this section within 30 days of that event becoming known to a director or to the risk manager of the Insured. Notice given to the broker alone does not constitute notice to the Insurer.\n\nGENERAL CONDITIONS\n\n1. Cancellation. Either party may cancel this policy by giving 60 days written notice to the other at its last known address. Where the Insurer cancels, a pro rata return of premium shall be made provided no claim has been notified during the Period of Insurance."
    },
    {
      "chunk_id": "4fa131d2878b9fbf::0001",
      "doc_id": "4fa131d2878b9fbf",
      "filename": "sample_endorsement_pack.pdf",
      "page": 1,
      "page_end": 2,
      "section_path": "ENDORSEMENT NO. 1 - FLOOD SUB-LIMIT AMENDMENT > 3. DEDUCTIBLE",
      "clause_label": "3. DEDUCTIBLE",
      "score": 0.0315,
      "text": "3. DEDUCTIBLE\nA deductible of GBP 250,000 each and every loss applies to loss or damage caused by Flood at any location within a Flood Zone. At all other locations the standard property deductible of GBP 50,000 each and every loss continues to apply.\n\nSECTION 4 - CONDITIONS APPLYING TO THIS ENDORSEMENT\n\n4.1 Flood Defence Maintenance\nThe Insured shall maintain all demountable flood barriers, non-return valves and sump pumps at each insured location in good and effective working order, and shall test them at intervals of not more than six months. A written record of each test shall be kept for a period of three years and produced to the Insurer on request.\n\n4.2 Exclusions\nNotwithstanding anything to the contrary in the policy, this endorsement does not cover loss, damage, cost or expense arising directly or indirectly out of:\n\n(a) subsidence, ground heave or landslip, whether or not caused or contributed to by Flood; (b) loss of or damage to growing crops, standing timber, or livestock in the open; (c) any property in the course of construction, erection or installation where the contract value exceeds GBP 1,000,000; (d) loss or damage to stock stored below ground level unless raised at least 150 millimetres above the finished floor level; (e) any fine, penalty or punitive damages levied by a regulator following a Flood event.\n\n4.2.1 Erosion of the sub-limit\nEach payment made under this endorsement, including any payment for professional fees and debris removal, erodes the annual aggregate sub-limit stated in clause 2. Once the annual aggregate sub-limit is exhausted no further payment shall be made under this endorsement for the remainder of the Period of Insurance."
    },
    {
      "chunk_id": "4fa131d2878b9fbf::0003",
      "doc_id": "4fa131d2878b9fbf",
      "filename": "sample_endorsement_pack.pdf",
      "page": 2,
      "page_end": 2,
      "section_path": "ENDORSEMENT NO. 2 - CYBER AND DATA EXCLUSION > SECTION 2 - EXCLUSION WORDING > 2.",
      "clause_label": "2.",
      "score": 0.0313,
      "text": "to any action taken in controlling, preventing, suppressing or remediating any Cyber Act or Cyber Incident, and including the cost of any forensic investigation commissioned by the Insured or by any regulator, and including any sum paid or payable to a third party by way of settlement, judgment, award or contractual indemnity in respect of such an act or incident, whether or not the Insured admitted liability;\n(b) any loss of use, reduction in functionality, repair, replacement, restoration or reproduction of any Data, including any amount pertaining to the value of such Data, and including the cost of re-keying, re-entering or otherwise reconstituting Data from source documents where those documents themselves remain undamaged, and including any loss of profit consequent upon such loss of use;\n(c) the failure, malfunction, degradation, unavailability or interruption of any Computer System, whether owned or operated by the Insured or by any third party service provider, cloud host, managed service provider or telecommunications carrier upon which the Insured relies, and whether or not the Insured had a contractual right of recourse against that party;\n(d) the receipt, transmission, distribution or storage of any Malicious Code, whether or not that Malicious Code was introduced deliberately, negligently or inadvertently, and whether or not the Insured had in place anti-malware controls conforming to any recognised standard including ISO 27001 or the National Institute of Standards and Technology Cybersecurity Framework;"
    }
  ],
  "model": "stub:reading-comprehension-v1",
  "params": {
    "effort": "medium",
    "max_tokens": 16000
  },
  "output": {
    "claim_number": "[CLAIM NUMBER REDACTED]",
    "date_of_loss": "28 March 2026",
    "coverage_decision": "covered",
    "cited_exclusion_id": null,
    "excess_amount": 250000.0,
    "summary": "Notes match an insured peril: In consideration of the additional premium of GBP 42,750 the following amendments are made to the Property Damage section of the policy.",
    "citations": [
      "4fa131d2878b9fbf::0000"
    ]
  },
  "output_notes": []
}
---
{
  "trace_id": "trc_00033",
  "created_at": "2026-08-30T21:31:44.265027+00:00",
  "feature": "claim_summary",
  "prompt_version": "claim-summary-v1",
  "input_redacted": "Claim [CLAIM NUMBER REDACTED]. Insured [CLAIMANT NAME REDACTED] reports flood damage to the ground floor of the insured premises on 22 August 2026, following prolonged heavy rainfall. The site is within the mapped flood zone. Estimated repair cost GBP 673,189. No prior flood claim at this location in the last 12 months.",
  "redacted_fields": [
    "name:Mr. Whitfield",
    "claim_number:CLM-2026-73684"
  ],
  "retrieval_mode": "hybrid_bm25_rrf",
  "retrieved": [
    {
      "chunk_id": "4fa131d2878b9fbf::0001",
      "doc_id": "4fa131d2878b9fbf",
      "filename": "sample_endorsement_pack.pdf",
      "page": 1,
      "page_end": 2,
      "section_path": "ENDORSEMENT NO. 1 - FLOOD SUB-LIMIT AMENDMENT > 3. DEDUCTIBLE",
      "clause_label": "3. DEDUCTIBLE",
      "score": 0.0328,
      "text": "3. DEDUCTIBLE\nA deductible of GBP 250,000 each and every loss applies to loss or damage caused by Flood at any location within a Flood Zone. At all other locations the standard property deductible of GBP 50,000 each and every loss continues to apply.\n\nSECTION 4 - CONDITIONS APPLYING TO THIS ENDORSEMENT\n\n4.1 Flood Defence Maintenance\nThe Insured shall maintain all demountable flood barriers, non-return valves and sump pumps at each insured location in good and effective working order, and shall test them at intervals of not more than six months. A written record of each test shall be kept for a period of three years and produced to the Insurer on request.\n\n4.2 Exclusions\nNotwithstanding anything to the contrary in the policy, this endorsement does not cover loss, damage, cost or expense arising directly or indirectly out of:\n\n(a) subsidence, ground heave or landslip, whether or not caused or contributed to by Flood; (b) loss of or damage to growing crops, standing timber, or livestock in the open; (c) any property in the course of construction, erection or installation where the contract value exceeds GBP 1,000,000; (d) loss or damage to stock stored below ground level unless raised at least 150 millimetres above the finished floor level; (e) any fine, penalty or punitive damages levied by a regulator following a Flood event.\n\n4.2.1 Erosion of the sub-limit\nEach payment made under this endorsement, including any payment for professional fees and debris removal, erodes the annual aggregate sub-limit stated in clause 2. Once the annual aggregate sub-limit is exhausted no further payment shall be made under this endorsement for the remainder of the Period of Insurance."
    },
    {
      "chunk_id": "4fa131d2878b9fbf::0000",
      "doc_id": "4fa131d2878b9fbf",
      "filename": "sample_endorsement_pack.pdf",
      "page": 1,
      "page_end": 1,
      "section_path": "GLOBAL MANUFACTURING LTD",
      "clause_label": "GLOBAL MANUFACTURING LTD",
      "score": 0.0323,
      "text": "GLOBAL MANUFACTURING LTD\n\nCOMMERCIAL PROPERTY AND LIABILITY ENDORSEMENT PACK\nPolicy Number GML-2024-88213. Period of Insurance: 1 April 2024 to 31 March 2025, both dates inclusive at the address of the Insured. This pack records every endorsement attached to the policy and supersedes any endorsement schedule issued previously.\n\nENDORSEMENT NO. 1 - FLOOD SUB-LIMIT AMENDMENT\nEffective from 1 June 2024. In consideration of the additional premium of GBP 42,750 the following amendments are made to the Property Damage section of the policy.\n\n1. DEFINITIONS\n\n1.1 Flood means the escape of water from the normal confines of any natural or artificial watercourse, lake, reservoir, canal or dam, or inundation from the sea, whether driven by storm or otherwise.\n\n1.2 Flood Zone means any location identified as Zone 2 or Zone 3 on the Environment Agency Flood Map for Planning current at the inception of this endorsement.\n\n2. AMENDMENT TO LIMIT\nThe sub-limit applicable to loss or damage caused by Flood is amended from GBP 2,500,000 to GBP 5,000,000 in the annual aggregate. The revised sub-limit applies to all insured locations combined and is part of, and not in addition to, the policy limit of GBP 40,000,000 any one occurrence.\n\n3. DEDUCTIBLE\nA deductible of GBP 250,000 each and every loss applies to loss or damage caused by Flood at any location within a Flood Zone. At all other locations the standard property deductible of GBP 50,000 each and every loss continues to apply.\n\nSECTION 4 - CONDITIONS APPLYING TO THIS ENDORSEMENT"
    },
    {
      "chunk_id": "5ccd70c8aadf500e::0001",
      "doc_id": "5ccd70c8aadf500e",
      "filename": "form_ho0304_archive.pdf",
      "page": 1,
      "page_end": 1,
      "section_path": "FORM HO-0304 - EDITION 01-24",
      "clause_label": "FORM HO-0304 - EDITION 01-24",
      "score": 0.031,
      "text": "This policy does not cover loss or damage arising from a second or subsequent Flood event at the same insured location where that event occurs within 45 consecutive days of an earlier Flood event at the same location, save that this exclusion does not apply to a Flood event caused solely by a named windstorm. Superseded by edition 01-24 with effect from 1 January 2024.\n\nFORM HO-0304 - EDITION 01-24\nEXCLUSION CODE E-17 - SEQUENTIAL WATER INTRUSION EVENTS (EDITION 01-24)\n\nExclusion Code E-17 (Form HO-0304, edition 01-24). This policy does not cover loss or damage arising from a second or subsequent Flood event at the same insured location where that event occurs within 55 consecutive days of an earlier Flood event at the same location, save that this exclusion does not apply to a Flood event caused solely by a named windstorm. Superseded by edition 03-24 with effect from 1 February 2025."
    },
    {
      "chunk_id": "5ccd70c8aadf500e::0000",
      "doc_id": "5ccd70c8aadf500e",
      "filename": "form_ho0304_archive.pdf",
      "page": 1,
      "page_end": 1,
      "section_path": "FORM LIBRARY - ARCHIVED WORDING ON FILE",
      "clause_label": "FORM LIBRARY - ARCHIVED WORDING ON FILE",
      "score": 0.031,
      "text": "FORM LIBRARY - ARCHIVED WORDING ON FILE\nThis file retains prior editions of Form HO-0304 for audit and reference purposes against policy GML-2024-88213. The edition currently endorsed to the policy is 03-24 (see the waterdamage endorsement in the main endorsement pack for its reference number). Earlier editions below are retained for reference only and do not apply to a loss occurring after the date their text says they were superseded.\n\nFORM HO-0304 - EDITION 01-22\nEXCLUSION CODE E-17 - SEQUENTIAL WATER INTRUSION EVENTS (EDITION 01-22)\n\nExclusion Code E-17 (Form HO-0304, edition 01-22). This policy does not cover loss or damage arising from a second or subsequent Flood event at the same insured location where that event occurs within 30 consecutive days of an earlier Flood event at the same location. Superseded by edition 06-22 with effect from 1 June 2022.\n\nFORM HO-0304 - EDITION 06-22\nEXCLUSION CODE E-17 - SEQUENTIAL WATER INTRUSION EVENTS (EDITION 06-22)\n\nExclusion Code E-17 (Form HO-0304, edition 06-22). This policy does not cover loss or damage arising from a second or subsequent Flood event at the same insured location where that event occurs within 35 consecutive days of an earlier Flood event at the same location. Superseded by edition 09-23 with effect from 1 September 2023.\n\nFORM HO-0304 - EDITION 09-23\nEXCLUSION CODE E-17 - SEQUENTIAL WATER INTRUSION EVENTS (EDITION 09-23)\n\nExclusion Code E-17 (Form HO-0304, edition 09-23). This policy does not cover loss or damage arising from a second or subsequent Flood event at the same insured location where that event occurs within 45 consecutive days of an earlier Flood event at the same location, save that this exclusion does not apply to a Flood event caused solely by a named windstorm. Superseded by edition 01-24 with effect from 1 January 2024."
    },
    {
      "chunk_id": "4fa131d2878b9fbf::0006",
      "doc_id": "4fa131d2878b9fbf",
      "filename": "sample_endorsement_pack.pdf",
      "page": 3,
      "page_end": 4,
      "section_path": "ENDORSEMENT NO. 3 - BUSINESS INTERRUPTION AMENDMENTS > GENERAL CONDITIONS",
      "clause_label": "GENERAL CONDITIONS",
      "score": 0.031,
      "text": "GENERAL CONDITIONS\n\n1. Cancellation. Either party may cancel this policy by giving 60 days written notice to the other at its last known address. Where the Insurer cancels, a pro rata return of premium shall be made provided no claim has been notified during the Period of Insurance.\n\n2. Governing law. This policy shall be governed by and construed in accordance with the law of England and Wales, and the parties submit to the exclusive jurisdiction of the courts of England and Wales.\n\n3. Premium payment. The premium is due within 45 days of inception. Failure to pay within that period entitles the Insurer to cancel in accordance with General Condition 1 above.\n\nENDORSEMENT NO. 4 - SEQUENTIAL WATER INTRUSION EXCLUSION\nEffective from 1 February 2025. This endorsement is issued under reference END-2024-0417 and adopts the exclusion wording of Form HO-0304 edition 03-24, reproduced at clause 4.3 below, which supersedes and replaces any earlier edition of Form HO-0304 referenced in the Insured's document file.\n\n4.3 Exclusion Code E-17 - Sequential Water Intrusion Events\nExclusion Code E-17 (Form HO-0304, edition 03-24). This policy does not cover loss or damage arising from a second or subsequent Flood event at the same insured location where that event occurs within 60 consecutive days of an earlier Flood event at the same location, regardless of whether a claim was made for the earlier event. This exclusion applies in addition to, and does not narrow, the deductible and sub-limit provisions of clauses 2 and 3 above.\n\n4.4 Interaction with the Flood Defence Condition\nExclusion Code E-17 does not apply where the Insured can demonstrate that the flood barriers, non-return valves and sump pumps required by clause 4.1 were tested and in good working order in the 60 days immediately preceding the second or subsequent Flood event."
    }
  ],
  "model": "stub:reading-comprehension-v1",
  "params": {
    "effort": "medium",
    "max_tokens": 16000
  },
  "output": {
    "claim_number": "[CLAIM NUMBER REDACTED]",
    "date_of_loss": "22 August 2026",
    "coverage_decision": "denied",
    "cited_exclusion_id": "4.1",
    "excess_amount": 250000.0,
    "summary": "Notes describe circumstances matching an excluded scenario: DEDUCTIBLE\nA deductible of GBP 250,000 each and every loss applies to loss or damage caused by Flood at any location within a Flood Zone.",
    "citations": [
      "4fa131d2878b9fbf::0001"
    ]
  },
  "output_notes": []
}
---
{
  "trace_id": "trc_00034",
  "created_at": "2026-08-30T21:31:44.278140+00:00",
  "feature": "claim_summary",
  "prompt_version": "claim-summary-v1",
  "input_redacted": "Claim [CLAIM NUMBER REDACTED]. Insured reports water damage to stock stored on the warehouse floor, discovered 01 July 2026 following heavy rainfall. Stock was not raised above floor level. Estimated damage GBP 129,316.",
  "redacted_fields": [
    "claim_number:CLM-2026-70890"
  ],
  "retrieval_mode": "hybrid_bm25_rrf",
  "retrieved": [
    {
      "chunk_id": "4fa131d2878b9fbf::0000",
      "doc_id": "4fa131d2878b9fbf",
      "filename": "sample_endorsement_pack.pdf",
      "page": 1,
      "page_end": 1,
      "section_path": "GLOBAL MANUFACTURING LTD",
      "clause_label": "GLOBAL MANUFACTURING LTD",
      "score": 0.0325,
      "text": "GLOBAL MANUFACTURING LTD\n\nCOMMERCIAL PROPERTY AND LIABILITY ENDORSEMENT PACK\nPolicy Number GML-2024-88213. Period of Insurance: 1 April 2024 to 31 March 2025, both dates inclusive at the address of the Insured. This pack records every endorsement attached to the policy and supersedes any endorsement schedule issued previously.\n\nENDORSEMENT NO. 1 - FLOOD SUB-LIMIT AMENDMENT\nEffective from 1 June 2024. In consideration of the additional premium of GBP 42,750 the following amendments are made to the Property Damage section of the policy.\n\n1. DEFINITIONS\n\n1.1 Flood means the escape of water from the normal confines of any natural or artificial watercourse, lake, reservoir, canal or dam, or inundation from the sea, whether driven by storm or otherwise.\n\n1.2 Flood Zone means any location identified as Zone 2 or Zone 3 on the Environment Agency Flood Map for Planning current at the inception of this endorsement.\n\n2. AMENDMENT TO LIMIT\nThe sub-limit applicable to loss or damage caused by Flood is amended from GBP 2,500,000 to GBP 5,000,000 in the annual aggregate. The revised sub-limit applies to all insured locations combined and is part of, and not in addition to, the policy limit of GBP 40,000,000 any one occurrence.\n\n3. DEDUCTIBLE\nA deductible of GBP 250,000 each and every loss applies to loss or damage caused by Flood at any location within a Flood Zone. At all other locations the standard property deductible of GBP 50,000 each and every loss continues to apply.\n\nSECTION 4 - CONDITIONS APPLYING TO THIS ENDORSEMENT"
    },
    {
      "chunk_id": "4fa131d2878b9fbf::0001",
      "doc_id": "4fa131d2878b9fbf",
      "filename": "sample_endorsement_pack.pdf",
      "page": 1,
      "page_end": 2,
      "section_path": "ENDORSEMENT NO. 1 - FLOOD SUB-LIMIT AMENDMENT > 3. DEDUCTIBLE",
      "clause_label": "3. DEDUCTIBLE",
      "score": 0.0318,
      "text": "3. DEDUCTIBLE\nA deductible of GBP 250,000 each and every loss applies to loss or damage caused by Flood at any location within a Flood Zone. At all other locations the standard property deductible of GBP 50,000 each and every loss continues to apply.\n\nSECTION 4 - CONDITIONS APPLYING TO THIS ENDORSEMENT\n\n4.1 Flood Defence Maintenance\nThe Insured shall maintain all demountable flood barriers, non-return valves and sump pumps at each insured location in good and effective working order, and shall test them at intervals of not more than six months. A written record of each test shall be kept for a period of three years and produced to the Insurer on request.\n\n4.2 Exclusions\nNotwithstanding anything to the contrary in the policy, this endorsement does not cover loss, damage, cost or expense arising directly or indirectly out of:\n\n(a) subsidence, ground heave or landslip, whether or not caused or contributed to by Flood; (b) loss of or damage to growing crops, standing timber, or livestock in the open; (c) any property in the course of construction, erection or installation where the contract value exceeds GBP 1,000,000; (d) loss or damage to stock stored below ground level unless raised at least 150 millimetres above the finished floor level; (e) any fine, penalty or punitive damages levied by a regulator following a Flood event.\n\n4.2.1 Erosion of the sub-limit\nEach payment made under this endorsement, including any payment for professional fees and debris removal, erodes the annual aggregate sub-limit stated in clause 2. Once the annual aggregate sub-limit is exhausted no further payment shall be made under this endorsement for the remainder of the Period of Insurance."
    },
    {
      "chunk_id": "5ccd70c8aadf500e::0000",
      "doc_id": "5ccd70c8aadf500e",
      "filename": "form_ho0304_archive.pdf",
      "page": 1,
      "page_end": 1,
      "section_path": "FORM LIBRARY - ARCHIVED WORDING ON FILE",
      "clause_label": "FORM LIBRARY - ARCHIVED WORDING ON FILE",
      "score": 0.0313,
      "text": "FORM LIBRARY - ARCHIVED WORDING ON FILE\nThis file retains prior editions of Form HO-0304 for audit and reference purposes against policy GML-2024-88213. The edition currently endorsed to the policy is 03-24 (see the waterdamage endorsement in the main endorsement pack for its reference number). Earlier editions below are retained for reference only and do not apply to a loss occurring after the date their text says they were superseded.\n\nFORM HO-0304 - EDITION 01-22\nEXCLUSION CODE E-17 - SEQUENTIAL WATER INTRUSION EVENTS (EDITION 01-22)\n\nExclusion Code E-17 (Form HO-0304, edition 01-22). This policy does not cover loss or damage arising from a second or subsequent Flood event at the same insured location where that event occurs within 30 consecutive days of an earlier Flood event at the same location. Superseded by edition 06-22 with effect from 1 June 2022.\n\nFORM HO-0304 - EDITION 06-22\nEXCLUSION CODE E-17 - SEQUENTIAL WATER INTRUSION EVENTS (EDITION 06-22)\n\nExclusion Code E-17 (Form HO-0304, edition 06-22). This policy does not cover loss or damage arising from a second or subsequent Flood event at the same insured location where that event occurs within 35 consecutive days of an earlier Flood event at the same location. Superseded by edition 09-23 with effect from 1 September 2023.\n\nFORM HO-0304 - EDITION 09-23\nEXCLUSION CODE E-17 - SEQUENTIAL WATER INTRUSION EVENTS (EDITION 09-23)\n\nExclusion Code E-17 (Form HO-0304, edition 09-23). This policy does not cover loss or damage arising from a second or subsequent Flood event at the same insured location where that event occurs within 45 consecutive days of an earlier Flood event at the same location, save that this exclusion does not apply to a Flood event caused solely by a named windstorm. Superseded by edition 01-24 with effect from 1 January 2024."
    },
    {
      "chunk_id": "4fa131d2878b9fbf::0006",
      "doc_id": "4fa131d2878b9fbf",
      "filename": "sample_endorsement_pack.pdf",
      "page": 3,
      "page_end": 4,
      "section_path": "ENDORSEMENT NO. 3 - BUSINESS INTERRUPTION AMENDMENTS > GENERAL CONDITIONS",
      "clause_label": "GENERAL CONDITIONS",
      "score": 0.0313,
      "text": "GENERAL CONDITIONS\n\n1. Cancellation. Either party may cancel this policy by giving 60 days written notice to the other at its last known address. Where the Insurer cancels, a pro rata return of premium shall be made provided no claim has been notified during the Period of Insurance.\n\n2. Governing law. This policy shall be governed by and construed in accordance with the law of England and Wales, and the parties submit to the exclusive jurisdiction of the courts of England and Wales.\n\n3. Premium payment. The premium is due within 45 days of inception. Failure to pay within that period entitles the Insurer to cancel in accordance with General Condition 1 above.\n\nENDORSEMENT NO. 4 - SEQUENTIAL WATER INTRUSION EXCLUSION\nEffective from 1 February 2025. This endorsement is issued under reference END-2024-0417 and adopts the exclusion wording of Form HO-0304 edition 03-24, reproduced at clause 4.3 below, which supersedes and replaces any earlier edition of Form HO-0304 referenced in the Insured's document file.\n\n4.3 Exclusion Code E-17 - Sequential Water Intrusion Events\nExclusion Code E-17 (Form HO-0304, edition 03-24). This policy does not cover loss or damage arising from a second or subsequent Flood event at the same insured location where that event occurs within 60 consecutive days of an earlier Flood event at the same location, regardless of whether a claim was made for the earlier event. This exclusion applies in addition to, and does not narrow, the deductible and sub-limit provisions of clauses 2 and 3 above.\n\n4.4 Interaction with the Flood Defence Condition\nExclusion Code E-17 does not apply where the Insured can demonstrate that the flood barriers, non-return valves and sump pumps required by clause 4.1 were tested and in good working order in the 60 days immediately preceding the second or subsequent Flood event."
    },
    {
      "chunk_id": "4fa131d2878b9fbf::0005",
      "doc_id": "4fa131d2878b9fbf",
      "filename": "sample_endorsement_pack.pdf",
      "page": 3,
      "page_end": 3,
      "section_path": "ENDORSEMENT NO. 2 - CYBER AND DATA EXCLUSION > SECTION 2 - EXCLUSION WORDING > 2.",
      "clause_label": "2.",
      "score": 0.0308,
      "text": "(h) the deliberate act of any employee, contractor or agent of the Insured taken with intent to cause a Cyber Incident, whether or not that person was acting within the scope of their employment or engagement, and whether or not the Insured had performed pre-engagement screening on that person.\n\nSECTION 3 - WRITE-BACK FOR PHYSICAL DAMAGE\n\n3. Subject to all other terms of the policy, this exclusion shall not apply to physical loss of or physical damage to insured property arising from fire or explosion which itself results from a Cyber Incident, provided that the fire or explosion is not the result of a Cyber Act committed with intent to cause physical damage.\n\nENDORSEMENT NO. 3 - BUSINESS INTERRUPTION AMENDMENTS\nEffective from 1 October 2024. The Business Interruption section is amended as set out below. All other terms, conditions and exclusions remain unaltered.\n\n1. WAITING PERIOD\nA waiting period of 72 consecutive hours applies to each and every claim under the Business Interruption section. No indemnity is payable in respect of any interruption that is remedied within the waiting period.\n\n2. INDEMNITY PERIOD\nThe maximum indemnity period is extended from 12 months to 18 months from the date on which the interruption begins.\n\n3. NOTIFICATION OF CLAIM\n3. The Insured shall give written notice to the Insurer of any event likely to give rise to a claim under this section within 30 days of that event becoming known to a director or to the risk manager of the Insured. Notice given to the broker alone does not constitute notice to the Insurer.\n\nGENERAL CONDITIONS\n\n1. Cancellation. Either party may cancel this policy by giving 60 days written notice to the other at its last known address. Where the Insurer cancels, a pro rata return of premium shall be made provided no claim has been notified during the Period of Insurance."
    }
  ],
  "model": "stub:reading-comprehension-v1",
  "params": {
    "effort": "medium",
    "max_tokens": 16000
  },
  "output": {
    "claim_number": "[CLAIM NUMBER REDACTED]",
    "date_of_loss": "01 July 2026",
    "coverage_decision": "covered",
    "cited_exclusion_id": null,
    "excess_amount": 250000.0,
    "summary": "Notes match an insured peril: (d) loss or damage to stock stored below ground level unless raised at least 150 millimetres above the finished floor level;",
    "citations": [
      "4fa131d2878b9fbf::0001"
    ]
  },
  "output_notes": []
}
---
{
  "trace_id": "trc_00035",
  "created_at": "2026-08-30T21:31:44.290061+00:00",
  "feature": "claim_summary",
  "prompt_version": "claim-summary-v1",
  "input_redacted": "Claim [CLAIM NUMBER REDACTED]. Second flood event at the same insured location on 26 April 2026, 24 days after an earlier flood event on 02 April 2026 at the same location. Estimated damage GBP 204,124. Form on file for this policy is HO-0304 edition 03-24.",
  "redacted_fields": [
    "claim_number:CLM-2026-62929"
  ],
  "retrieval_mode": "hybrid_bm25_rrf",
  "retrieved": [
    {
      "chunk_id": "5ccd70c8aadf500e::0001",
      "doc_id": "5ccd70c8aadf500e",
      "filename": "form_ho0304_archive.pdf",
      "page": 1,
      "page_end": 1,
      "section_path": "FORM HO-0304 - EDITION 01-24",
      "clause_label": "FORM HO-0304 - EDITION 01-24",
      "score": 0.0325,
      "text": "This policy does not cover loss or damage arising from a second or subsequent Flood event at the same insured location where that event occurs within 45 consecutive days of an earlier Flood event at the same location, save that this exclusion does not apply to a Flood event caused solely by a named windstorm. Superseded by edition 01-24 with effect from 1 January 2024.\n\nFORM HO-0304 - EDITION 01-24\nEXCLUSION CODE E-17 - SEQUENTIAL WATER INTRUSION EVENTS (EDITION 01-24)\n\nExclusion Code E-17 (Form HO-0304, edition 01-24). This policy does not cover loss or damage arising from a second or subsequent Flood event at the same insured location where that event occurs within 55 consecutive days of an earlier Flood event at the same location, save that this exclusion does not apply to a Flood event caused solely by a named windstorm. Superseded by edition 03-24 with effect from 1 February 2025."
    },
    {
      "chunk_id": "5ccd70c8aadf500e::0000",
      "doc_id": "5ccd70c8aadf500e",
      "filename": "form_ho0304_archive.pdf",
      "page": 1,
      "page_end": 1,
      "section_path": "FORM LIBRARY - ARCHIVED WORDING ON FILE",
      "clause_label": "FORM LIBRARY - ARCHIVED WORDING ON FILE",
      "score": 0.032,
      "text": "FORM LIBRARY - ARCHIVED WORDING ON FILE\nThis file retains prior editions of Form HO-0304 for audit and reference purposes against policy GML-2024-88213. The edition currently endorsed to the policy is 03-24 (see the waterdamage endorsement in the main endorsement pack for its reference number). Earlier editions below are retained for reference only and do not apply to a loss occurring after the date their text says they were superseded.\n\nFORM HO-0304 - EDITION 01-22\nEXCLUSION CODE E-17 - SEQUENTIAL WATER INTRUSION EVENTS (EDITION 01-22)\n\nExclusion Code E-17 (Form HO-0304, edition 01-22). This policy does not cover loss or damage arising from a second or subsequent Flood event at the same insured location where that event occurs within 30 consecutive days of an earlier Flood event at the same location. Superseded by edition 06-22 with effect from 1 June 2022.\n\nFORM HO-0304 - EDITION 06-22\nEXCLUSION CODE E-17 - SEQUENTIAL WATER INTRUSION EVENTS (EDITION 06-22)\n\nExclusion Code E-17 (Form HO-0304, edition 06-22). This policy does not cover loss or damage arising from a second or subsequent Flood event at the same insured location where that event occurs within 35 consecutive days of an earlier Flood event at the same location. Superseded by edition 09-23 with effect from 1 September 2023.\n\nFORM HO-0304 - EDITION 09-23\nEXCLUSION CODE E-17 - SEQUENTIAL WATER INTRUSION EVENTS (EDITION 09-23)\n\nExclusion Code E-17 (Form HO-0304, edition 09-23). This policy does not cover loss or damage arising from a second or subsequent Flood event at the same insured location where that event occurs within 45 consecutive days of an earlier Flood event at the same location, save that this exclusion does not apply to a Flood event caused solely by a named windstorm. Superseded by edition 01-24 with effect from 1 January 2024."
    },
    {
      "chunk_id": "4fa131d2878b9fbf::0000",
      "doc_id": "4fa131d2878b9fbf",
      "filename": "sample_endorsement_pack.pdf",
      "page": 1,
      "page_end": 1,
      "section_path": "GLOBAL MANUFACTURING LTD",
      "clause_label": "GLOBAL MANUFACTURING LTD",
      "score": 0.0318,
      "text": "GLOBAL MANUFACTURING LTD\n\nCOMMERCIAL PROPERTY AND LIABILITY ENDORSEMENT PACK\nPolicy Number GML-2024-88213. Period of Insurance: 1 April 2024 to 31 March 2025, both dates inclusive at the address of the Insured. This pack records every endorsement attached to the policy and supersedes any endorsement schedule issued previously.\n\nENDORSEMENT NO. 1 - FLOOD SUB-LIMIT AMENDMENT\nEffective from 1 June 2024. In consideration of the additional premium of GBP 42,750 the following amendments are made to the Property Damage section of the policy.\n\n1. DEFINITIONS\n\n1.1 Flood means the escape of water from the normal confines of any natural or artificial watercourse, lake, reservoir, canal or dam, or inundation from the sea, whether driven by storm or otherwise.\n\n1.2 Flood Zone means any location identified as Zone 2 or Zone 3 on the Environment Agency Flood Map for Planning current at the inception of this endorsement.\n\n2. AMENDMENT TO LIMIT\nThe sub-limit applicable to loss or damage caused by Flood is amended from GBP 2,500,000 to GBP 5,000,000 in the annual aggregate. The revised sub-limit applies to all insured locations combined and is part of, and not in addition to, the policy limit of GBP 40,000,000 any one occurrence.\n\n3. DEDUCTIBLE\nA deductible of GBP 250,000 each and every loss applies to loss or damage caused by Flood at any location within a Flood Zone. At all other locations the standard property deductible of GBP 50,000 each and every loss continues to apply.\n\nSECTION 4 - CONDITIONS APPLYING TO THIS ENDORSEMENT"
    },
    {
      "chunk_id": "4fa131d2878b9fbf::0001",
      "doc_id": "4fa131d2878b9fbf",
      "filename": "sample_endorsement_pack.pdf",
      "page": 1,
      "page_end": 2,
      "section_path": "ENDORSEMENT NO. 1 - FLOOD SUB-LIMIT AMENDMENT > 3. DEDUCTIBLE",
      "clause_label": "3. DEDUCTIBLE",
      "score": 0.0313,
      "text": "3. DEDUCTIBLE\nA deductible of GBP 250,000 each and every loss applies to loss or damage caused by Flood at any location within a Flood Zone. At all other locations the standard property deductible of GBP 50,000 each and every loss continues to apply.\n\nSECTION 4 - CONDITIONS APPLYING TO THIS ENDORSEMENT\n\n4.1 Flood Defence Maintenance\nThe Insured shall maintain all demountable flood barriers, non-return valves and sump pumps at each insured location in good and effective working order, and shall test them at intervals of not more than six months. A written record of each test shall be kept for a period of three years and produced to the Insurer on request.\n\n4.2 Exclusions\nNotwithstanding anything to the contrary in the policy, this endorsement does not cover loss, damage, cost or expense arising directly or indirectly out of:\n\n(a) subsidence, ground heave or landslip, whether or not caused or contributed to by Flood; (b) loss of or damage to growing crops, standing timber, or livestock in the open; (c) any property in the course of construction, erection or installation where the contract value exceeds GBP 1,000,000; (d) loss or damage to stock stored below ground level unless raised at least 150 millimetres above the finished floor level; (e) any fine, penalty or punitive damages levied by a regulator following a Flood event.\n\n4.2.1 Erosion of the sub-limit\nEach payment made under this endorsement, including any payment for professional fees and debris removal, erodes the annual aggregate sub-limit stated in clause 2. Once the annual aggregate sub-limit is exhausted no further payment shall be made under this endorsement for the remainder of the Period of Insurance."
    },
    {
      "chunk_id": "4fa131d2878b9fbf::0006",
      "doc_id": "4fa131d2878b9fbf",
      "filename": "sample_endorsement_pack.pdf",
      "page": 3,
      "page_end": 4,
      "section_path": "ENDORSEMENT NO. 3 - BUSINESS INTERRUPTION AMENDMENTS > GENERAL CONDITIONS",
      "clause_label": "GENERAL CONDITIONS",
      "score": 0.0313,
      "text": "GENERAL CONDITIONS\n\n1. Cancellation. Either party may cancel this policy by giving 60 days written notice to the other at its last known address. Where the Insurer cancels, a pro rata return of premium shall be made provided no claim has been notified during the Period of Insurance.\n\n2. Governing law. This policy shall be governed by and construed in accordance with the law of England and Wales, and the parties submit to the exclusive jurisdiction of the courts of England and Wales.\n\n3. Premium payment. The premium is due within 45 days of inception. Failure to pay within that period entitles the Insurer to cancel in accordance with General Condition 1 above.\n\nENDORSEMENT NO. 4 - SEQUENTIAL WATER INTRUSION EXCLUSION\nEffective from 1 February 2025. This endorsement is issued under reference END-2024-0417 and adopts the exclusion wording of Form HO-0304 edition 03-24, reproduced at clause 4.3 below, which supersedes and replaces any earlier edition of Form HO-0304 referenced in the Insured's document file.\n\n4.3 Exclusion Code E-17 - Sequential Water Intrusion Events\nExclusion Code E-17 (Form HO-0304, edition 03-24). This policy does not cover loss or damage arising from a second or subsequent Flood event at the same insured location where that event occurs within 60 consecutive days of an earlier Flood event at the same location, regardless of whether a claim was made for the earlier event. This exclusion applies in addition to, and does not narrow, the deductible and sub-limit provisions of clauses 2 and 3 above.\n\n4.4 Interaction with the Flood Defence Condition\nExclusion Code E-17 does not apply where the Insured can demonstrate that the flood barriers, non-return valves and sump pumps required by clause 4.1 were tested and in good working order in the 60 days immediately preceding the second or subsequent Flood event."
    }
  ],
  "model": "stub:reading-comprehension-v1",
  "params": {
    "effort": "medium",
    "max_tokens": 16000
  },
  "output": {
    "claim_number": "[CLAIM NUMBER REDACTED]",
    "date_of_loss": "26 April 2026",
    "coverage_decision": "denied",
    "cited_exclusion_id": null,
    "excess_amount": null,
    "summary": "Notes describe circumstances matching an excluded scenario: This policy does not cover loss or damage arising from a second or subsequent Flood event at the same insured location where that event occurs within 30 consecutive days of an earlier Flood event at the same location.",
    "citations": [
      "5ccd70c8aadf500e::0000"
    ]
  },
  "output_notes": []
}
---
{
  "trace_id": "trc_00036",
  "created_at": "2026-08-30T21:31:44.306066+00:00",
  "feature": "claim_summary",
  "prompt_version": "claim-summary-v1",
  "input_redacted": "Claim [CLAIM NUMBER REDACTED]. Water ingress at the insured's premises on 20 April 2026 after a burst water main nearby; the site is NOT within the mapped flood zone. Estimated damage GBP 192,273. Insured asks which deductible applies.",
  "redacted_fields": [
    "claim_number:CLM-2026-03432"
  ],
  "retrieval_mode": "hybrid_bm25_rrf",
  "retrieved": [
    {
      "chunk_id": "4fa131d2878b9fbf::0001",
      "doc_id": "4fa131d2878b9fbf",
      "filename": "sample_endorsement_pack.pdf",
      "page": 1,
      "page_end": 2,
      "section_path": "ENDORSEMENT NO. 1 - FLOOD SUB-LIMIT AMENDMENT > 3. DEDUCTIBLE",
      "clause_label": "3. DEDUCTIBLE",
      "score": 0.0325,
      "text": "3. DEDUCTIBLE\nA deductible of GBP 250,000 each and every loss applies to loss or damage caused by Flood at any location within a Flood Zone. At all other locations the standard property deductible of GBP 50,000 each and every loss continues to apply.\n\nSECTION 4 - CONDITIONS APPLYING TO THIS ENDORSEMENT\n\n4.1 Flood Defence Maintenance\nThe Insured shall maintain all demountable flood barriers, non-return valves and sump pumps at each insured location in good and effective working order, and shall test them at intervals of not more than six months. A written record of each test shall be kept for a period of three years and produced to the Insurer on request.\n\n4.2 Exclusions\nNotwithstanding anything to the contrary in the policy, this endorsement does not cover loss, damage, cost or expense arising directly or indirectly out of:\n\n(a) subsidence, ground heave or landslip, whether or not caused or contributed to by Flood; (b) loss of or damage to growing crops, standing timber, or livestock in the open; (c) any property in the course of construction, erection or installation where the contract value exceeds GBP 1,000,000; (d) loss or damage to stock stored below ground level unless raised at least 150 millimetres above the finished floor level; (e) any fine, penalty or punitive damages levied by a regulator following a Flood event.\n\n4.2.1 Erosion of the sub-limit\nEach payment made under this endorsement, including any payment for professional fees and debris removal, erodes the annual aggregate sub-limit stated in clause 2. Once the annual aggregate sub-limit is exhausted no further payment shall be made under this endorsement for the remainder of the Period of Insurance."
    },
    {
      "chunk_id": "4fa131d2878b9fbf::0000",
      "doc_id": "4fa131d2878b9fbf",
      "filename": "sample_endorsement_pack.pdf",
      "page": 1,
      "page_end": 1,
      "section_path": "GLOBAL MANUFACTURING LTD",
      "clause_label": "GLOBAL MANUFACTURING LTD",
      "score": 0.0325,
      "text": "GLOBAL MANUFACTURING LTD\n\nCOMMERCIAL PROPERTY AND LIABILITY ENDORSEMENT PACK\nPolicy Number GML-2024-88213. Period of Insurance: 1 April 2024 to 31 March 2025, both dates inclusive at the address of the Insured. This pack records every endorsement attached to the policy and supersedes any endorsement schedule issued previously.\n\nENDORSEMENT NO. 1 - FLOOD SUB-LIMIT AMENDMENT\nEffective from 1 June 2024. In consideration of the additional premium of GBP 42,750 the following amendments are made to the Property Damage section of the policy.\n\n1. DEFINITIONS\n\n1.1 Flood means the escape of water from the normal confines of any natural or artificial watercourse, lake, reservoir, canal or dam, or inundation from the sea, whether driven by storm or otherwise.\n\n1.2 Flood Zone means any location identified as Zone 2 or Zone 3 on the Environment Agency Flood Map for Planning current at the inception of this endorsement.\n\n2. AMENDMENT TO LIMIT\nThe sub-limit applicable to loss or damage caused by Flood is amended from GBP 2,500,000 to GBP 5,000,000 in the annual aggregate. The revised sub-limit applies to all insured locations combined and is part of, and not in addition to, the policy limit of GBP 40,000,000 any one occurrence.\n\n3. DEDUCTIBLE\nA deductible of GBP 250,000 each and every loss applies to loss or damage caused by Flood at any location within a Flood Zone. At all other locations the standard property deductible of GBP 50,000 each and every loss continues to apply.\n\nSECTION 4 - CONDITIONS APPLYING TO THIS ENDORSEMENT"
    },
    {
      "chunk_id": "5ccd70c8aadf500e::0001",
      "doc_id": "5ccd70c8aadf500e",
      "filename": "form_ho0304_archive.pdf",
      "page": 1,
      "page_end": 1,
      "section_path": "FORM HO-0304 - EDITION 01-24",
      "clause_label": "FORM HO-0304 - EDITION 01-24",
      "score": 0.0313,
      "text": "This policy does not cover loss or damage arising from a second or subsequent Flood event at the same insured location where that event occurs within 45 consecutive days of an earlier Flood event at the same location, save that this exclusion does not apply to a Flood event caused solely by a named windstorm. Superseded by edition 01-24 with effect from 1 January 2024.\n\nFORM HO-0304 - EDITION 01-24\nEXCLUSION CODE E-17 - SEQUENTIAL WATER INTRUSION EVENTS (EDITION 01-24)\n\nExclusion Code E-17 (Form HO-0304, edition 01-24). This policy does not cover loss or damage arising from a second or subsequent Flood event at the same insured location where that event occurs within 55 consecutive days of an earlier Flood event at the same location, save that this exclusion does not apply to a Flood event caused solely by a named windstorm. Superseded by edition 03-24 with effect from 1 February 2025."
    },
    {
      "chunk_id": "4fa131d2878b9fbf::0006",
      "doc_id": "4fa131d2878b9fbf",
      "filename": "sample_endorsement_pack.pdf",
      "page": 3,
      "page_end": 4,
      "section_path": "ENDORSEMENT NO. 3 - BUSINESS INTERRUPTION AMENDMENTS > GENERAL CONDITIONS",
      "clause_label": "GENERAL CONDITIONS",
      "score": 0.0313,
      "text": "GENERAL CONDITIONS\n\n1. Cancellation. Either party may cancel this policy by giving 60 days written notice to the other at its last known address. Where the Insurer cancels, a pro rata return of premium shall be made provided no claim has been notified during the Period of Insurance.\n\n2. Governing law. This policy shall be governed by and construed in accordance with the law of England and Wales, and the parties submit to the exclusive jurisdiction of the courts of England and Wales.\n\n3. Premium payment. The premium is due within 45 days of inception. Failure to pay within that period entitles the Insurer to cancel in accordance with General Condition 1 above.\n\nENDORSEMENT NO. 4 - SEQUENTIAL WATER INTRUSION EXCLUSION\nEffective from 1 February 2025. This endorsement is issued under reference END-2024-0417 and adopts the exclusion wording of Form HO-0304 edition 03-24, reproduced at clause 4.3 below, which supersedes and replaces any earlier edition of Form HO-0304 referenced in the Insured's document file.\n\n4.3 Exclusion Code E-17 - Sequential Water Intrusion Events\nExclusion Code E-17 (Form HO-0304, edition 03-24). This policy does not cover loss or damage arising from a second or subsequent Flood event at the same insured location where that event occurs within 60 consecutive days of an earlier Flood event at the same location, regardless of whether a claim was made for the earlier event. This exclusion applies in addition to, and does not narrow, the deductible and sub-limit provisions of clauses 2 and 3 above.\n\n4.4 Interaction with the Flood Defence Condition\nExclusion Code E-17 does not apply where the Insured can demonstrate that the flood barriers, non-return valves and sump pumps required by clause 4.1 were tested and in good working order in the 60 days immediately preceding the second or subsequent Flood event."
    },
    {
      "chunk_id": "5ccd70c8aadf500e::0000",
      "doc_id": "5ccd70c8aadf500e",
      "filename": "form_ho0304_archive.pdf",
      "page": 1,
      "page_end": 1,
      "section_path": "FORM LIBRARY - ARCHIVED WORDING ON FILE",
      "clause_label": "FORM LIBRARY - ARCHIVED WORDING ON FILE",
      "score": 0.0312,
      "text": "FORM LIBRARY - ARCHIVED WORDING ON FILE\nThis file retains prior editions of Form HO-0304 for audit and reference purposes against policy GML-2024-88213. The edition currently endorsed to the policy is 03-24 (see the waterdamage endorsement in the main endorsement pack for its reference number). Earlier editions below are retained for reference only and do not apply to a loss occurring after the date their text says they were superseded.\n\nFORM HO-0304 - EDITION 01-22\nEXCLUSION CODE E-17 - SEQUENTIAL WATER INTRUSION EVENTS (EDITION 01-22)\n\nExclusion Code E-17 (Form HO-0304, edition 01-22). This policy does not cover loss or damage arising from a second or subsequent Flood event at the same insured location where that event occurs within 30 consecutive days of an earlier Flood event at the same location. Superseded by edition 06-22 with effect from 1 June 2022.\n\nFORM HO-0304 - EDITION 06-22\nEXCLUSION CODE E-17 - SEQUENTIAL WATER INTRUSION EVENTS (EDITION 06-22)\n\nExclusion Code E-17 (Form HO-0304, edition 06-22). This policy does not cover loss or damage arising from a second or subsequent Flood event at the same insured location where that event occurs within 35 consecutive days of an earlier Flood event at the same location. Superseded by edition 09-23 with effect from 1 September 2023.\n\nFORM HO-0304 - EDITION 09-23\nEXCLUSION CODE E-17 - SEQUENTIAL WATER INTRUSION EVENTS (EDITION 09-23)\n\nExclusion Code E-17 (Form HO-0304, edition 09-23). This policy does not cover loss or damage arising from a second or subsequent Flood event at the same insured location where that event occurs within 45 consecutive days of an earlier Flood event at the same location, save that this exclusion does not apply to a Flood event caused solely by a named windstorm. Superseded by edition 01-24 with effect from 1 January 2024."
    }
  ],
  "model": "stub:reading-comprehension-v1",
  "params": {
    "effort": "medium",
    "max_tokens": 16000
  },
  "output": {
    "claim_number": "[CLAIM NUMBER REDACTED]",
    "date_of_loss": "20 April 2026",
    "coverage_decision": "covered",
    "cited_exclusion_id": null,
    "excess_amount": 250000.0,
    "summary": "Notes match an insured peril: DEDUCTIBLE\nA deductible of GBP 250,000 each and every loss applies to loss or damage caused by Flood at any location within a Flood Zone.",
    "citations": [
      "4fa131d2878b9fbf::0000"
    ]
  },
  "output_notes": []
}
---
{
  "trace_id": "trc_00037",
  "created_at": "2026-08-30T21:31:44.321070+00:00",
  "feature": "claim_summary",
  "prompt_version": "claim-summary-v1",
  "input_redacted": "Claim [CLAIM NUMBER REDACTED]. Water ingress at the insured's premises on 23 July 2026 after a burst water main nearby; the site is NOT within the mapped flood zone. Estimated damage GBP 139,397. Insured asks which deductible applies.",
  "redacted_fields": [
    "claim_number:CLM-2026-35064"
  ],
  "retrieval_mode": "hybrid_bm25_rrf",
  "retrieved": [
    {
      "chunk_id": "4fa131d2878b9fbf::0001",
      "doc_id": "4fa131d2878b9fbf",
      "filename": "sample_endorsement_pack.pdf",
      "page": 1,
      "page_end": 2,
      "section_path": "ENDORSEMENT NO. 1 - FLOOD SUB-LIMIT AMENDMENT > 3. DEDUCTIBLE",
      "clause_label": "3. DEDUCTIBLE",
      "score": 0.0325,
      "text": "3. DEDUCTIBLE\nA deductible of GBP 250,000 each and every loss applies to loss or damage caused by Flood at any location within a Flood Zone. At all other locations the standard property deductible of GBP 50,000 each and every loss continues to apply.\n\nSECTION 4 - CONDITIONS APPLYING TO THIS ENDORSEMENT\n\n4.1 Flood Defence Maintenance\nThe Insured shall maintain all demountable flood barriers, non-return valves and sump pumps at each insured location in good and effective working order, and shall test them at intervals of not more than six months. A written record of each test shall be kept for a period of three years and produced to the Insurer on request.\n\n4.2 Exclusions\nNotwithstanding anything to the contrary in the policy, this endorsement does not cover loss, damage, cost or expense arising directly or indirectly out of:\n\n(a) subsidence, ground heave or landslip, whether or not caused or contributed to by Flood; (b) loss of or damage to growing crops, standing timber, or livestock in the open; (c) any property in the course of construction, erection or installation where the contract value exceeds GBP 1,000,000; (d) loss or damage to stock stored below ground level unless raised at least 150 millimetres above the finished floor level; (e) any fine, penalty or punitive damages levied by a regulator following a Flood event.\n\n4.2.1 Erosion of the sub-limit\nEach payment made under this endorsement, including any payment for professional fees and debris removal, erodes the annual aggregate sub-limit stated in clause 2. Once the annual aggregate sub-limit is exhausted no further payment shall be made under this endorsement for the remainder of the Period of Insurance."
    },
    {
      "chunk_id": "4fa131d2878b9fbf::0000",
      "doc_id": "4fa131d2878b9fbf",
      "filename": "sample_endorsement_pack.pdf",
      "page": 1,
      "page_end": 1,
      "section_path": "GLOBAL MANUFACTURING LTD",
      "clause_label": "GLOBAL MANUFACTURING LTD",
      "score": 0.0325,
      "text": "GLOBAL MANUFACTURING LTD\n\nCOMMERCIAL PROPERTY AND LIABILITY ENDORSEMENT PACK\nPolicy Number GML-2024-88213. Period of Insurance: 1 April 2024 to 31 March 2025, both dates inclusive at the address of the Insured. This pack records every endorsement attached to the policy and supersedes any endorsement schedule issued previously.\n\nENDORSEMENT NO. 1 - FLOOD SUB-LIMIT AMENDMENT\nEffective from 1 June 2024. In consideration of the additional premium of GBP 42,750 the following amendments are made to the Property Damage section of the policy.\n\n1. DEFINITIONS\n\n1.1 Flood means the escape of water from the normal confines of any natural or artificial watercourse, lake, reservoir, canal or dam, or inundation from the sea, whether driven by storm or otherwise.\n\n1.2 Flood Zone means any location identified as Zone 2 or Zone 3 on the Environment Agency Flood Map for Planning current at the inception of this endorsement.\n\n2. AMENDMENT TO LIMIT\nThe sub-limit applicable to loss or damage caused by Flood is amended from GBP 2,500,000 to GBP 5,000,000 in the annual aggregate. The revised sub-limit applies to all insured locations combined and is part of, and not in addition to, the policy limit of GBP 40,000,000 any one occurrence.\n\n3. DEDUCTIBLE\nA deductible of GBP 250,000 each and every loss applies to loss or damage caused by Flood at any location within a Flood Zone. At all other locations the standard property deductible of GBP 50,000 each and every loss continues to apply.\n\nSECTION 4 - CONDITIONS APPLYING TO THIS ENDORSEMENT"
    },
    {
      "chunk_id": "5ccd70c8aadf500e::0001",
      "doc_id": "5ccd70c8aadf500e",
      "filename": "form_ho0304_archive.pdf",
      "page": 1,
      "page_end": 1,
      "section_path": "FORM HO-0304 - EDITION 01-24",
      "clause_label": "FORM HO-0304 - EDITION 01-24",
      "score": 0.0313,
      "text": "This policy does not cover loss or damage arising from a second or subsequent Flood event at the same insured location where that event occurs within 45 consecutive days of an earlier Flood event at the same location, save that this exclusion does not apply to a Flood event caused solely by a named windstorm. Superseded by edition 01-24 with effect from 1 January 2024.\n\nFORM HO-0304 - EDITION 01-24\nEXCLUSION CODE E-17 - SEQUENTIAL WATER INTRUSION EVENTS (EDITION 01-24)\n\nExclusion Code E-17 (Form HO-0304, edition 01-24). This policy does not cover loss or damage arising from a second or subsequent Flood event at the same insured location where that event occurs within 55 consecutive days of an earlier Flood event at the same location, save that this exclusion does not apply to a Flood event caused solely by a named windstorm. Superseded by edition 03-24 with effect from 1 February 2025."
    },
    {
      "chunk_id": "4fa131d2878b9fbf::0006",
      "doc_id": "4fa131d2878b9fbf",
      "filename": "sample_endorsement_pack.pdf",
      "page": 3,
      "page_end": 4,
      "section_path": "ENDORSEMENT NO. 3 - BUSINESS INTERRUPTION AMENDMENTS > GENERAL CONDITIONS",
      "clause_label": "GENERAL CONDITIONS",
      "score": 0.0313,
      "text": "GENERAL CONDITIONS\n\n1. Cancellation. Either party may cancel this policy by giving 60 days written notice to the other at its last known address. Where the Insurer cancels, a pro rata return of premium shall be made provided no claim has been notified during the Period of Insurance.\n\n2. Governing law. This policy shall be governed by and construed in accordance with the law of England and Wales, and the parties submit to the exclusive jurisdiction of the courts of England and Wales.\n\n3. Premium payment. The premium is due within 45 days of inception. Failure to pay within that period entitles the Insurer to cancel in accordance with General Condition 1 above.\n\nENDORSEMENT NO. 4 - SEQUENTIAL WATER INTRUSION EXCLUSION\nEffective from 1 February 2025. This endorsement is issued under reference END-2024-0417 and adopts the exclusion wording of Form HO-0304 edition 03-24, reproduced at clause 4.3 below, which supersedes and replaces any earlier edition of Form HO-0304 referenced in the Insured's document file.\n\n4.3 Exclusion Code E-17 - Sequential Water Intrusion Events\nExclusion Code E-17 (Form HO-0304, edition 03-24). This policy does not cover loss or damage arising from a second or subsequent Flood event at the same insured location where that event occurs within 60 consecutive days of an earlier Flood event at the same location, regardless of whether a claim was made for the earlier event. This exclusion applies in addition to, and does not narrow, the deductible and sub-limit provisions of clauses 2 and 3 above.\n\n4.4 Interaction with the Flood Defence Condition\nExclusion Code E-17 does not apply where the Insured can demonstrate that the flood barriers, non-return valves and sump pumps required by clause 4.1 were tested and in good working order in the 60 days immediately preceding the second or subsequent Flood event."
    },
    {
      "chunk_id": "5ccd70c8aadf500e::0000",
      "doc_id": "5ccd70c8aadf500e",
      "filename": "form_ho0304_archive.pdf",
      "page": 1,
      "page_end": 1,
      "section_path": "FORM LIBRARY - ARCHIVED WORDING ON FILE",
      "clause_label": "FORM LIBRARY - ARCHIVED WORDING ON FILE",
      "score": 0.0312,
      "text": "FORM LIBRARY - ARCHIVED WORDING ON FILE\nThis file retains prior editions of Form HO-0304 for audit and reference purposes against policy GML-2024-88213. The edition currently endorsed to the policy is 03-24 (see the waterdamage endorsement in the main endorsement pack for its reference number). Earlier editions below are retained for reference only and do not apply to a loss occurring after the date their text says they were superseded.\n\nFORM HO-0304 - EDITION 01-22\nEXCLUSION CODE E-17 - SEQUENTIAL WATER INTRUSION EVENTS (EDITION 01-22)\n\nExclusion Code E-17 (Form HO-0304, edition 01-22). This policy does not cover loss or damage arising from a second or subsequent Flood event at the same insured location where that event occurs within 30 consecutive days of an earlier Flood event at the same location. Superseded by edition 06-22 with effect from 1 June 2022.\n\nFORM HO-0304 - EDITION 06-22\nEXCLUSION CODE E-17 - SEQUENTIAL WATER INTRUSION EVENTS (EDITION 06-22)\n\nExclusion Code E-17 (Form HO-0304, edition 06-22). This policy does not cover loss or damage arising from a second or subsequent Flood event at the same insured location where that event occurs within 35 consecutive days of an earlier Flood event at the same location. Superseded by edition 09-23 with effect from 1 September 2023.\n\nFORM HO-0304 - EDITION 09-23\nEXCLUSION CODE E-17 - SEQUENTIAL WATER INTRUSION EVENTS (EDITION 09-23)\n\nExclusion Code E-17 (Form HO-0304, edition 09-23). This policy does not cover loss or damage arising from a second or subsequent Flood event at the same insured location where that event occurs within 45 consecutive days of an earlier Flood event at the same location, save that this exclusion does not apply to a Flood event caused solely by a named windstorm. Superseded by edition 01-24 with effect from 1 January 2024."
    }
  ],
  "model": "stub:reading-comprehension-v1",
  "params": {
    "effort": "medium",
    "max_tokens": 16000
  },
  "output": {
    "claim_number": "[CLAIM NUMBER REDACTED]",
    "date_of_loss": "23 July 2026",
    "coverage_decision": "covered",
    "cited_exclusion_id": null,
    "excess_amount": 250000.0,
    "summary": "Notes match an insured peril: DEDUCTIBLE\nA deductible of GBP 250,000 each and every loss applies to loss or damage caused by Flood at any location within a Flood Zone.",
    "citations": [
      "4fa131d2878b9fbf::0000"
    ]
  },
  "output_notes": []
}
---
{
  "trace_id": "trc_00038",
  "created_at": "2026-08-30T21:31:44.336378+00:00",
  "feature": "claim_summary",
  "prompt_version": "claim-summary-v1",
  "input_redacted": "Claim [CLAIM NUMBER REDACTED]. Insured reports ground movement and cracking to the warehouse wall following the flood event of 20 July 2026; structural engineer's report attributes the cracking to subsidence triggered by the flood saturating the foundations. Claimed amount GBP 445,180.",
  "redacted_fields": [
    "claim_number:CLM-2026-59352"
  ],
  "retrieval_mode": "hybrid_bm25_rrf",
  "retrieved": [
    {
      "chunk_id": "4fa131d2878b9fbf::0001",
      "doc_id": "4fa131d2878b9fbf",
      "filename": "sample_endorsement_pack.pdf",
      "page": 1,
      "page_end": 2,
      "section_path": "ENDORSEMENT NO. 1 - FLOOD SUB-LIMIT AMENDMENT > 3. DEDUCTIBLE",
      "clause_label": "3. DEDUCTIBLE",
      "score": 0.0325,
      "text": "3. DEDUCTIBLE\nA deductible of GBP 250,000 each and every loss applies to loss or damage caused by Flood at any location within a Flood Zone. At all other locations the standard property deductible of GBP 50,000 each and every loss continues to apply.\n\nSECTION 4 - CONDITIONS APPLYING TO THIS ENDORSEMENT\n\n4.1 Flood Defence Maintenance\nThe Insured shall maintain all demountable flood barriers, non-return valves and sump pumps at each insured location in good and effective working order, and shall test them at intervals of not more than six months. A written record of each test shall be kept for a period of three years and produced to the Insurer on request.\n\n4.2 Exclusions\nNotwithstanding anything to the contrary in the policy, this endorsement does not cover loss, damage, cost or expense arising directly or indirectly out of:\n\n(a) subsidence, ground heave or landslip, whether or not caused or contributed to by Flood; (b) loss of or damage to growing crops, standing timber, or livestock in the open; (c) any property in the course of construction, erection or installation where the contract value exceeds GBP 1,000,000; (d) loss or damage to stock stored below ground level unless raised at least 150 millimetres above the finished floor level; (e) any fine, penalty or punitive damages levied by a regulator following a Flood event.\n\n4.2.1 Erosion of the sub-limit\nEach payment made under this endorsement, including any payment for professional fees and debris removal, erodes the annual aggregate sub-limit stated in clause 2. Once the annual aggregate sub-limit is exhausted no further payment shall be made under this endorsement for the remainder of the Period of Insurance."
    },
    {
      "chunk_id": "4fa131d2878b9fbf::0000",
      "doc_id": "4fa131d2878b9fbf",
      "filename": "sample_endorsement_pack.pdf",
      "page": 1,
      "page_end": 1,
      "section_path": "GLOBAL MANUFACTURING LTD",
      "clause_label": "GLOBAL MANUFACTURING LTD",
      "score": 0.0323,
      "text": "GLOBAL MANUFACTURING LTD\n\nCOMMERCIAL PROPERTY AND LIABILITY ENDORSEMENT PACK\nPolicy Number GML-2024-88213. Period of Insurance: 1 April 2024 to 31 March 2025, both dates inclusive at the address of the Insured. This pack records every endorsement attached to the policy and supersedes any endorsement schedule issued previously.\n\nENDORSEMENT NO. 1 - FLOOD SUB-LIMIT AMENDMENT\nEffective from 1 June 2024. In consideration of the additional premium of GBP 42,750 the following amendments are made to the Property Damage section of the policy.\n\n1. DEFINITIONS\n\n1.1 Flood means the escape of water from the normal confines of any natural or artificial watercourse, lake, reservoir, canal or dam, or inundation from the sea, whether driven by storm or otherwise.\n\n1.2 Flood Zone means any location identified as Zone 2 or Zone 3 on the Environment Agency Flood Map for Planning current at the inception of this endorsement.\n\n2. AMENDMENT TO LIMIT\nThe sub-limit applicable to loss or damage caused by Flood is amended from GBP 2,500,000 to GBP 5,000,000 in the annual aggregate. The revised sub-limit applies to all insured locations combined and is part of, and not in addition to, the policy limit of GBP 40,000,000 any one occurrence.\n\n3. DEDUCTIBLE\nA deductible of GBP 250,000 each and every loss applies to loss or damage caused by Flood at any location within a Flood Zone. At all other locations the standard property deductible of GBP 50,000 each and every loss continues to apply.\n\nSECTION 4 - CONDITIONS APPLYING TO THIS ENDORSEMENT"
    },
    {
      "chunk_id": "4fa131d2878b9fbf::0006",
      "doc_id": "4fa131d2878b9fbf",
      "filename": "sample_endorsement_pack.pdf",
      "page": 3,
      "page_end": 4,
      "section_path": "ENDORSEMENT NO. 3 - BUSINESS INTERRUPTION AMENDMENTS > GENERAL CONDITIONS",
      "clause_label": "GENERAL CONDITIONS",
      "score": 0.0315,
      "text": "GENERAL CONDITIONS\n\n1. Cancellation. Either party may cancel this policy by giving 60 days written notice to the other at its last known address. Where the Insurer cancels, a pro rata return of premium shall be made provided no claim has been notified during the Period of Insurance.\n\n2. Governing law. This policy shall be governed by and construed in accordance with the law of England and Wales, and the parties submit to the exclusive jurisdiction of the courts of England and Wales.\n\n3. Premium payment. The premium is due within 45 days of inception. Failure to pay within that period entitles the Insurer to cancel in accordance with General Condition 1 above.\n\nENDORSEMENT NO. 4 - SEQUENTIAL WATER INTRUSION EXCLUSION\nEffective from 1 February 2025. This endorsement is issued under reference END-2024-0417 and adopts the exclusion wording of Form HO-0304 edition 03-24, reproduced at clause 4.3 below, which supersedes and replaces any earlier edition of Form HO-0304 referenced in the Insured's document file.\n\n4.3 Exclusion Code E-17 - Sequential Water Intrusion Events\nExclusion Code E-17 (Form HO-0304, edition 03-24). This policy does not cover loss or damage arising from a second or subsequent Flood event at the same insured location where that event occurs within 60 consecutive days of an earlier Flood event at the same location, regardless of whether a claim was made for the earlier event. This exclusion applies in addition to, and does not narrow, the deductible and sub-limit provisions of clauses 2 and 3 above.\n\n4.4 Interaction with the Flood Defence Condition\nExclusion Code E-17 does not apply where the Insured can demonstrate that the flood barriers, non-return valves and sump pumps required by clause 4.1 were tested and in good working order in the 60 days immediately preceding the second or subsequent Flood event."
    },
    {
      "chunk_id": "5ccd70c8aadf500e::0001",
      "doc_id": "5ccd70c8aadf500e",
      "filename": "form_ho0304_archive.pdf",
      "page": 1,
      "page_end": 1,
      "section_path": "FORM HO-0304 - EDITION 01-24",
      "clause_label": "FORM HO-0304 - EDITION 01-24",
      "score": 0.0315,
      "text": "This policy does not cover loss or damage arising from a second or subsequent Flood event at the same insured location where that event occurs within 45 consecutive days of an earlier Flood event at the same location, save that this exclusion does not apply to a Flood event caused solely by a named windstorm. Superseded by edition 01-24 with effect from 1 January 2024.\n\nFORM HO-0304 - EDITION 01-24\nEXCLUSION CODE E-17 - SEQUENTIAL WATER INTRUSION EVENTS (EDITION 01-24)\n\nExclusion Code E-17 (Form HO-0304, edition 01-24). This policy does not cover loss or damage arising from a second or subsequent Flood event at the same insured location where that event occurs within 55 consecutive days of an earlier Flood event at the same location, save that this exclusion does not apply to a Flood event caused solely by a named windstorm. Superseded by edition 03-24 with effect from 1 February 2025."
    },
    {
      "chunk_id": "5ccd70c8aadf500e::0000",
      "doc_id": "5ccd70c8aadf500e",
      "filename": "form_ho0304_archive.pdf",
      "page": 1,
      "page_end": 1,
      "section_path": "FORM LIBRARY - ARCHIVED WORDING ON FILE",
      "clause_label": "FORM LIBRARY - ARCHIVED WORDING ON FILE",
      "score": 0.0308,
      "text": "FORM LIBRARY - ARCHIVED WORDING ON FILE\nThis file retains prior editions of Form HO-0304 for audit and reference purposes against policy GML-2024-88213. The edition currently endorsed to the policy is 03-24 (see the waterdamage endorsement in the main endorsement pack for its reference number). Earlier editions below are retained for reference only and do not apply to a loss occurring after the date their text says they were superseded.\n\nFORM HO-0304 - EDITION 01-22\nEXCLUSION CODE E-17 - SEQUENTIAL WATER INTRUSION EVENTS (EDITION 01-22)\n\nExclusion Code E-17 (Form HO-0304, edition 01-22). This policy does not cover loss or damage arising from a second or subsequent Flood event at the same insured location where that event occurs within 30 consecutive days of an earlier Flood event at the same location. Superseded by edition 06-22 with effect from 1 June 2022.\n\nFORM HO-0304 - EDITION 06-22\nEXCLUSION CODE E-17 - SEQUENTIAL WATER INTRUSION EVENTS (EDITION 06-22)\n\nExclusion Code E-17 (Form HO-0304, edition 06-22). This policy does not cover loss or damage arising from a second or subsequent Flood event at the same insured location where that event occurs within 35 consecutive days of an earlier Flood event at the same location. Superseded by edition 09-23 with effect from 1 September 2023.\n\nFORM HO-0304 - EDITION 09-23\nEXCLUSION CODE E-17 - SEQUENTIAL WATER INTRUSION EVENTS (EDITION 09-23)\n\nExclusion Code E-17 (Form HO-0304, edition 09-23). This policy does not cover loss or damage arising from a second or subsequent Flood event at the same insured location where that event occurs within 45 consecutive days of an earlier Flood event at the same location, save that this exclusion does not apply to a Flood event caused solely by a named windstorm. Superseded by edition 01-24 with effect from 1 January 2024."
    }
  ],
  "model": "stub:reading-comprehension-v1",
  "params": {
    "effort": "medium",
    "max_tokens": 16000
  },
  "output": {
    "claim_number": "[CLAIM NUMBER REDACTED]",
    "date_of_loss": "20 July 2026",
    "coverage_decision": "denied",
    "cited_exclusion_id": "4.1",
    "excess_amount": 250000.0,
    "summary": "Notes describe circumstances matching an excluded scenario: 4.2 Exclusions\nNotwithstanding anything to the contrary in the policy, this endorsement does not cover loss, damage, cost or expense arising directly or indirectly out of:\n\n(a) subsidence, ground heave or landslip, whether or not caused or contributed to by Flood;",
    "citations": [
      "4fa131d2878b9fbf::0001"
    ]
  },
  "output_notes": []
}
---
{
  "trace_id": "trc_00039",
  "created_at": "2026-08-30T21:31:44.348316+00:00",
  "feature": "claim_summary",
  "prompt_version": "claim-summary-v1",
  "input_redacted": "Claim [CLAIM NUMBER REDACTED]. Interruption beginning 14 May 2026 has now continued for 20 months with operations still not fully restored. Cumulative claimed loss to date: GBP 2,474,846.",
  "redacted_fields": [
    "claim_number:CLM-2026-50890"
  ],
  "retrieval_mode": "hybrid_bm25_rrf",
  "retrieved": [
    {
      "chunk_id": "4fa131d2878b9fbf::0005",
      "doc_id": "4fa131d2878b9fbf",
      "filename": "sample_endorsement_pack.pdf",
      "page": 3,
      "page_end": 3,
      "section_path": "ENDORSEMENT NO. 2 - CYBER AND DATA EXCLUSION > SECTION 2 - EXCLUSION WORDING > 2.",
      "clause_label": "2.",
      "score": 0.0325,
      "text": "(h) the deliberate act of any employee, contractor or agent of the Insured taken with intent to cause a Cyber Incident, whether or not that person was acting within the scope of their employment or engagement, and whether or not the Insured had performed pre-engagement screening on that person.\n\nSECTION 3 - WRITE-BACK FOR PHYSICAL DAMAGE\n\n3. Subject to all other terms of the policy, this exclusion shall not apply to physical loss of or physical damage to insured property arising from fire or explosion which itself results from a Cyber Incident, provided that the fire or explosion is not the result of a Cyber Act committed with intent to cause physical damage.\n\nENDORSEMENT NO. 3 - BUSINESS INTERRUPTION AMENDMENTS\nEffective from 1 October 2024. The Business Interruption section is amended as set out below. All other terms, conditions and exclusions remain unaltered.\n\n1. WAITING PERIOD\nA waiting period of 72 consecutive hours applies to each and every claim under the Business Interruption section. No indemnity is payable in respect of any interruption that is remedied within the waiting period.\n\n2. INDEMNITY PERIOD\nThe maximum indemnity period is extended from 12 months to 18 months from the date on which the interruption begins.\n\n3. NOTIFICATION OF CLAIM\n3. The Insured shall give written notice to the Insurer of any event likely to give rise to a claim under this section within 30 days of that event becoming known to a director or to the risk manager of the Insured. Notice given to the broker alone does not constitute notice to the Insurer.\n\nGENERAL CONDITIONS\n\n1. Cancellation. Either party may cancel this policy by giving 60 days written notice to the other at its last known address. Where the Insurer cancels, a pro rata return of premium shall be made provided no claim has been notified during the Period of Insurance."
    },
    {
      "chunk_id": "4fa131d2878b9fbf::0006",
      "doc_id": "4fa131d2878b9fbf",
      "filename": "sample_endorsement_pack.pdf",
      "page": 3,
      "page_end": 4,
      "section_path": "ENDORSEMENT NO. 3 - BUSINESS INTERRUPTION AMENDMENTS > GENERAL CONDITIONS",
      "clause_label": "GENERAL CONDITIONS",
      "score": 0.0323,
      "text": "GENERAL CONDITIONS\n\n1. Cancellation. Either party may cancel this policy by giving 60 days written notice to the other at its last known address. Where the Insurer cancels, a pro rata return of premium shall be made provided no claim has been notified during the Period of Insurance.\n\n2. Governing law. This policy shall be governed by and construed in accordance with the law of England and Wales, and the parties submit to the exclusive jurisdiction of the courts of England and Wales.\n\n3. Premium payment. The premium is due within 45 days of inception. Failure to pay within that period entitles the Insurer to cancel in accordance with General Condition 1 above.\n\nENDORSEMENT NO. 4 - SEQUENTIAL WATER INTRUSION EXCLUSION\nEffective from 1 February 2025. This endorsement is issued under reference END-2024-0417 and adopts the exclusion wording of Form HO-0304 edition 03-24, reproduced at clause 4.3 below, which supersedes and replaces any earlier edition of Form HO-0304 referenced in the Insured's document file.\n\n4.3 Exclusion Code E-17 - Sequential Water Intrusion Events\nExclusion Code E-17 (Form HO-0304, edition 03-24). This policy does not cover loss or damage arising from a second or subsequent Flood event at the same insured location where that event occurs within 60 consecutive days of an earlier Flood event at the same location, regardless of whether a claim was made for the earlier event. This exclusion applies in addition to, and does not narrow, the deductible and sub-limit provisions of clauses 2 and 3 above.\n\n4.4 Interaction with the Flood Defence Condition\nExclusion Code E-17 does not apply where the Insured can demonstrate that the flood barriers, non-return valves and sump pumps required by clause 4.1 were tested and in good working order in the 60 days immediately preceding the second or subsequent Flood event."
    },
    {
      "chunk_id": "4fa131d2878b9fbf::0000",
      "doc_id": "4fa131d2878b9fbf",
      "filename": "sample_endorsement_pack.pdf",
      "page": 1,
      "page_end": 1,
      "section_path": "GLOBAL MANUFACTURING LTD",
      "clause_label": "GLOBAL MANUFACTURING LTD",
      "score": 0.0318,
      "text": "GLOBAL MANUFACTURING LTD\n\nCOMMERCIAL PROPERTY AND LIABILITY ENDORSEMENT PACK\nPolicy Number GML-2024-88213. Period of Insurance: 1 April 2024 to 31 March 2025, both dates inclusive at the address of the Insured. This pack records every endorsement attached to the policy and supersedes any endorsement schedule issued previously.\n\nENDORSEMENT NO. 1 - FLOOD SUB-LIMIT AMENDMENT\nEffective from 1 June 2024. In consideration of the additional premium of GBP 42,750 the following amendments are made to the Property Damage section of the policy.\n\n1. DEFINITIONS\n\n1.1 Flood means the escape of water from the normal confines of any natural or artificial watercourse, lake, reservoir, canal or dam, or inundation from the sea, whether driven by storm or otherwise.\n\n1.2 Flood Zone means any location identified as Zone 2 or Zone 3 on the Environment Agency Flood Map for Planning current at the inception of this endorsement.\n\n2. AMENDMENT TO LIMIT\nThe sub-limit applicable to loss or damage caused by Flood is amended from GBP 2,500,000 to GBP 5,000,000 in the annual aggregate. The revised sub-limit applies to all insured locations combined and is part of, and not in addition to, the policy limit of GBP 40,000,000 any one occurrence.\n\n3. DEDUCTIBLE\nA deductible of GBP 250,000 each and every loss applies to loss or damage caused by Flood at any location within a Flood Zone. At all other locations the standard property deductible of GBP 50,000 each and every loss continues to apply.\n\nSECTION 4 - CONDITIONS APPLYING TO THIS ENDORSEMENT"
    },
    {
      "chunk_id": "4fa131d2878b9fbf::0001",
      "doc_id": "4fa131d2878b9fbf",
      "filename": "sample_endorsement_pack.pdf",
      "page": 1,
      "page_end": 2,
      "section_path": "ENDORSEMENT NO. 1 - FLOOD SUB-LIMIT AMENDMENT > 3. DEDUCTIBLE",
      "clause_label": "3. DEDUCTIBLE",
      "score": 0.031,
      "text": "3. DEDUCTIBLE\nA deductible of GBP 250,000 each and every loss applies to loss or damage caused by Flood at any location within a Flood Zone. At all other locations the standard property deductible of GBP 50,000 each and every loss continues to apply.\n\nSECTION 4 - CONDITIONS APPLYING TO THIS ENDORSEMENT\n\n4.1 Flood Defence Maintenance\nThe Insured shall maintain all demountable flood barriers, non-return valves and sump pumps at each insured location in good and effective working order, and shall test them at intervals of not more than six months. A written record of each test shall be kept for a period of three years and produced to the Insurer on request.\n\n4.2 Exclusions\nNotwithstanding anything to the contrary in the policy, this endorsement does not cover loss, damage, cost or expense arising directly or indirectly out of:\n\n(a) subsidence, ground heave or landslip, whether or not caused or contributed to by Flood; (b) loss of or damage to growing crops, standing timber, or livestock in the open; (c) any property in the course of construction, erection or installation where the contract value exceeds GBP 1,000,000; (d) loss or damage to stock stored below ground level unless raised at least 150 millimetres above the finished floor level; (e) any fine, penalty or punitive damages levied by a regulator following a Flood event.\n\n4.2.1 Erosion of the sub-limit\nEach payment made under this endorsement, including any payment for professional fees and debris removal, erodes the annual aggregate sub-limit stated in clause 2. Once the annual aggregate sub-limit is exhausted no further payment shall be made under this endorsement for the remainder of the Period of Insurance."
    },
    {
      "chunk_id": "5ccd70c8aadf500e::0000",
      "doc_id": "5ccd70c8aadf500e",
      "filename": "form_ho0304_archive.pdf",
      "page": 1,
      "page_end": 1,
      "section_path": "FORM LIBRARY - ARCHIVED WORDING ON FILE",
      "clause_label": "FORM LIBRARY - ARCHIVED WORDING ON FILE",
      "score": 0.0308,
      "text": "FORM LIBRARY - ARCHIVED WORDING ON FILE\nThis file retains prior editions of Form HO-0304 for audit and reference purposes against policy GML-2024-88213. The edition currently endorsed to the policy is 03-24 (see the waterdamage endorsement in the main endorsement pack for its reference number). Earlier editions below are retained for reference only and do not apply to a loss occurring after the date their text says they were superseded.\n\nFORM HO-0304 - EDITION 01-22\nEXCLUSION CODE E-17 - SEQUENTIAL WATER INTRUSION EVENTS (EDITION 01-22)\n\nExclusion Code E-17 (Form HO-0304, edition 01-22). This policy does not cover loss or damage arising from a second or subsequent Flood event at the same insured location where that event occurs within 30 consecutive days of an earlier Flood event at the same location. Superseded by edition 06-22 with effect from 1 June 2022.\n\nFORM HO-0304 - EDITION 06-22\nEXCLUSION CODE E-17 - SEQUENTIAL WATER INTRUSION EVENTS (EDITION 06-22)\n\nExclusion Code E-17 (Form HO-0304, edition 06-22). This policy does not cover loss or damage arising from a second or subsequent Flood event at the same insured location where that event occurs within 35 consecutive days of an earlier Flood event at the same location. Superseded by edition 09-23 with effect from 1 September 2023.\n\nFORM HO-0304 - EDITION 09-23\nEXCLUSION CODE E-17 - SEQUENTIAL WATER INTRUSION EVENTS (EDITION 09-23)\n\nExclusion Code E-17 (Form HO-0304, edition 09-23). This policy does not cover loss or damage arising from a second or subsequent Flood event at the same insured location where that event occurs within 45 consecutive days of an earlier Flood event at the same location, save that this exclusion does not apply to a Flood event caused solely by a named windstorm. Superseded by edition 01-24 with effect from 1 January 2024."
    }
  ],
  "model": "stub:reading-comprehension-v1",
  "params": {
    "effort": "medium",
    "max_tokens": 16000
  },
  "output": {
    "claim_number": "[CLAIM NUMBER REDACTED]",
    "date_of_loss": "14 May 2026",
    "coverage_decision": "denied",
    "cited_exclusion_id": "h",
    "excess_amount": null,
    "summary": "Notes describe circumstances matching an excluded scenario: INDEMNITY PERIOD\nThe maximum indemnity period is extended from 12 months to 18 months from the date on which the interruption begins.",
    "citations": [
      "4fa131d2878b9fbf::0005"
    ]
  },
  "output_notes": []
}
---
{
  "trace_id": "trc_00040",
  "created_at": "2026-08-30T21:31:44.359507+00:00",
  "feature": "claim_summary",
  "prompt_version": "claim-summary-v1",
  "input_redacted": "Claim [CLAIM NUMBER REDACTED]. Business interruption event on 26 June 2026; the insured's risk manager only notified the Insurer 52 days later. Claimed amount GBP 151,758. Insured asks whether the late notice affects the claim.",
  "redacted_fields": [
    "claim_number:CLM-2026-68722"
  ],
  "retrieval_mode": "hybrid_bm25_rrf",
  "retrieved": [
    {
      "chunk_id": "4fa131d2878b9fbf::0006",
      "doc_id": "4fa131d2878b9fbf",
      "filename": "sample_endorsement_pack.pdf",
      "page": 3,
      "page_end": 4,
      "section_path": "ENDORSEMENT NO. 3 - BUSINESS INTERRUPTION AMENDMENTS > GENERAL CONDITIONS",
      "clause_label": "GENERAL CONDITIONS",
      "score": 0.0325,
      "text": "GENERAL CONDITIONS\n\n1. Cancellation. Either party may cancel this policy by giving 60 days written notice to the other at its last known address. Where the Insurer cancels, a pro rata return of premium shall be made provided no claim has been notified during the Period of Insurance.\n\n2. Governing law. This policy shall be governed by and construed in accordance with the law of England and Wales, and the parties submit to the exclusive jurisdiction of the courts of England and Wales.\n\n3. Premium payment. The premium is due within 45 days of inception. Failure to pay within that period entitles the Insurer to cancel in accordance with General Condition 1 above.\n\nENDORSEMENT NO. 4 - SEQUENTIAL WATER INTRUSION EXCLUSION\nEffective from 1 February 2025. This endorsement is issued under reference END-2024-0417 and adopts the exclusion wording of Form HO-0304 edition 03-24, reproduced at clause 4.3 below, which supersedes and replaces any earlier edition of Form HO-0304 referenced in the Insured's document file.\n\n4.3 Exclusion Code E-17 - Sequential Water Intrusion Events\nExclusion Code E-17 (Form HO-0304, edition 03-24). This policy does not cover loss or damage arising from a second or subsequent Flood event at the same insured location where that event occurs within 60 consecutive days of an earlier Flood event at the same location, regardless of whether a claim was made for the earlier event. This exclusion applies in addition to, and does not narrow, the deductible and sub-limit provisions of clauses 2 and 3 above.\n\n4.4 Interaction with the Flood Defence Condition\nExclusion Code E-17 does not apply where the Insured can demonstrate that the flood barriers, non-return valves and sump pumps required by clause 4.1 were tested and in good working order in the 60 days immediately preceding the second or subsequent Flood event."
    },
    {
      "chunk_id": "4fa131d2878b9fbf::0005",
      "doc_id": "4fa131d2878b9fbf",
      "filename": "sample_endorsement_pack.pdf",
      "page": 3,
      "page_end": 3,
      "section_path": "ENDORSEMENT NO. 2 - CYBER AND DATA EXCLUSION > SECTION 2 - EXCLUSION WORDING > 2.",
      "clause_label": "2.",
      "score": 0.0325,
      "text": "(h) the deliberate act of any employee, contractor or agent of the Insured taken with intent to cause a Cyber Incident, whether or not that person was acting within the scope of their employment or engagement, and whether or not the Insured had performed pre-engagement screening on that person.\n\nSECTION 3 - WRITE-BACK FOR PHYSICAL DAMAGE\n\n3. Subject to all other terms of the policy, this exclusion shall not apply to physical loss of or physical damage to insured property arising from fire or explosion which itself results from a Cyber Incident, provided that the fire or explosion is not the result of a Cyber Act committed with intent to cause physical damage.\n\nENDORSEMENT NO. 3 - BUSINESS INTERRUPTION AMENDMENTS\nEffective from 1 October 2024. The Business Interruption section is amended as set out below. All other terms, conditions and exclusions remain unaltered.\n\n1. WAITING PERIOD\nA waiting period of 72 consecutive hours applies to each and every claim under the Business Interruption section. No indemnity is payable in respect of any interruption that is remedied within the waiting period.\n\n2. INDEMNITY PERIOD\nThe maximum indemnity period is extended from 12 months to 18 months from the date on which the interruption begins.\n\n3. NOTIFICATION OF CLAIM\n3. The Insured shall give written notice to the Insurer of any event likely to give rise to a claim under this section within 30 days of that event becoming known to a director or to the risk manager of the Insured. Notice given to the broker alone does not constitute notice to the Insurer.\n\nGENERAL CONDITIONS\n\n1. Cancellation. Either party may cancel this policy by giving 60 days written notice to the other at its last known address. Where the Insurer cancels, a pro rata return of premium shall be made provided no claim has been notified during the Period of Insurance."
    },
    {
      "chunk_id": "4fa131d2878b9fbf::0000",
      "doc_id": "4fa131d2878b9fbf",
      "filename": "sample_endorsement_pack.pdf",
      "page": 1,
      "page_end": 1,
      "section_path": "GLOBAL MANUFACTURING LTD",
      "clause_label": "GLOBAL MANUFACTURING LTD",
      "score": 0.0312,
      "text": "GLOBAL MANUFACTURING LTD\n\nCOMMERCIAL PROPERTY AND LIABILITY ENDORSEMENT PACK\nPolicy Number GML-2024-88213. Period of Insurance: 1 April 2024 to 31 March 2025, both dates inclusive at the address of the Insured. This pack records every endorsement attached to the policy and supersedes any endorsement schedule issued previously.\n\nENDORSEMENT NO. 1 - FLOOD SUB-LIMIT AMENDMENT\nEffective from 1 June 2024. In consideration of the additional premium of GBP 42,750 the following amendments are made to the Property Damage section of the policy.\n\n1. DEFINITIONS\n\n1.1 Flood means the escape of water from the normal confines of any natural or artificial watercourse, lake, reservoir, canal or dam, or inundation from the sea, whether driven by storm or otherwise.\n\n1.2 Flood Zone means any location identified as Zone 2 or Zone 3 on the Environment Agency Flood Map for Planning current at the inception of this endorsement.\n\n2. AMENDMENT TO LIMIT\nThe sub-limit applicable to loss or damage caused by Flood is amended from GBP 2,500,000 to GBP 5,000,000 in the annual aggregate. The revised sub-limit applies to all insured locations combined and is part of, and not in addition to, the policy limit of GBP 40,000,000 any one occurrence.\n\n3. DEDUCTIBLE\nA deductible of GBP 250,000 each and every loss applies to loss or damage caused by Flood at any location within a Flood Zone. At all other locations the standard property deductible of GBP 50,000 each and every loss continues to apply.\n\nSECTION 4 - CONDITIONS APPLYING TO THIS ENDORSEMENT"
    },
    {
      "chunk_id": "5ccd70c8aadf500e::0001",
      "doc_id": "5ccd70c8aadf500e",
      "filename": "form_ho0304_archive.pdf",
      "page": 1,
      "page_end": 1,
      "section_path": "FORM HO-0304 - EDITION 01-24",
      "clause_label": "FORM HO-0304 - EDITION 01-24",
      "score": 0.0308,
      "text": "This policy does not cover loss or damage arising from a second or subsequent Flood event at the same insured location where that event occurs within 45 consecutive days of an earlier Flood event at the same location, save that this exclusion does not apply to a Flood event caused solely by a named windstorm. Superseded by edition 01-24 with effect from 1 January 2024.\n\nFORM HO-0304 - EDITION 01-24\nEXCLUSION CODE E-17 - SEQUENTIAL WATER INTRUSION EVENTS (EDITION 01-24)\n\nExclusion Code E-17 (Form HO-0304, edition 01-24). This policy does not cover loss or damage arising from a second or subsequent Flood event at the same insured location where that event occurs within 55 consecutive days of an earlier Flood event at the same location, save that this exclusion does not apply to a Flood event caused solely by a named windstorm. Superseded by edition 03-24 with effect from 1 February 2025."
    },
    {
      "chunk_id": "4fa131d2878b9fbf::0003",
      "doc_id": "4fa131d2878b9fbf",
      "filename": "sample_endorsement_pack.pdf",
      "page": 2,
      "page_end": 2,
      "section_path": "ENDORSEMENT NO. 2 - CYBER AND DATA EXCLUSION > SECTION 2 - EXCLUSION WORDING > 2.",
      "clause_label": "2.",
      "score": 0.0306,
      "text": "to any action taken in controlling, preventing, suppressing or remediating any Cyber Act or Cyber Incident, and including the cost of any forensic investigation commissioned by the Insured or by any regulator, and including any sum paid or payable to a third party by way of settlement, judgment, award or contractual indemnity in respect of such an act or incident, whether or not the Insured admitted liability;\n(b) any loss of use, reduction in functionality, repair, replacement, restoration or reproduction of any Data, including any amount pertaining to the value of such Data, and including the cost of re-keying, re-entering or otherwise reconstituting Data from source documents where those documents themselves remain undamaged, and including any loss of profit consequent upon such loss of use;\n(c) the failure, malfunction, degradation, unavailability or interruption of any Computer System, whether owned or operated by the Insured or by any third party service provider, cloud host, managed service provider or telecommunications carrier upon which the Insured relies, and whether or not the Insured had a contractual right of recourse against that party;\n(d) the receipt, transmission, distribution or storage of any Malicious Code, whether or not that Malicious Code was introduced deliberately, negligently or inadvertently, and whether or not the Insured had in place anti-malware controls conforming to any recognised standard including ISO 27001 or the National Institute of Standards and Technology Cybersecurity Framework;"
    }
  ],
  "model": "stub:reading-comprehension-v1",
  "params": {
    "effort": "medium",
    "max_tokens": 16000
  },
  "output": {
    "claim_number": "[CLAIM NUMBER REDACTED]",
    "date_of_loss": "26 June 2026",
    "coverage_decision": "covered",
    "cited_exclusion_id": null,
    "excess_amount": null,
    "summary": "Notes match an insured peril: The Insured shall give written notice to the Insurer of any event likely to give rise to a claim under this section within 30 days of that event becoming known to a director or to the risk manager of the Insured.",
    "citations": [
      "4fa131d2878b9fbf::0005"
    ]
  },
  "output_notes": []
}
---
{
  "trace_id": "trc_00041",
  "created_at": "2026-08-30T21:31:44.370788+00:00",
  "feature": "claim_summary",
  "prompt_version": "claim-summary-v1",
  "input_redacted": "Claim [CLAIM NUMBER REDACTED]. Production interruption beginning 05 August 2026, lasting 201 hours before normal operations resumed. Insured claims GBP 236,834 in lost revenue.",
  "redacted_fields": [
    "claim_number:CLM-2026-14853"
  ],
  "retrieval_mode": "hybrid_bm25_rrf",
  "retrieved": [
    {
      "chunk_id": "4fa131d2878b9fbf::0005",
      "doc_id": "4fa131d2878b9fbf",
      "filename": "sample_endorsement_pack.pdf",
      "page": 3,
      "page_end": 3,
      "section_path": "ENDORSEMENT NO. 2 - CYBER AND DATA EXCLUSION > SECTION 2 - EXCLUSION WORDING > 2.",
      "clause_label": "2.",
      "score": 0.0325,
      "text": "(h) the deliberate act of any employee, contractor or agent of the Insured taken with intent to cause a Cyber Incident, whether or not that person was acting within the scope of their employment or engagement, and whether or not the Insured had performed pre-engagement screening on that person.\n\nSECTION 3 - WRITE-BACK FOR PHYSICAL DAMAGE\n\n3. Subject to all other terms of the policy, this exclusion shall not apply to physical loss of or physical damage to insured property arising from fire or explosion which itself results from a Cyber Incident, provided that the fire or explosion is not the result of a Cyber Act committed with intent to cause physical damage.\n\nENDORSEMENT NO. 3 - BUSINESS INTERRUPTION AMENDMENTS\nEffective from 1 October 2024. The Business Interruption section is amended as set out below. All other terms, conditions and exclusions remain unaltered.\n\n1. WAITING PERIOD\nA waiting period of 72 consecutive hours applies to each and every claim under the Business Interruption section. No indemnity is payable in respect of any interruption that is remedied within the waiting period.\n\n2. INDEMNITY PERIOD\nThe maximum indemnity period is extended from 12 months to 18 months from the date on which the interruption begins.\n\n3. NOTIFICATION OF CLAIM\n3. The Insured shall give written notice to the Insurer of any event likely to give rise to a claim under this section within 30 days of that event becoming known to a director or to the risk manager of the Insured. Notice given to the broker alone does not constitute notice to the Insurer.\n\nGENERAL CONDITIONS\n\n1. Cancellation. Either party may cancel this policy by giving 60 days written notice to the other at its last known address. Where the Insurer cancels, a pro rata return of premium shall be made provided no claim has been notified during the Period of Insurance."
    },
    {
      "chunk_id": "4fa131d2878b9fbf::0000",
      "doc_id": "4fa131d2878b9fbf",
      "filename": "sample_endorsement_pack.pdf",
      "page": 1,
      "page_end": 1,
      "section_path": "GLOBAL MANUFACTURING LTD",
      "clause_label": "GLOBAL MANUFACTURING LTD",
      "score": 0.032,
      "text": "GLOBAL MANUFACTURING LTD\n\nCOMMERCIAL PROPERTY AND LIABILITY ENDORSEMENT PACK\nPolicy Number GML-2024-88213. Period of Insurance: 1 April 2024 to 31 March 2025, both dates inclusive at the address of the Insured. This pack records every endorsement attached to the policy and supersedes any endorsement schedule issued previously.\n\nENDORSEMENT NO. 1 - FLOOD SUB-LIMIT AMENDMENT\nEffective from 1 June 2024. In consideration of the additional premium of GBP 42,750 the following amendments are made to the Property Damage section of the policy.\n\n1. DEFINITIONS\n\n1.1 Flood means the escape of water from the normal confines of any natural or artificial watercourse, lake, reservoir, canal or dam, or inundation from the sea, whether driven by storm or otherwise.\n\n1.2 Flood Zone means any location identified as Zone 2 or Zone 3 on the Environment Agency Flood Map for Planning current at the inception of this endorsement.\n\n2. AMENDMENT TO LIMIT\nThe sub-limit applicable to loss or damage caused by Flood is amended from GBP 2,500,000 to GBP 5,000,000 in the annual aggregate. The revised sub-limit applies to all insured locations combined and is part of, and not in addition to, the policy limit of GBP 40,000,000 any one occurrence.\n\n3. DEDUCTIBLE\nA deductible of GBP 250,000 each and every loss applies to loss or damage caused by Flood at any location within a Flood Zone. At all other locations the standard property deductible of GBP 50,000 each and every loss continues to apply.\n\nSECTION 4 - CONDITIONS APPLYING TO THIS ENDORSEMENT"
    },
    {
      "chunk_id": "4fa131d2878b9fbf::0006",
      "doc_id": "4fa131d2878b9fbf",
      "filename": "sample_endorsement_pack.pdf",
      "page": 3,
      "page_end": 4,
      "section_path": "ENDORSEMENT NO. 3 - BUSINESS INTERRUPTION AMENDMENTS > GENERAL CONDITIONS",
      "clause_label": "GENERAL CONDITIONS",
      "score": 0.0318,
      "text": "GENERAL CONDITIONS\n\n1. Cancellation. Either party may cancel this policy by giving 60 days written notice to the other at its last known address. Where the Insurer cancels, a pro rata return of premium shall be made provided no claim has been notified during the Period of Insurance.\n\n2. Governing law. This policy shall be governed by and construed in accordance with the law of England and Wales, and the parties submit to the exclusive jurisdiction of the courts of England and Wales.\n\n3. Premium payment. The premium is due within 45 days of inception. Failure to pay within that period entitles the Insurer to cancel in accordance with General Condition 1 above.\n\nENDORSEMENT NO. 4 - SEQUENTIAL WATER INTRUSION EXCLUSION\nEffective from 1 February 2025. This endorsement is issued under reference END-2024-0417 and adopts the exclusion wording of Form HO-0304 edition 03-24, reproduced at clause 4.3 below, which supersedes and replaces any earlier edition of Form HO-0304 referenced in the Insured's document file.\n\n4.3 Exclusion Code E-17 - Sequential Water Intrusion Events\nExclusion Code E-17 (Form HO-0304, edition 03-24). This policy does not cover loss or damage arising from a second or subsequent Flood event at the same insured location where that event occurs within 60 consecutive days of an earlier Flood event at the same location, regardless of whether a claim was made for the earlier event. This exclusion applies in addition to, and does not narrow, the deductible and sub-limit provisions of clauses 2 and 3 above.\n\n4.4 Interaction with the Flood Defence Condition\nExclusion Code E-17 does not apply where the Insured can demonstrate that the flood barriers, non-return valves and sump pumps required by clause 4.1 were tested and in good working order in the 60 days immediately preceding the second or subsequent Flood event."
    },
    {
      "chunk_id": "4fa131d2878b9fbf::0001",
      "doc_id": "4fa131d2878b9fbf",
      "filename": "sample_endorsement_pack.pdf",
      "page": 1,
      "page_end": 2,
      "section_path": "ENDORSEMENT NO. 1 - FLOOD SUB-LIMIT AMENDMENT > 3. DEDUCTIBLE",
      "clause_label": "3. DEDUCTIBLE",
      "score": 0.0315,
      "text": "3. DEDUCTIBLE\nA deductible of GBP 250,000 each and every loss applies to loss or damage caused by Flood at any location within a Flood Zone. At all other locations the standard property deductible of GBP 50,000 each and every loss continues to apply.\n\nSECTION 4 - CONDITIONS APPLYING TO THIS ENDORSEMENT\n\n4.1 Flood Defence Maintenance\nThe Insured shall maintain all demountable flood barriers, non-return valves and sump pumps at each insured location in good and effective working order, and shall test them at intervals of not more than six months. A written record of each test shall be kept for a period of three years and produced to the Insurer on request.\n\n4.2 Exclusions\nNotwithstanding anything to the contrary in the policy, this endorsement does not cover loss, damage, cost or expense arising directly or indirectly out of:\n\n(a) subsidence, ground heave or landslip, whether or not caused or contributed to by Flood; (b) loss of or damage to growing crops, standing timber, or livestock in the open; (c) any property in the course of construction, erection or installation where the contract value exceeds GBP 1,000,000; (d) loss or damage to stock stored below ground level unless raised at least 150 millimetres above the finished floor level; (e) any fine, penalty or punitive damages levied by a regulator following a Flood event.\n\n4.2.1 Erosion of the sub-limit\nEach payment made under this endorsement, including any payment for professional fees and debris removal, erodes the annual aggregate sub-limit stated in clause 2. Once the annual aggregate sub-limit is exhausted no further payment shall be made under this endorsement for the remainder of the Period of Insurance."
    },
    {
      "chunk_id": "4fa131d2878b9fbf::0003",
      "doc_id": "4fa131d2878b9fbf",
      "filename": "sample_endorsement_pack.pdf",
      "page": 2,
      "page_end": 2,
      "section_path": "ENDORSEMENT NO. 2 - CYBER AND DATA EXCLUSION > SECTION 2 - EXCLUSION WORDING > 2.",
      "clause_label": "2.",
      "score": 0.0303,
      "text": "to any action taken in controlling, preventing, suppressing or remediating any Cyber Act or Cyber Incident, and including the cost of any forensic investigation commissioned by the Insured or by any regulator, and including any sum paid or payable to a third party by way of settlement, judgment, award or contractual indemnity in respect of such an act or incident, whether or not the Insured admitted liability;\n(b) any loss of use, reduction in functionality, repair, replacement, restoration or reproduction of any Data, including any amount pertaining to the value of such Data, and including the cost of re-keying, re-entering or otherwise reconstituting Data from source documents where those documents themselves remain undamaged, and including any loss of profit consequent upon such loss of use;\n(c) the failure, malfunction, degradation, unavailability or interruption of any Computer System, whether owned or operated by the Insured or by any third party service provider, cloud host, managed service provider or telecommunications carrier upon which the Insured relies, and whether or not the Insured had a contractual right of recourse against that party;\n(d) the receipt, transmission, distribution or storage of any Malicious Code, whether or not that Malicious Code was introduced deliberately, negligently or inadvertently, and whether or not the Insured had in place anti-malware controls conforming to any recognised standard including ISO 27001 or the National Institute of Standards and Technology Cybersecurity Framework;"
    }
  ],
  "model": "stub:reading-comprehension-v1",
  "params": {
    "effort": "medium",
    "max_tokens": 16000
  },
  "output": {
    "claim_number": "[CLAIM NUMBER REDACTED]",
    "date_of_loss": "05 August 2026",
    "coverage_decision": "denied",
    "cited_exclusion_id": "h",
    "excess_amount": null,
    "summary": "Notes describe circumstances matching an excluded scenario: WAITING PERIOD\nA waiting period of 72 consecutive hours applies to each and every claim under the Business Interruption section.",
    "citations": [
      "4fa131d2878b9fbf::0005"
    ]
  },
  "output_notes": []
}
---
{
  "trace_id": "trc_00042",
  "created_at": "2026-08-30T21:31:44.381958+00:00",
  "feature": "claim_summary",
  "prompt_version": "claim-summary-v1",
  "input_redacted": "Claim [CLAIM NUMBER REDACTED]. Production interruption beginning 10 May 2026, fully resolved within 43 hours. Insured has submitted a business interruption claim for lost revenue during the outage.",
  "redacted_fields": [
    "claim_number:CLM-2026-68159"
  ],
  "retrieval_mode": "hybrid_bm25_rrf",
  "retrieved": [
    {
      "chunk_id": "4fa131d2878b9fbf::0005",
      "doc_id": "4fa131d2878b9fbf",
      "filename": "sample_endorsement_pack.pdf",
      "page": 3,
      "page_end": 3,
      "section_path": "ENDORSEMENT NO. 2 - CYBER AND DATA EXCLUSION > SECTION 2 - EXCLUSION WORDING > 2.",
      "clause_label": "2.",
      "score": 0.0328,
      "text": "(h) the deliberate act of any employee, contractor or agent of the Insured taken with intent to cause a Cyber Incident, whether or not that person was acting within the scope of their employment or engagement, and whether or not the Insured had performed pre-engagement screening on that person.\n\nSECTION 3 - WRITE-BACK FOR PHYSICAL DAMAGE\n\n3. Subject to all other terms of the policy, this exclusion shall not apply to physical loss of or physical damage to insured property arising from fire or explosion which itself results from a Cyber Incident, provided that the fire or explosion is not the result of a Cyber Act committed with intent to cause physical damage.\n\nENDORSEMENT NO. 3 - BUSINESS INTERRUPTION AMENDMENTS\nEffective from 1 October 2024. The Business Interruption section is amended as set out below. All other terms, conditions and exclusions remain unaltered.\n\n1. WAITING PERIOD\nA waiting period of 72 consecutive hours applies to each and every claim under the Business Interruption section. No indemnity is payable in respect of any interruption that is remedied within the waiting period.\n\n2. INDEMNITY PERIOD\nThe maximum indemnity period is extended from 12 months to 18 months from the date on which the interruption begins.\n\n3. NOTIFICATION OF CLAIM\n3. The Insured shall give written notice to the Insurer of any event likely to give rise to a claim under this section within 30 days of that event becoming known to a director or to the risk manager of the Insured. Notice given to the broker alone does not constitute notice to the Insurer.\n\nGENERAL CONDITIONS\n\n1. Cancellation. Either party may cancel this policy by giving 60 days written notice to the other at its last known address. Where the Insurer cancels, a pro rata return of premium shall be made provided no claim has been notified during the Period of Insurance."
    },
    {
      "chunk_id": "4fa131d2878b9fbf::0006",
      "doc_id": "4fa131d2878b9fbf",
      "filename": "sample_endorsement_pack.pdf",
      "page": 3,
      "page_end": 4,
      "section_path": "ENDORSEMENT NO. 3 - BUSINESS INTERRUPTION AMENDMENTS > GENERAL CONDITIONS",
      "clause_label": "GENERAL CONDITIONS",
      "score": 0.0323,
      "text": "GENERAL CONDITIONS\n\n1. Cancellation. Either party may cancel this policy by giving 60 days written notice to the other at its last known address. Where the Insurer cancels, a pro rata return of premium shall be made provided no claim has been notified during the Period of Insurance.\n\n2. Governing law. This policy shall be governed by and construed in accordance with the law of England and Wales, and the parties submit to the exclusive jurisdiction of the courts of England and Wales.\n\n3. Premium payment. The premium is due within 45 days of inception. Failure to pay within that period entitles the Insurer to cancel in accordance with General Condition 1 above.\n\nENDORSEMENT NO. 4 - SEQUENTIAL WATER INTRUSION EXCLUSION\nEffective from 1 February 2025. This endorsement is issued under reference END-2024-0417 and adopts the exclusion wording of Form HO-0304 edition 03-24, reproduced at clause 4.3 below, which supersedes and replaces any earlier edition of Form HO-0304 referenced in the Insured's document file.\n\n4.3 Exclusion Code E-17 - Sequential Water Intrusion Events\nExclusion Code E-17 (Form HO-0304, edition 03-24). This policy does not cover loss or damage arising from a second or subsequent Flood event at the same insured location where that event occurs within 60 consecutive days of an earlier Flood event at the same location, regardless of whether a claim was made for the earlier event. This exclusion applies in addition to, and does not narrow, the deductible and sub-limit provisions of clauses 2 and 3 above.\n\n4.4 Interaction with the Flood Defence Condition\nExclusion Code E-17 does not apply where the Insured can demonstrate that the flood barriers, non-return valves and sump pumps required by clause 4.1 were tested and in good working order in the 60 days immediately preceding the second or subsequent Flood event."
    },
    {
      "chunk_id": "5ccd70c8aadf500e::0001",
      "doc_id": "5ccd70c8aadf500e",
      "filename": "form_ho0304_archive.pdf",
      "page": 1,
      "page_end": 1,
      "section_path": "FORM HO-0304 - EDITION 01-24",
      "clause_label": "FORM HO-0304 - EDITION 01-24",
      "score": 0.031,
      "text": "This policy does not cover loss or damage arising from a second or subsequent Flood event at the same insured location where that event occurs within 45 consecutive days of an earlier Flood event at the same location, save that this exclusion does not apply to a Flood event caused solely by a named windstorm. Superseded by edition 01-24 with effect from 1 January 2024.\n\nFORM HO-0304 - EDITION 01-24\nEXCLUSION CODE E-17 - SEQUENTIAL WATER INTRUSION EVENTS (EDITION 01-24)\n\nExclusion Code E-17 (Form HO-0304, edition 01-24). This policy does not cover loss or damage arising from a second or subsequent Flood event at the same insured location where that event occurs within 55 consecutive days of an earlier Flood event at the same location, save that this exclusion does not apply to a Flood event caused solely by a named windstorm. Superseded by edition 03-24 with effect from 1 February 2025."
    },
    {
      "chunk_id": "4fa131d2878b9fbf::0003",
      "doc_id": "4fa131d2878b9fbf",
      "filename": "sample_endorsement_pack.pdf",
      "page": 2,
      "page_end": 2,
      "section_path": "ENDORSEMENT NO. 2 - CYBER AND DATA EXCLUSION > SECTION 2 - EXCLUSION WORDING > 2.",
      "clause_label": "2.",
      "score": 0.0308,
      "text": "to any action taken in controlling, preventing, suppressing or remediating any Cyber Act or Cyber Incident, and including the cost of any forensic investigation commissioned by the Insured or by any regulator, and including any sum paid or payable to a third party by way of settlement, judgment, award or contractual indemnity in respect of such an act or incident, whether or not the Insured admitted liability;\n(b) any loss of use, reduction in functionality, repair, replacement, restoration or reproduction of any Data, including any amount pertaining to the value of such Data, and including the cost of re-keying, re-entering or otherwise reconstituting Data from source documents where those documents themselves remain undamaged, and including any loss of profit consequent upon such loss of use;\n(c) the failure, malfunction, degradation, unavailability or interruption of any Computer System, whether owned or operated by the Insured or by any third party service provider, cloud host, managed service provider or telecommunications carrier upon which the Insured relies, and whether or not the Insured had a contractual right of recourse against that party;\n(d) the receipt, transmission, distribution or storage of any Malicious Code, whether or not that Malicious Code was introduced deliberately, negligently or inadvertently, and whether or not the Insured had in place anti-malware controls conforming to any recognised standard including ISO 27001 or the National Institute of Standards and Technology Cybersecurity Framework;"
    },
    {
      "chunk_id": "4fa131d2878b9fbf::0002",
      "doc_id": "4fa131d2878b9fbf",
      "filename": "sample_endorsement_pack.pdf",
      "page": 1,
      "page_end": 2,
      "section_path": "ENDORSEMENT NO. 1 - FLOOD SUB-LIMIT AMENDMENT > SECTION 4 - CONDITIONS APPLYING TO THIS ENDORSEMENT > 4.2 Exclusions > 4.2.1 Erosion of the sub-limit",
      "clause_label": "4.2.1 Erosion of the sub-limit",
      "score": 0.0308,
      "text": "4.2.1 Erosion of the sub-limit\nEach payment made under this endorsement, including any payment for professional fees and debris removal, erodes the annual aggregate sub-limit stated in clause 2. Once the annual aggregate sub-limit is exhausted no further payment shall be made under this endorsement for the remainder of the Period of Insurance.\n\nENDORSEMENT NO. 2 - CYBER AND DATA EXCLUSION\nEffective from inception. This endorsement applies to every section of the policy and replaces any cyber exclusion previously attached.\n\nSECTION 1 - SCOPE OF THE EXCLUSION\n\n1. This exclusion applies to all coverage afforded by the policy, including any extension, endorsement or memorandum, and applies irrespective of any other cause or event contributing concurrently or in any other sequence to the loss.\n\nSECTION 2 - EXCLUSION WORDING\n\n2. Notwithstanding any provision to the contrary within this policy or any endorsement thereto, this policy excludes any loss, damage, liability, claim, cost or expense of whatsoever nature directly or indirectly caused by, contributed to by, resulting from, arising out of or in connection with any of the following, regardless of any other cause or event contributing concurrently or in any other sequence thereto:\n(a) any Cyber Act or Cyber Incident, including but not limited to any action taken in controlling, preventing, suppressing or remediating any Cyber Act or Cyber Incident, and including the cost of any forensic investigation commissioned by the Insured or by any regulator, and including any sum paid or payable to a third party by way of settlement, judgment, award or contractual indemnity in respect of such an act or incident, whether or not the Insured admitted liability;"
    }
  ],
  "model": "stub:reading-comprehension-v1",
  "params": {
    "effort": "medium",
    "max_tokens": 16000
  },
  "output": {
    "claim_number": "[CLAIM NUMBER REDACTED]",
    "date_of_loss": "10 May 2026",
    "coverage_decision": "denied",
    "cited_exclusion_id": "h",
    "excess_amount": null,
    "summary": "Notes describe circumstances matching an excluded scenario: WAITING PERIOD\nA waiting period of 72 consecutive hours applies to each and every claim under the Business Interruption section.",
    "citations": [
      "4fa131d2878b9fbf::0005"
    ]
  },
  "output_notes": []
}
---
{
  "trace_id": "trc_00043",
  "created_at": "2026-08-30T21:31:44.394785+00:00",
  "feature": "claim_summary",
  "prompt_version": "claim-summary-v1",
  "input_redacted": "Claim [CLAIM NUMBER REDACTED]. Third flood-related payment this policy year at the insured's site, loss date 21 May 2026. Cumulative flood payments to date including this claim: GBP 2,530,042. Insured asks whether the annual aggregate flood sub-limit has been exhausted.",
  "redacted_fields": [
    "claim_number:CLM-2026-97833"
  ],
  "retrieval_mode": "hybrid_bm25_rrf",
  "retrieved": [
    {
      "chunk_id": "4fa131d2878b9fbf::0001",
      "doc_id": "4fa131d2878b9fbf",
      "filename": "sample_endorsement_pack.pdf",
      "page": 1,
      "page_end": 2,
      "section_path": "ENDORSEMENT NO. 1 - FLOOD SUB-LIMIT AMENDMENT > 3. DEDUCTIBLE",
      "clause_label": "3. DEDUCTIBLE",
      "score": 0.0323,
      "text": "3. DEDUCTIBLE\nA deductible of GBP 250,000 each and every loss applies to loss or damage caused by Flood at any location within a Flood Zone. At all other locations the standard property deductible of GBP 50,000 each and every loss continues to apply.\n\nSECTION 4 - CONDITIONS APPLYING TO THIS ENDORSEMENT\n\n4.1 Flood Defence Maintenance\nThe Insured shall maintain all demountable flood barriers, non-return valves and sump pumps at each insured location in good and effective working order, and shall test them at intervals of not more than six months. A written record of each test shall be kept for a period of three years and produced to the Insurer on request.\n\n4.2 Exclusions\nNotwithstanding anything to the contrary in the policy, this endorsement does not cover loss, damage, cost or expense arising directly or indirectly out of:\n\n(a) subsidence, ground heave or landslip, whether or not caused or contributed to by Flood; (b) loss of or damage to growing crops, standing timber, or livestock in the open; (c) any property in the course of construction, erection or installation where the contract value exceeds GBP 1,000,000; (d) loss or damage to stock stored below ground level unless raised at least 150 millimetres above the finished floor level; (e) any fine, penalty or punitive damages levied by a regulator following a Flood event.\n\n4.2.1 Erosion of the sub-limit\nEach payment made under this endorsement, including any payment for professional fees and debris removal, erodes the annual aggregate sub-limit stated in clause 2. Once the annual aggregate sub-limit is exhausted no further payment shall be made under this endorsement for the remainder of the Period of Insurance."
    },
    {
      "chunk_id": "4fa131d2878b9fbf::0000",
      "doc_id": "4fa131d2878b9fbf",
      "filename": "sample_endorsement_pack.pdf",
      "page": 1,
      "page_end": 1,
      "section_path": "GLOBAL MANUFACTURING LTD",
      "clause_label": "GLOBAL MANUFACTURING LTD",
      "score": 0.0318,
      "text": "GLOBAL MANUFACTURING LTD\n\nCOMMERCIAL PROPERTY AND LIABILITY ENDORSEMENT PACK\nPolicy Number GML-2024-88213. Period of Insurance: 1 April 2024 to 31 March 2025, both dates inclusive at the address of the Insured. This pack records every endorsement attached to the policy and supersedes any endorsement schedule issued previously.\n\nENDORSEMENT NO. 1 - FLOOD SUB-LIMIT AMENDMENT\nEffective from 1 June 2024. In consideration of the additional premium of GBP 42,750 the following amendments are made to the Property Damage section of the policy.\n\n1. DEFINITIONS\n\n1.1 Flood means the escape of water from the normal confines of any natural or artificial watercourse, lake, reservoir, canal or dam, or inundation from the sea, whether driven by storm or otherwise.\n\n1.2 Flood Zone means any location identified as Zone 2 or Zone 3 on the Environment Agency Flood Map for Planning current at the inception of this endorsement.\n\n2. AMENDMENT TO LIMIT\nThe sub-limit applicable to loss or damage caused by Flood is amended from GBP 2,500,000 to GBP 5,000,000 in the annual aggregate. The revised sub-limit applies to all insured locations combined and is part of, and not in addition to, the policy limit of GBP 40,000,000 any one occurrence.\n\n3. DEDUCTIBLE\nA deductible of GBP 250,000 each and every loss applies to loss or damage caused by Flood at any location within a Flood Zone. At all other locations the standard property deductible of GBP 50,000 each and every loss continues to apply.\n\nSECTION 4 - CONDITIONS APPLYING TO THIS ENDORSEMENT"
    },
    {
      "chunk_id": "4fa131d2878b9fbf::0002",
      "doc_id": "4fa131d2878b9fbf",
      "filename": "sample_endorsement_pack.pdf",
      "page": 1,
      "page_end": 2,
      "section_path": "ENDORSEMENT NO. 1 - FLOOD SUB-LIMIT AMENDMENT > SECTION 4 - CONDITIONS APPLYING TO THIS ENDORSEMENT > 4.2 Exclusions > 4.2.1 Erosion of the sub-limit",
      "clause_label": "4.2.1 Erosion of the sub-limit",
      "score": 0.0315,
      "text": "4.2.1 Erosion of the sub-limit\nEach payment made under this endorsement, including any payment for professional fees and debris removal, erodes the annual aggregate sub-limit stated in clause 2. Once the annual aggregate sub-limit is exhausted no further payment shall be made under this endorsement for the remainder of the Period of Insurance.\n\nENDORSEMENT NO. 2 - CYBER AND DATA EXCLUSION\nEffective from inception. This endorsement applies to every section of the policy and replaces any cyber exclusion previously attached.\n\nSECTION 1 - SCOPE OF THE EXCLUSION\n\n1. This exclusion applies to all coverage afforded by the policy, including any extension, endorsement or memorandum, and applies irrespective of any other cause or event contributing concurrently or in any other sequence to the loss.\n\nSECTION 2 - EXCLUSION WORDING\n\n2. Notwithstanding any provision to the contrary within this policy or any endorsement thereto, this policy excludes any loss, damage, liability, claim, cost or expense of whatsoever nature directly or indirectly caused by, contributed to by, resulting from, arising out of or in connection with any of the following, regardless of any other cause or event contributing concurrently or in any other sequence thereto:\n(a) any Cyber Act or Cyber Incident, including but not limited to any action taken in controlling, preventing, suppressing or remediating any Cyber Act or Cyber Incident, and including the cost of any forensic investigation commissioned by the Insured or by any regulator, and including any sum paid or payable to a third party by way of settlement, judgment, award or contractual indemnity in respect of such an act or incident, whether or not the Insured admitted liability;"
    },
    {
      "chunk_id": "4fa131d2878b9fbf::0006",
      "doc_id": "4fa131d2878b9fbf",
      "filename": "sample_endorsement_pack.pdf",
      "page": 3,
      "page_end": 4,
      "section_path": "ENDORSEMENT NO. 3 - BUSINESS INTERRUPTION AMENDMENTS > GENERAL CONDITIONS",
      "clause_label": "GENERAL CONDITIONS",
      "score": 0.0313,
      "text": "GENERAL CONDITIONS\n\n1. Cancellation. Either party may cancel this policy by giving 60 days written notice to the other at its last known address. Where the Insurer cancels, a pro rata return of premium shall be made provided no claim has been notified during the Period of Insurance.\n\n2. Governing law. This policy shall be governed by and construed in accordance with the law of England and Wales, and the parties submit to the exclusive jurisdiction of the courts of England and Wales.\n\n3. Premium payment. The premium is due within 45 days of inception. Failure to pay within that period entitles the Insurer to cancel in accordance with General Condition 1 above.\n\nENDORSEMENT NO. 4 - SEQUENTIAL WATER INTRUSION EXCLUSION\nEffective from 1 February 2025. This endorsement is issued under reference END-2024-0417 and adopts the exclusion wording of Form HO-0304 edition 03-24, reproduced at clause 4.3 below, which supersedes and replaces any earlier edition of Form HO-0304 referenced in the Insured's document file.\n\n4.3 Exclusion Code E-17 - Sequential Water Intrusion Events\nExclusion Code E-17 (Form HO-0304, edition 03-24). This policy does not cover loss or damage arising from a second or subsequent Flood event at the same insured location where that event occurs within 60 consecutive days of an earlier Flood event at the same location, regardless of whether a claim was made for the earlier event. This exclusion applies in addition to, and does not narrow, the deductible and sub-limit provisions of clauses 2 and 3 above.\n\n4.4 Interaction with the Flood Defence Condition\nExclusion Code E-17 does not apply where the Insured can demonstrate that the flood barriers, non-return valves and sump pumps required by clause 4.1 were tested and in good working order in the 60 days immediately preceding the second or subsequent Flood event."
    },
    {
      "chunk_id": "5ccd70c8aadf500e::0000",
      "doc_id": "5ccd70c8aadf500e",
      "filename": "form_ho0304_archive.pdf",
      "page": 1,
      "page_end": 1,
      "section_path": "FORM LIBRARY - ARCHIVED WORDING ON FILE",
      "clause_label": "FORM LIBRARY - ARCHIVED WORDING ON FILE",
      "score": 0.0308,
      "text": "FORM LIBRARY - ARCHIVED WORDING ON FILE\nThis file retains prior editions of Form HO-0304 for audit and reference purposes against policy GML-2024-88213. The edition currently endorsed to the policy is 03-24 (see the waterdamage endorsement in the main endorsement pack for its reference number). Earlier editions below are retained for reference only and do not apply to a loss occurring after the date their text says they were superseded.\n\nFORM HO-0304 - EDITION 01-22\nEXCLUSION CODE E-17 - SEQUENTIAL WATER INTRUSION EVENTS (EDITION 01-22)\n\nExclusion Code E-17 (Form HO-0304, edition 01-22). This policy does not cover loss or damage arising from a second or subsequent Flood event at the same insured location where that event occurs within 30 consecutive days of an earlier Flood event at the same location. Superseded by edition 06-22 with effect from 1 June 2022.\n\nFORM HO-0304 - EDITION 06-22\nEXCLUSION CODE E-17 - SEQUENTIAL WATER INTRUSION EVENTS (EDITION 06-22)\n\nExclusion Code E-17 (Form HO-0304, edition 06-22). This policy does not cover loss or damage arising from a second or subsequent Flood event at the same insured location where that event occurs within 35 consecutive days of an earlier Flood event at the same location. Superseded by edition 09-23 with effect from 1 September 2023.\n\nFORM HO-0304 - EDITION 09-23\nEXCLUSION CODE E-17 - SEQUENTIAL WATER INTRUSION EVENTS (EDITION 09-23)\n\nExclusion Code E-17 (Form HO-0304, edition 09-23). This policy does not cover loss or damage arising from a second or subsequent Flood event at the same insured location where that event occurs within 45 consecutive days of an earlier Flood event at the same location, save that this exclusion does not apply to a Flood event caused solely by a named windstorm. Superseded by edition 01-24 with effect from 1 January 2024."
    }
  ],
  "model": "stub:reading-comprehension-v1",
  "params": {
    "effort": "medium",
    "max_tokens": 16000
  },
  "output": {
    "claim_number": "[CLAIM NUMBER REDACTED]",
    "date_of_loss": "21 May 2026",
    "coverage_decision": "denied",
    "cited_exclusion_id": "4.2",
    "excess_amount": null,
    "summary": "Notes describe circumstances matching an excluded scenario: Notwithstanding any provision to the contrary within this policy or any endorsement thereto, this policy excludes any loss, damage, liability, claim, cost or expense of whatsoever nature directly or indirectly caused by, contributed to by, resulting from, arising out of or in connection with any of the following, regardless of any other cause or event contributing concurrently or in any other sequence thereto:\n(a) any Cyber Act or Cyber Incident, including but not limited to any action taken in controlling, preventing, suppressing or remediating any Cyber Act or Cyber Incident, and including the cost of any forensic investigation commissioned by the Insured or by any regulator, and including any sum paid or payable to a third party by way of settlement, judgment, award or contractual indemnity in respect of such an act or incident, whether or not the Insured admitted liability;",
    "citations": [
      "4fa131d2878b9fbf::0002"
    ]
  },
  "output_notes": []
}
---
{
  "trace_id": "trc_00044",
  "created_at": "2026-08-30T21:31:44.407496+00:00",
  "feature": "claim_summary",
  "prompt_version": "claim-summary-v1",
  "input_redacted": "Claim [CLAIM NUMBER REDACTED]. Ransomware incident on 08 August 2026 encrypted the insured's order management system; insured paid a ransom of GBP 203,238 in cryptocurrency to restore access. Insured asks whether the ransom payment is covered.",
  "redacted_fields": [
    "claim_number:CLM-2026-56761"
  ],
  "retrieval_mode": "hybrid_bm25_rrf",
  "retrieved": [
    {
      "chunk_id": "4fa131d2878b9fbf::0004",
      "doc_id": "4fa131d2878b9fbf",
      "filename": "sample_endorsement_pack.pdf",
      "page": 2,
      "page_end": 3,
      "section_path": "ENDORSEMENT NO. 2 - CYBER AND DATA EXCLUSION > SECTION 2 - EXCLUSION WORDING > 2.",
      "clause_label": "2.",
      "score": 0.0328,
      "text": "(d) the receipt, transmission, distribution or storage of any Malicious Code, whether or not that Malicious Code was introduced deliberately, negligently or inadvertently, and whether or not the Insured had in place anti-malware controls conforming to any recognised standard including ISO 27001 or the National Institute of Standards and Technology Cybersecurity Framework;\n(e) any regulatory investigation, enquiry, examination, inspection, hearing or proceeding brought by any data protection authority, supervisory authority, information commissioner or equivalent body in any jurisdiction, together with the costs of responding to any request for information from such a body, and together with any administrative fine or penalty however described;\n(f) any extortion demand, ransom payment, cryptocurrency transfer or negotiation fee made or incurred in response to a threat to a Computer System or to Data, and including the fees of any incident response firm, ransomware negotiator or public relations consultant engaged in connection with that threat;\n(g) any breach of contract, warranty, guarantee, service level agreement or licence term relating to the performance, security, availability or integrity of any Computer System or Data, whether that contract was entered into by the Insured as supplier or as customer;\n(h) the deliberate act of any employee, contractor or agent of the Insured taken with intent to cause a Cyber Incident, whether or not that person was acting within the scope of their employment or engagement, and whether or not the Insured had performed pre-engagement screening on that person.\n\nSECTION 3 - WRITE-BACK FOR PHYSICAL DAMAGE"
    },
    {
      "chunk_id": "4fa131d2878b9fbf::0003",
      "doc_id": "4fa131d2878b9fbf",
      "filename": "sample_endorsement_pack.pdf",
      "page": 2,
      "page_end": 2,
      "section_path": "ENDORSEMENT NO. 2 - CYBER AND DATA EXCLUSION > SECTION 2 - EXCLUSION WORDING > 2.",
      "clause_label": "2.",
      "score": 0.0318,
      "text": "to any action taken in controlling, preventing, suppressing or remediating any Cyber Act or Cyber Incident, and including the cost of any forensic investigation commissioned by the Insured or by any regulator, and including any sum paid or payable to a third party by way of settlement, judgment, award or contractual indemnity in respect of such an act or incident, whether or not the Insured admitted liability;\n(b) any loss of use, reduction in functionality, repair, replacement, restoration or reproduction of any Data, including any amount pertaining to the value of such Data, and including the cost of re-keying, re-entering or otherwise reconstituting Data from source documents where those documents themselves remain undamaged, and including any loss of profit consequent upon such loss of use;\n(c) the failure, malfunction, degradation, unavailability or interruption of any Computer System, whether owned or operated by the Insured or by any third party service provider, cloud host, managed service provider or telecommunications carrier upon which the Insured relies, and whether or not the Insured had a contractual right of recourse against that party;\n(d) the receipt, transmission, distribution or storage of any Malicious Code, whether or not that Malicious Code was introduced deliberately, negligently or inadvertently, and whether or not the Insured had in place anti-malware controls conforming to any recognised standard including ISO 27001 or the National Institute of Standards and Technology Cybersecurity Framework;"
    },
    {
      "chunk_id": "4fa131d2878b9fbf::0006",
      "doc_id": "4fa131d2878b9fbf",
      "filename": "sample_endorsement_pack.pdf",
      "page": 3,
      "page_end": 4,
      "section_path": "ENDORSEMENT NO. 3 - BUSINESS INTERRUPTION AMENDMENTS > GENERAL CONDITIONS",
      "clause_label": "GENERAL CONDITIONS",
      "score": 0.0317,
      "text": "GENERAL CONDITIONS\n\n1. Cancellation. Either party may cancel this policy by giving 60 days written notice to the other at its last known address. Where the Insurer cancels, a pro rata return of premium shall be made provided no claim has been notified during the Period of Insurance.\n\n2. Governing law. This policy shall be governed by and construed in accordance with the law of England and Wales, and the parties submit to the exclusive jurisdiction of the courts of England and Wales.\n\n3. Premium payment. The premium is due within 45 days of inception. Failure to pay within that period entitles the Insurer to cancel in accordance with General Condition 1 above.\n\nENDORSEMENT NO. 4 - SEQUENTIAL WATER INTRUSION EXCLUSION\nEffective from 1 February 2025. This endorsement is issued under reference END-2024-0417 and adopts the exclusion wording of Form HO-0304 edition 03-24, reproduced at clause 4.3 below, which supersedes and replaces any earlier edition of Form HO-0304 referenced in the Insured's document file.\n\n4.3 Exclusion Code E-17 - Sequential Water Intrusion Events\nExclusion Code E-17 (Form HO-0304, edition 03-24). This policy does not cover loss or damage arising from a second or subsequent Flood event at the same insured location where that event occurs within 60 consecutive days of an earlier Flood event at the same location, regardless of whether a claim was made for the earlier event. This exclusion applies in addition to, and does not narrow, the deductible and sub-limit provisions of clauses 2 and 3 above.\n\n4.4 Interaction with the Flood Defence Condition\nExclusion Code E-17 does not apply where the Insured can demonstrate that the flood barriers, non-return valves and sump pumps required by clause 4.1 were tested and in good working order in the 60 days immediately preceding the second or subsequent Flood event."
    },
    {
      "chunk_id": "4fa131d2878b9fbf::0001",
      "doc_id": "4fa131d2878b9fbf",
      "filename": "sample_endorsement_pack.pdf",
      "page": 1,
      "page_end": 2,
      "section_path": "ENDORSEMENT NO. 1 - FLOOD SUB-LIMIT AMENDMENT > 3. DEDUCTIBLE",
      "clause_label": "3. DEDUCTIBLE",
      "score": 0.0308,
      "text": "3. DEDUCTIBLE\nA deductible of GBP 250,000 each and every loss applies to loss or damage caused by Flood at any location within a Flood Zone. At all other locations the standard property deductible of GBP 50,000 each and every loss continues to apply.\n\nSECTION 4 - CONDITIONS APPLYING TO THIS ENDORSEMENT\n\n4.1 Flood Defence Maintenance\nThe Insured shall maintain all demountable flood barriers, non-return valves and sump pumps at each insured location in good and effective working order, and shall test them at intervals of not more than six months. A written record of each test shall be kept for a period of three years and produced to the Insurer on request.\n\n4.2 Exclusions\nNotwithstanding anything to the contrary in the policy, this endorsement does not cover loss, damage, cost or expense arising directly or indirectly out of:\n\n(a) subsidence, ground heave or landslip, whether or not caused or contributed to by Flood; (b) loss of or damage to growing crops, standing timber, or livestock in the open; (c) any property in the course of construction, erection or installation where the contract value exceeds GBP 1,000,000; (d) loss or damage to stock stored below ground level unless raised at least 150 millimetres above the finished floor level; (e) any fine, penalty or punitive damages levied by a regulator following a Flood event.\n\n4.2.1 Erosion of the sub-limit\nEach payment made under this endorsement, including any payment for professional fees and debris removal, erodes the annual aggregate sub-limit stated in clause 2. Once the annual aggregate sub-limit is exhausted no further payment shall be made under this endorsement for the remainder of the Period of Insurance."
    },
    {
      "chunk_id": "5ccd70c8aadf500e::0001",
      "doc_id": "5ccd70c8aadf500e",
      "filename": "form_ho0304_archive.pdf",
      "page": 1,
      "page_end": 1,
      "section_path": "FORM HO-0304 - EDITION 01-24",
      "clause_label": "FORM HO-0304 - EDITION 01-24",
      "score": 0.0303,
      "text": "This policy does not cover loss or damage arising from a second or subsequent Flood event at the same insured location where that event occurs within 45 consecutive days of an earlier Flood event at the same location, save that this exclusion does not apply to a Flood event caused solely by a named windstorm. Superseded by edition 01-24 with effect from 1 January 2024.\n\nFORM HO-0304 - EDITION 01-24\nEXCLUSION CODE E-17 - SEQUENTIAL WATER INTRUSION EVENTS (EDITION 01-24)\n\nExclusion Code E-17 (Form HO-0304, edition 01-24). This policy does not cover loss or damage arising from a second or subsequent Flood event at the same insured location where that event occurs within 55 consecutive days of an earlier Flood event at the same location, save that this exclusion does not apply to a Flood event caused solely by a named windstorm. Superseded by edition 03-24 with effect from 1 February 2025."
    }
  ],
  "model": "stub:reading-comprehension-v1",
  "params": {
    "effort": "medium",
    "max_tokens": 16000
  },
  "output": {
    "claim_number": "[CLAIM NUMBER REDACTED]",
    "date_of_loss": "08 August 2026",
    "coverage_decision": "covered",
    "cited_exclusion_id": null,
    "excess_amount": null,
    "summary": "Notes match an insured peril: (f) any extortion demand, ransom payment, cryptocurrency transfer or negotiation fee made or incurred in response to a threat to a Computer System or to Data, and including the fees of any incident response firm, ransomware negotiator or public relations consultant engaged in connection with that threat;",
    "citations": [
      "4fa131d2878b9fbf::0004"
    ]
  },
  "output_notes": []
}
---
{
  "trace_id": "trc_00045",
  "created_at": "2026-08-30T21:31:44.421749+00:00",
  "feature": "claim_summary",
  "prompt_version": "claim-summary-v1",
  "input_redacted": "Claim [CLAIM NUMBER REDACTED]. Insured [CLAIMANT NAME REDACTED] reports flood damage to the ground floor of the insured premises on 18 April 2026, following prolonged heavy rainfall. The site is within the mapped flood zone. Estimated repair cost GBP 618,162. No prior flood claim at this location in the last 12 months.",
  "redacted_fields": [
    "name:Mrs. Delacroix",
    "claim_number:CLM-2026-26131"
  ],
  "retrieval_mode": "hybrid_bm25_rrf",
  "retrieved": [
    {
      "chunk_id": "4fa131d2878b9fbf::0001",
      "doc_id": "4fa131d2878b9fbf",
      "filename": "sample_endorsement_pack.pdf",
      "page": 1,
      "page_end": 2,
      "section_path": "ENDORSEMENT NO. 1 - FLOOD SUB-LIMIT AMENDMENT > 3. DEDUCTIBLE",
      "clause_label": "3. DEDUCTIBLE",
      "score": 0.0328,
      "text": "3. DEDUCTIBLE\nA deductible of GBP 250,000 each and every loss applies to loss or damage caused by Flood at any location within a Flood Zone. At all other locations the standard property deductible of GBP 50,000 each and every loss continues to apply.\n\nSECTION 4 - CONDITIONS APPLYING TO THIS ENDORSEMENT\n\n4.1 Flood Defence Maintenance\nThe Insured shall maintain all demountable flood barriers, non-return valves and sump pumps at each insured location in good and effective working order, and shall test them at intervals of not more than six months. A written record of each test shall be kept for a period of three years and produced to the Insurer on request.\n\n4.2 Exclusions\nNotwithstanding anything to the contrary in the policy, this endorsement does not cover loss, damage, cost or expense arising directly or indirectly out of:\n\n(a) subsidence, ground heave or landslip, whether or not caused or contributed to by Flood; (b) loss of or damage to growing crops, standing timber, or livestock in the open; (c) any property in the course of construction, erection or installation where the contract value exceeds GBP 1,000,000; (d) loss or damage to stock stored below ground level unless raised at least 150 millimetres above the finished floor level; (e) any fine, penalty or punitive damages levied by a regulator following a Flood event.\n\n4.2.1 Erosion of the sub-limit\nEach payment made under this endorsement, including any payment for professional fees and debris removal, erodes the annual aggregate sub-limit stated in clause 2. Once the annual aggregate sub-limit is exhausted no further payment shall be made under this endorsement for the remainder of the Period of Insurance."
    },
    {
      "chunk_id": "4fa131d2878b9fbf::0000",
      "doc_id": "4fa131d2878b9fbf",
      "filename": "sample_endorsement_pack.pdf",
      "page": 1,
      "page_end": 1,
      "section_path": "GLOBAL MANUFACTURING LTD",
      "clause_label": "GLOBAL MANUFACTURING LTD",
      "score": 0.0323,
      "text": "GLOBAL MANUFACTURING LTD\n\nCOMMERCIAL PROPERTY AND LIABILITY ENDORSEMENT PACK\nPolicy Number GML-2024-88213. Period of Insurance: 1 April 2024 to 31 March 2025, both dates inclusive at the address of the Insured. This pack records every endorsement attached to the policy and supersedes any endorsement schedule issued previously.\n\nENDORSEMENT NO. 1 - FLOOD SUB-LIMIT AMENDMENT\nEffective from 1 June 2024. In consideration of the additional premium of GBP 42,750 the following amendments are made to the Property Damage section of the policy.\n\n1. DEFINITIONS\n\n1.1 Flood means the escape of water from the normal confines of any natural or artificial watercourse, lake, reservoir, canal or dam, or inundation from the sea, whether driven by storm or otherwise.\n\n1.2 Flood Zone means any location identified as Zone 2 or Zone 3 on the Environment Agency Flood Map for Planning current at the inception of this endorsement.\n\n2. AMENDMENT TO LIMIT\nThe sub-limit applicable to loss or damage caused by Flood is amended from GBP 2,500,000 to GBP 5,000,000 in the annual aggregate. The revised sub-limit applies to all insured locations combined and is part of, and not in addition to, the policy limit of GBP 40,000,000 any one occurrence.\n\n3. DEDUCTIBLE\nA deductible of GBP 250,000 each and every loss applies to loss or damage caused by Flood at any location within a Flood Zone. At all other locations the standard property deductible of GBP 50,000 each and every loss continues to apply.\n\nSECTION 4 - CONDITIONS APPLYING TO THIS ENDORSEMENT"
    },
    {
      "chunk_id": "5ccd70c8aadf500e::0001",
      "doc_id": "5ccd70c8aadf500e",
      "filename": "form_ho0304_archive.pdf",
      "page": 1,
      "page_end": 1,
      "section_path": "FORM HO-0304 - EDITION 01-24",
      "clause_label": "FORM HO-0304 - EDITION 01-24",
      "score": 0.031,
      "text": "This policy does not cover loss or damage arising from a second or subsequent Flood event at the same insured location where that event occurs within 45 consecutive days of an earlier Flood event at the same location, save that this exclusion does not apply to a Flood event caused solely by a named windstorm. Superseded by edition 01-24 with effect from 1 January 2024.\n\nFORM HO-0304 - EDITION 01-24\nEXCLUSION CODE E-17 - SEQUENTIAL WATER INTRUSION EVENTS (EDITION 01-24)\n\nExclusion Code E-17 (Form HO-0304, edition 01-24). This policy does not cover loss or damage arising from a second or subsequent Flood event at the same insured location where that event occurs within 55 consecutive days of an earlier Flood event at the same location, save that this exclusion does not apply to a Flood event caused solely by a named windstorm. Superseded by edition 03-24 with effect from 1 February 2025."
    },
    {
      "chunk_id": "5ccd70c8aadf500e::0000",
      "doc_id": "5ccd70c8aadf500e",
      "filename": "form_ho0304_archive.pdf",
      "page": 1,
      "page_end": 1,
      "section_path": "FORM LIBRARY - ARCHIVED WORDING ON FILE",
      "clause_label": "FORM LIBRARY - ARCHIVED WORDING ON FILE",
      "score": 0.031,
      "text": "FORM LIBRARY - ARCHIVED WORDING ON FILE\nThis file retains prior editions of Form HO-0304 for audit and reference purposes against policy GML-2024-88213. The edition currently endorsed to the policy is 03-24 (see the waterdamage endorsement in the main endorsement pack for its reference number). Earlier editions below are retained for reference only and do not apply to a loss occurring after the date their text says they were superseded.\n\nFORM HO-0304 - EDITION 01-22\nEXCLUSION CODE E-17 - SEQUENTIAL WATER INTRUSION EVENTS (EDITION 01-22)\n\nExclusion Code E-17 (Form HO-0304, edition 01-22). This policy does not cover loss or damage arising from a second or subsequent Flood event at the same insured location where that event occurs within 30 consecutive days of an earlier Flood event at the same location. Superseded by edition 06-22 with effect from 1 June 2022.\n\nFORM HO-0304 - EDITION 06-22\nEXCLUSION CODE E-17 - SEQUENTIAL WATER INTRUSION EVENTS (EDITION 06-22)\n\nExclusion Code E-17 (Form HO-0304, edition 06-22). This policy does not cover loss or damage arising from a second or subsequent Flood event at the same insured location where that event occurs within 35 consecutive days of an earlier Flood event at the same location. Superseded by edition 09-23 with effect from 1 September 2023.\n\nFORM HO-0304 - EDITION 09-23\nEXCLUSION CODE E-17 - SEQUENTIAL WATER INTRUSION EVENTS (EDITION 09-23)\n\nExclusion Code E-17 (Form HO-0304, edition 09-23). This policy does not cover loss or damage arising from a second or subsequent Flood event at the same insured location where that event occurs within 45 consecutive days of an earlier Flood event at the same location, save that this exclusion does not apply to a Flood event caused solely by a named windstorm. Superseded by edition 01-24 with effect from 1 January 2024."
    },
    {
      "chunk_id": "4fa131d2878b9fbf::0006",
      "doc_id": "4fa131d2878b9fbf",
      "filename": "sample_endorsement_pack.pdf",
      "page": 3,
      "page_end": 4,
      "section_path": "ENDORSEMENT NO. 3 - BUSINESS INTERRUPTION AMENDMENTS > GENERAL CONDITIONS",
      "clause_label": "GENERAL CONDITIONS",
      "score": 0.031,
      "text": "GENERAL CONDITIONS\n\n1. Cancellation. Either party may cancel this policy by giving 60 days written notice to the other at its last known address. Where the Insurer cancels, a pro rata return of premium shall be made provided no claim has been notified during the Period of Insurance.\n\n2. Governing law. This policy shall be governed by and construed in accordance with the law of England and Wales, and the parties submit to the exclusive jurisdiction of the courts of England and Wales.\n\n3. Premium payment. The premium is due within 45 days of inception. Failure to pay within that period entitles the Insurer to cancel in accordance with General Condition 1 above.\n\nENDORSEMENT NO. 4 - SEQUENTIAL WATER INTRUSION EXCLUSION\nEffective from 1 February 2025. This endorsement is issued under reference END-2024-0417 and adopts the exclusion wording of Form HO-0304 edition 03-24, reproduced at clause 4.3 below, which supersedes and replaces any earlier edition of Form HO-0304 referenced in the Insured's document file.\n\n4.3 Exclusion Code E-17 - Sequential Water Intrusion Events\nExclusion Code E-17 (Form HO-0304, edition 03-24). This policy does not cover loss or damage arising from a second or subsequent Flood event at the same insured location where that event occurs within 60 consecutive days of an earlier Flood event at the same location, regardless of whether a claim was made for the earlier event. This exclusion applies in addition to, and does not narrow, the deductible and sub-limit provisions of clauses 2 and 3 above.\n\n4.4 Interaction with the Flood Defence Condition\nExclusion Code E-17 does not apply where the Insured can demonstrate that the flood barriers, non-return valves and sump pumps required by clause 4.1 were tested and in good working order in the 60 days immediately preceding the second or subsequent Flood event."
    }
  ],
  "model": "stub:reading-comprehension-v1",
  "params": {
    "effort": "medium",
    "max_tokens": 16000
  },
  "output": {
    "claim_number": "[CLAIM NUMBER REDACTED]",
    "date_of_loss": "18 April 2026",
    "coverage_decision": "covered",
    "cited_exclusion_id": null,
    "excess_amount": 250000.0,
    "summary": "Notes match an insured peril: DEDUCTIBLE\nA deductible of GBP 250,000 each and every loss applies to loss or damage caused by Flood at any location within a Flood Zone.",
    "citations": [
      "4fa131d2878b9fbf::0001"
    ]
  },
  "output_notes": []
}
---
{
  "trace_id": "trc_00046",
  "created_at": "2026-08-30T21:31:44.437282+00:00",
  "feature": "claim_summary",
  "prompt_version": "claim-summary-v1",
  "input_redacted": "Claim [CLAIM NUMBER REDACTED]. Second flood event at the same insured location on 09 August 2026, 45 days after an earlier flood event on 25 June 2026 at the same location. Estimated damage GBP 53,651. Insured's flood-defence test log shows the sump pumps and non-return valves were tested and working 20 days before this second event. Form on file is HO-0304 edition 03-24.",
  "redacted_fields": [
    "claim_number:CLM-2026-86936"
  ],
  "retrieval_mode": "hybrid_bm25_rrf",
  "retrieved": [
    {
      "chunk_id": "5ccd70c8aadf500e::0001",
      "doc_id": "5ccd70c8aadf500e",
      "filename": "form_ho0304_archive.pdf",
      "page": 1,
      "page_end": 1,
      "section_path": "FORM HO-0304 - EDITION 01-24",
      "clause_label": "FORM HO-0304 - EDITION 01-24",
      "score": 0.032,
      "text": "This policy does not cover loss or damage arising from a second or subsequent Flood event at the same insured location where that event occurs within 45 consecutive days of an earlier Flood event at the same location, save that this exclusion does not apply to a Flood event caused solely by a named windstorm. Superseded by edition 01-24 with effect from 1 January 2024.\n\nFORM HO-0304 - EDITION 01-24\nEXCLUSION CODE E-17 - SEQUENTIAL WATER INTRUSION EVENTS (EDITION 01-24)\n\nExclusion Code E-17 (Form HO-0304, edition 01-24). This policy does not cover loss or damage arising from a second or subsequent Flood event at the same insured location where that event occurs within 55 consecutive days of an earlier Flood event at the same location, save that this exclusion does not apply to a Flood event caused solely by a named windstorm. Superseded by edition 03-24 with effect from 1 February 2025."
    },
    {
      "chunk_id": "4fa131d2878b9fbf::0001",
      "doc_id": "4fa131d2878b9fbf",
      "filename": "sample_endorsement_pack.pdf",
      "page": 1,
      "page_end": 2,
      "section_path": "ENDORSEMENT NO. 1 - FLOOD SUB-LIMIT AMENDMENT > 3. DEDUCTIBLE",
      "clause_label": "3. DEDUCTIBLE",
      "score": 0.032,
      "text": "3. DEDUCTIBLE\nA deductible of GBP 250,000 each and every loss applies to loss or damage caused by Flood at any location within a Flood Zone. At all other locations the standard property deductible of GBP 50,000 each and every loss continues to apply.\n\nSECTION 4 - CONDITIONS APPLYING TO THIS ENDORSEMENT\n\n4.1 Flood Defence Maintenance\nThe Insured shall maintain all demountable flood barriers, non-return valves and sump pumps at each insured location in good and effective working order, and shall test them at intervals of not more than six months. A written record of each test shall be kept for a period of three years and produced to the Insurer on request.\n\n4.2 Exclusions\nNotwithstanding anything to the contrary in the policy, this endorsement does not cover loss, damage, cost or expense arising directly or indirectly out of:\n\n(a) subsidence, ground heave or landslip, whether or not caused or contributed to by Flood; (b) loss of or damage to growing crops, standing timber, or livestock in the open; (c) any property in the course of construction, erection or installation where the contract value exceeds GBP 1,000,000; (d) loss or damage to stock stored below ground level unless raised at least 150 millimetres above the finished floor level; (e) any fine, penalty or punitive damages levied by a regulator following a Flood event.\n\n4.2.1 Erosion of the sub-limit\nEach payment made under this endorsement, including any payment for professional fees and debris removal, erodes the annual aggregate sub-limit stated in clause 2. Once the annual aggregate sub-limit is exhausted no further payment shall be made under this endorsement for the remainder of the Period of Insurance."
    },
    {
      "chunk_id": "4fa131d2878b9fbf::0006",
      "doc_id": "4fa131d2878b9fbf",
      "filename": "sample_endorsement_pack.pdf",
      "page": 3,
      "page_end": 4,
      "section_path": "ENDORSEMENT NO. 3 - BUSINESS INTERRUPTION AMENDMENTS > GENERAL CONDITIONS",
      "clause_label": "GENERAL CONDITIONS",
      "score": 0.0318,
      "text": "GENERAL CONDITIONS\n\n1. Cancellation. Either party may cancel this policy by giving 60 days written notice to the other at its last known address. Where the Insurer cancels, a pro rata return of premium shall be made provided no claim has been notified during the Period of Insurance.\n\n2. Governing law. This policy shall be governed by and construed in accordance with the law of England and Wales, and the parties submit to the exclusive jurisdiction of the courts of England and Wales.\n\n3. Premium payment. The premium is due within 45 days of inception. Failure to pay within that period entitles the Insurer to cancel in accordance with General Condition 1 above.\n\nENDORSEMENT NO. 4 - SEQUENTIAL WATER INTRUSION EXCLUSION\nEffective from 1 February 2025. This endorsement is issued under reference END-2024-0417 and adopts the exclusion wording of Form HO-0304 edition 03-24, reproduced at clause 4.3 below, which supersedes and replaces any earlier edition of Form HO-0304 referenced in the Insured's document file.\n\n4.3 Exclusion Code E-17 - Sequential Water Intrusion Events\nExclusion Code E-17 (Form HO-0304, edition 03-24). This policy does not cover loss or damage arising from a second or subsequent Flood event at the same insured location where that event occurs within 60 consecutive days of an earlier Flood event at the same location, regardless of whether a claim was made for the earlier event. This exclusion applies in addition to, and does not narrow, the deductible and sub-limit provisions of clauses 2 and 3 above.\n\n4.4 Interaction with the Flood Defence Condition\nExclusion Code E-17 does not apply where the Insured can demonstrate that the flood barriers, non-return valves and sump pumps required by clause 4.1 were tested and in good working order in the 60 days immediately preceding the second or subsequent Flood event."
    },
    {
      "chunk_id": "5ccd70c8aadf500e::0000",
      "doc_id": "5ccd70c8aadf500e",
      "filename": "form_ho0304_archive.pdf",
      "page": 1,
      "page_end": 1,
      "section_path": "FORM LIBRARY - ARCHIVED WORDING ON FILE",
      "clause_label": "FORM LIBRARY - ARCHIVED WORDING ON FILE",
      "score": 0.0318,
      "text": "FORM LIBRARY - ARCHIVED WORDING ON FILE\nThis file retains prior editions of Form HO-0304 for audit and reference purposes against policy GML-2024-88213. The edition currently endorsed to the policy is 03-24 (see the waterdamage endorsement in the main endorsement pack for its reference number). Earlier editions below are retained for reference only and do not apply to a loss occurring after the date their text says they were superseded.\n\nFORM HO-0304 - EDITION 01-22\nEXCLUSION CODE E-17 - SEQUENTIAL WATER INTRUSION EVENTS (EDITION 01-22)\n\nExclusion Code E-17 (Form HO-0304, edition 01-22). This policy does not cover loss or damage arising from a second or subsequent Flood event at the same insured location where that event occurs within 30 consecutive days of an earlier Flood event at the same location. Superseded by edition 06-22 with effect from 1 June 2022.\n\nFORM HO-0304 - EDITION 06-22\nEXCLUSION CODE E-17 - SEQUENTIAL WATER INTRUSION EVENTS (EDITION 06-22)\n\nExclusion Code E-17 (Form HO-0304, edition 06-22). This policy does not cover loss or damage arising from a second or subsequent Flood event at the same insured location where that event occurs within 35 consecutive days of an earlier Flood event at the same location. Superseded by edition 09-23 with effect from 1 September 2023.\n\nFORM HO-0304 - EDITION 09-23\nEXCLUSION CODE E-17 - SEQUENTIAL WATER INTRUSION EVENTS (EDITION 09-23)\n\nExclusion Code E-17 (Form HO-0304, edition 09-23). This policy does not cover loss or damage arising from a second or subsequent Flood event at the same insured location where that event occurs within 45 consecutive days of an earlier Flood event at the same location, save that this exclusion does not apply to a Flood event caused solely by a named windstorm. Superseded by edition 01-24 with effect from 1 January 2024."
    },
    {
      "chunk_id": "4fa131d2878b9fbf::0000",
      "doc_id": "4fa131d2878b9fbf",
      "filename": "sample_endorsement_pack.pdf",
      "page": 1,
      "page_end": 1,
      "section_path": "GLOBAL MANUFACTURING LTD",
      "clause_label": "GLOBAL MANUFACTURING LTD",
      "score": 0.0313,
      "text": "GLOBAL MANUFACTURING LTD\n\nCOMMERCIAL PROPERTY AND LIABILITY ENDORSEMENT PACK\nPolicy Number GML-2024-88213. Period of Insurance: 1 April 2024 to 31 March 2025, both dates inclusive at the address of the Insured. This pack records every endorsement attached to the policy and supersedes any endorsement schedule issued previously.\n\nENDORSEMENT NO. 1 - FLOOD SUB-LIMIT AMENDMENT\nEffective from 1 June 2024. In consideration of the additional premium of GBP 42,750 the following amendments are made to the Property Damage section of the policy.\n\n1. DEFINITIONS\n\n1.1 Flood means the escape of water from the normal confines of any natural or artificial watercourse, lake, reservoir, canal or dam, or inundation from the sea, whether driven by storm or otherwise.\n\n1.2 Flood Zone means any location identified as Zone 2 or Zone 3 on the Environment Agency Flood Map for Planning current at the inception of this endorsement.\n\n2. AMENDMENT TO LIMIT\nThe sub-limit applicable to loss or damage caused by Flood is amended from GBP 2,500,000 to GBP 5,000,000 in the annual aggregate. The revised sub-limit applies to all insured locations combined and is part of, and not in addition to, the policy limit of GBP 40,000,000 any one occurrence.\n\n3. DEDUCTIBLE\nA deductible of GBP 250,000 each and every loss applies to loss or damage caused by Flood at any location within a Flood Zone. At all other locations the standard property deductible of GBP 50,000 each and every loss continues to apply.\n\nSECTION 4 - CONDITIONS APPLYING TO THIS ENDORSEMENT"
    }
  ],
  "model": "stub:reading-comprehension-v1",
  "params": {
    "effort": "medium",
    "max_tokens": 16000
  },
  "output": {
    "claim_number": "[CLAIM NUMBER REDACTED]",
    "date_of_loss": "09 August 2026",
    "coverage_decision": "denied",
    "cited_exclusion_id": "4.3",
    "excess_amount": null,
    "summary": "Notes describe circumstances matching an excluded scenario: 4.4 Interaction with the Flood Defence Condition\nExclusion Code E-17 does not apply where the Insured can demonstrate that the flood barriers, non-return valves and sump pumps required by clause 4.1 were tested and in good working order in the 60 days immediately preceding the second or subsequent Flood event.",
    "citations": [
      "4fa131d2878b9fbf::0006"
    ]
  },
  "output_notes": []
}
---
{
  "trace_id": "trc_00047",
  "created_at": "2026-08-30T21:31:44.449178+00:00",
  "feature": "claim_summary",
  "prompt_version": "claim-summary-v1",
  "input_redacted": "Claim [CLAIM NUMBER REDACTED]. Flood on 04 March 2026 damaged a new production line under construction at the insured's site; contract value for the works is GBP 2,573,384. Insured asks whether this falls within the flood sub-limit.",
  "redacted_fields": [
    "claim_number:CLM-2026-95569"
  ],
  "retrieval_mode": "hybrid_bm25_rrf",
  "retrieved": [
    {
      "chunk_id": "4fa131d2878b9fbf::0000",
      "doc_id": "4fa131d2878b9fbf",
      "filename": "sample_endorsement_pack.pdf",
      "page": 1,
      "page_end": 1,
      "section_path": "GLOBAL MANUFACTURING LTD",
      "clause_label": "GLOBAL MANUFACTURING LTD",
      "score": 0.0325,
      "text": "GLOBAL MANUFACTURING LTD\n\nCOMMERCIAL PROPERTY AND LIABILITY ENDORSEMENT PACK\nPolicy Number GML-2024-88213. Period of Insurance: 1 April 2024 to 31 March 2025, both dates inclusive at the address of the Insured. This pack records every endorsement attached to the policy and supersedes any endorsement schedule issued previously.\n\nENDORSEMENT NO. 1 - FLOOD SUB-LIMIT AMENDMENT\nEffective from 1 June 2024. In consideration of the additional premium of GBP 42,750 the following amendments are made to the Property Damage section of the policy.\n\n1. DEFINITIONS\n\n1.1 Flood means the escape of water from the normal confines of any natural or artificial watercourse, lake, reservoir, canal or dam, or inundation from the sea, whether driven by storm or otherwise.\n\n1.2 Flood Zone means any location identified as Zone 2 or Zone 3 on the Environment Agency Flood Map for Planning current at the inception of this endorsement.\n\n2. AMENDMENT TO LIMIT\nThe sub-limit applicable to loss or damage caused by Flood is amended from GBP 2,500,000 to GBP 5,000,000 in the annual aggregate. The revised sub-limit applies to all insured locations combined and is part of, and not in addition to, the policy limit of GBP 40,000,000 any one occurrence.\n\n3. DEDUCTIBLE\nA deductible of GBP 250,000 each and every loss applies to loss or damage caused by Flood at any location within a Flood Zone. At all other locations the standard property deductible of GBP 50,000 each and every loss continues to apply.\n\nSECTION 4 - CONDITIONS APPLYING TO THIS ENDORSEMENT"
    },
    {
      "chunk_id": "4fa131d2878b9fbf::0001",
      "doc_id": "4fa131d2878b9fbf",
      "filename": "sample_endorsement_pack.pdf",
      "page": 1,
      "page_end": 2,
      "section_path": "ENDORSEMENT NO. 1 - FLOOD SUB-LIMIT AMENDMENT > 3. DEDUCTIBLE",
      "clause_label": "3. DEDUCTIBLE",
      "score": 0.0325,
      "text": "3. DEDUCTIBLE\nA deductible of GBP 250,000 each and every loss applies to loss or damage caused by Flood at any location within a Flood Zone. At all other locations the standard property deductible of GBP 50,000 each and every loss continues to apply.\n\nSECTION 4 - CONDITIONS APPLYING TO THIS ENDORSEMENT\n\n4.1 Flood Defence Maintenance\nThe Insured shall maintain all demountable flood barriers, non-return valves and sump pumps at each insured location in good and effective working order, and shall test them at intervals of not more than six months. A written record of each test shall be kept for a period of three years and produced to the Insurer on request.\n\n4.2 Exclusions\nNotwithstanding anything to the contrary in the policy, this endorsement does not cover loss, damage, cost or expense arising directly or indirectly out of:\n\n(a) subsidence, ground heave or landslip, whether or not caused or contributed to by Flood; (b) loss of or damage to growing crops, standing timber, or livestock in the open; (c) any property in the course of construction, erection or installation where the contract value exceeds GBP 1,000,000; (d) loss or damage to stock stored below ground level unless raised at least 150 millimetres above the finished floor level; (e) any fine, penalty or punitive damages levied by a regulator following a Flood event.\n\n4.2.1 Erosion of the sub-limit\nEach payment made under this endorsement, including any payment for professional fees and debris removal, erodes the annual aggregate sub-limit stated in clause 2. Once the annual aggregate sub-limit is exhausted no further payment shall be made under this endorsement for the remainder of the Period of Insurance."
    },
    {
      "chunk_id": "4fa131d2878b9fbf::0006",
      "doc_id": "4fa131d2878b9fbf",
      "filename": "sample_endorsement_pack.pdf",
      "page": 3,
      "page_end": 4,
      "section_path": "ENDORSEMENT NO. 3 - BUSINESS INTERRUPTION AMENDMENTS > GENERAL CONDITIONS",
      "clause_label": "GENERAL CONDITIONS",
      "score": 0.0313,
      "text": "GENERAL CONDITIONS\n\n1. Cancellation. Either party may cancel this policy by giving 60 days written notice to the other at its last known address. Where the Insurer cancels, a pro rata return of premium shall be made provided no claim has been notified during the Period of Insurance.\n\n2. Governing law. This policy shall be governed by and construed in accordance with the law of England and Wales, and the parties submit to the exclusive jurisdiction of the courts of England and Wales.\n\n3. Premium payment. The premium is due within 45 days of inception. Failure to pay within that period entitles the Insurer to cancel in accordance with General Condition 1 above.\n\nENDORSEMENT NO. 4 - SEQUENTIAL WATER INTRUSION EXCLUSION\nEffective from 1 February 2025. This endorsement is issued under reference END-2024-0417 and adopts the exclusion wording of Form HO-0304 edition 03-24, reproduced at clause 4.3 below, which supersedes and replaces any earlier edition of Form HO-0304 referenced in the Insured's document file.\n\n4.3 Exclusion Code E-17 - Sequential Water Intrusion Events\nExclusion Code E-17 (Form HO-0304, edition 03-24). This policy does not cover loss or damage arising from a second or subsequent Flood event at the same insured location where that event occurs within 60 consecutive days of an earlier Flood event at the same location, regardless of whether a claim was made for the earlier event. This exclusion applies in addition to, and does not narrow, the deductible and sub-limit provisions of clauses 2 and 3 above.\n\n4.4 Interaction with the Flood Defence Condition\nExclusion Code E-17 does not apply where the Insured can demonstrate that the flood barriers, non-return valves and sump pumps required by clause 4.1 were tested and in good working order in the 60 days immediately preceding the second or subsequent Flood event."
    },
    {
      "chunk_id": "5ccd70c8aadf500e::0001",
      "doc_id": "5ccd70c8aadf500e",
      "filename": "form_ho0304_archive.pdf",
      "page": 1,
      "page_end": 1,
      "section_path": "FORM HO-0304 - EDITION 01-24",
      "clause_label": "FORM HO-0304 - EDITION 01-24",
      "score": 0.031,
      "text": "This policy does not cover loss or damage arising from a second or subsequent Flood event at the same insured location where that event occurs within 45 consecutive days of an earlier Flood event at the same location, save that this exclusion does not apply to a Flood event caused solely by a named windstorm. Superseded by edition 01-24 with effect from 1 January 2024.\n\nFORM HO-0304 - EDITION 01-24\nEXCLUSION CODE E-17 - SEQUENTIAL WATER INTRUSION EVENTS (EDITION 01-24)\n\nExclusion Code E-17 (Form HO-0304, edition 01-24). This policy does not cover loss or damage arising from a second or subsequent Flood event at the same insured location where that event occurs within 55 consecutive days of an earlier Flood event at the same location, save that this exclusion does not apply to a Flood event caused solely by a named windstorm. Superseded by edition 03-24 with effect from 1 February 2025."
    },
    {
      "chunk_id": "5ccd70c8aadf500e::0000",
      "doc_id": "5ccd70c8aadf500e",
      "filename": "form_ho0304_archive.pdf",
      "page": 1,
      "page_end": 1,
      "section_path": "FORM LIBRARY - ARCHIVED WORDING ON FILE",
      "clause_label": "FORM LIBRARY - ARCHIVED WORDING ON FILE",
      "score": 0.0303,
      "text": "FORM LIBRARY - ARCHIVED WORDING ON FILE\nThis file retains prior editions of Form HO-0304 for audit and reference purposes against policy GML-2024-88213. The edition currently endorsed to the policy is 03-24 (see the waterdamage endorsement in the main endorsement pack for its reference number). Earlier editions below are retained for reference only and do not apply to a loss occurring after the date their text says they were superseded.\n\nFORM HO-0304 - EDITION 01-22\nEXCLUSION CODE E-17 - SEQUENTIAL WATER INTRUSION EVENTS (EDITION 01-22)\n\nExclusion Code E-17 (Form HO-0304, edition 01-22). This policy does not cover loss or damage arising from a second or subsequent Flood event at the same insured location where that event occurs within 30 consecutive days of an earlier Flood event at the same location. Superseded by edition 06-22 with effect from 1 June 2022.\n\nFORM HO-0304 - EDITION 06-22\nEXCLUSION CODE E-17 - SEQUENTIAL WATER INTRUSION EVENTS (EDITION 06-22)\n\nExclusion Code E-17 (Form HO-0304, edition 06-22). This policy does not cover loss or damage arising from a second or subsequent Flood event at the same insured location where that event occurs within 35 consecutive days of an earlier Flood event at the same location. Superseded by edition 09-23 with effect from 1 September 2023.\n\nFORM HO-0304 - EDITION 09-23\nEXCLUSION CODE E-17 - SEQUENTIAL WATER INTRUSION EVENTS (EDITION 09-23)\n\nExclusion Code E-17 (Form HO-0304, edition 09-23). This policy does not cover loss or damage arising from a second or subsequent Flood event at the same insured location where that event occurs within 45 consecutive days of an earlier Flood event at the same location, save that this exclusion does not apply to a Flood event caused solely by a named windstorm. Superseded by edition 01-24 with effect from 1 January 2024."
    }
  ],
  "model": "stub:reading-comprehension-v1",
  "params": {
    "effort": "medium",
    "max_tokens": 16000
  },
  "output": {
    "claim_number": "[CLAIM NUMBER REDACTED]",
    "date_of_loss": "04 March 2026",
    "coverage_decision": "denied",
    "cited_exclusion_id": "4.1",
    "excess_amount": 250000.0,
    "summary": "Notes describe circumstances matching an excluded scenario: (c) any property in the course of construction, erection or installation where the contract value exceeds GBP 1,000,000;",
    "citations": [
      "4fa131d2878b9fbf::0001"
    ]
  },
  "output_notes": []
}
---
{
  "trace_id": "trc_00048",
  "created_at": "2026-08-30T21:31:44.460997+00:00",
  "feature": "claim_summary",
  "prompt_version": "claim-summary-v1",
  "input_redacted": "Claim [CLAIM NUMBER REDACTED]. Business interruption event on 23 May 2026; the insured's risk manager only notified the Insurer 52 days later. Claimed amount GBP 72,625. Insured asks whether the late notice affects the claim.",
  "redacted_fields": [
    "claim_number:CLM-2026-24599"
  ],
  "retrieval_mode": "hybrid_bm25_rrf",
  "retrieved": [
    {
      "chunk_id": "4fa131d2878b9fbf::0006",
      "doc_id": "4fa131d2878b9fbf",
      "filename": "sample_endorsement_pack.pdf",
      "page": 3,
      "page_end": 4,
      "section_path": "ENDORSEMENT NO. 3 - BUSINESS INTERRUPTION AMENDMENTS > GENERAL CONDITIONS",
      "clause_label": "GENERAL CONDITIONS",
      "score": 0.0325,
      "text": "GENERAL CONDITIONS\n\n1. Cancellation. Either party may cancel this policy by giving 60 days written notice to the other at its last known address. Where the Insurer cancels, a pro rata return of premium shall be made provided no claim has been notified during the Period of Insurance.\n\n2. Governing law. This policy shall be governed by and construed in accordance with the law of England and Wales, and the parties submit to the exclusive jurisdiction of the courts of England and Wales.\n\n3. Premium payment. The premium is due within 45 days of inception. Failure to pay within that period entitles the Insurer to cancel in accordance with General Condition 1 above.\n\nENDORSEMENT NO. 4 - SEQUENTIAL WATER INTRUSION EXCLUSION\nEffective from 1 February 2025. This endorsement is issued under reference END-2024-0417 and adopts the exclusion wording of Form HO-0304 edition 03-24, reproduced at clause 4.3 below, which supersedes and replaces any earlier edition of Form HO-0304 referenced in the Insured's document file.\n\n4.3 Exclusion Code E-17 - Sequential Water Intrusion Events\nExclusion Code E-17 (Form HO-0304, edition 03-24). This policy does not cover loss or damage arising from a second or subsequent Flood event at the same insured location where that event occurs within 60 consecutive days of an earlier Flood event at the same location, regardless of whether a claim was made for the earlier event. This exclusion applies in addition to, and does not narrow, the deductible and sub-limit provisions of clauses 2 and 3 above.\n\n4.4 Interaction with the Flood Defence Condition\nExclusion Code E-17 does not apply where the Insured can demonstrate that the flood barriers, non-return valves and sump pumps required by clause 4.1 were tested and in good working order in the 60 days immediately preceding the second or subsequent Flood event."
    },
    {
      "chunk_id": "4fa131d2878b9fbf::0005",
      "doc_id": "4fa131d2878b9fbf",
      "filename": "sample_endorsement_pack.pdf",
      "page": 3,
      "page_end": 3,
      "section_path": "ENDORSEMENT NO. 2 - CYBER AND DATA EXCLUSION > SECTION 2 - EXCLUSION WORDING > 2.",
      "clause_label": "2.",
      "score": 0.0325,
      "text": "(h) the deliberate act of any employee, contractor or agent of the Insured taken with intent to cause a Cyber Incident, whether or not that person was acting within the scope of their employment or engagement, and whether or not the Insured had performed pre-engagement screening on that person.\n\nSECTION 3 - WRITE-BACK FOR PHYSICAL DAMAGE\n\n3. Subject to all other terms of the policy, this exclusion shall not apply to physical loss of or physical damage to insured property arising from fire or explosion which itself results from a Cyber Incident, provided that the fire or explosion is not the result of a Cyber Act committed with intent to cause physical damage.\n\nENDORSEMENT NO. 3 - BUSINESS INTERRUPTION AMENDMENTS\nEffective from 1 October 2024. The Business Interruption section is amended as set out below. All other terms, conditions and exclusions remain unaltered.\n\n1. WAITING PERIOD\nA waiting period of 72 consecutive hours applies to each and every claim under the Business Interruption section. No indemnity is payable in respect of any interruption that is remedied within the waiting period.\n\n2. INDEMNITY PERIOD\nThe maximum indemnity period is extended from 12 months to 18 months from the date on which the interruption begins.\n\n3. NOTIFICATION OF CLAIM\n3. The Insured shall give written notice to the Insurer of any event likely to give rise to a claim under this section within 30 days of that event becoming known to a director or to the risk manager of the Insured. Notice given to the broker alone does not constitute notice to the Insurer.\n\nGENERAL CONDITIONS\n\n1. Cancellation. Either party may cancel this policy by giving 60 days written notice to the other at its last known address. Where the Insurer cancels, a pro rata return of premium shall be made provided no claim has been notified during the Period of Insurance."
    },
    {
      "chunk_id": "5ccd70c8aadf500e::0001",
      "doc_id": "5ccd70c8aadf500e",
      "filename": "form_ho0304_archive.pdf",
      "page": 1,
      "page_end": 1,
      "section_path": "FORM HO-0304 - EDITION 01-24",
      "clause_label": "FORM HO-0304 - EDITION 01-24",
      "score": 0.031,
      "text": "This policy does not cover loss or damage arising from a second or subsequent Flood event at the same insured location where that event occurs within 45 consecutive days of an earlier Flood event at the same location, save that this exclusion does not apply to a Flood event caused solely by a named windstorm. Superseded by edition 01-24 with effect from 1 January 2024.\n\nFORM HO-0304 - EDITION 01-24\nEXCLUSION CODE E-17 - SEQUENTIAL WATER INTRUSION EVENTS (EDITION 01-24)\n\nExclusion Code E-17 (Form HO-0304, edition 01-24). This policy does not cover loss or damage arising from a second or subsequent Flood event at the same insured location where that event occurs within 55 consecutive days of an earlier Flood event at the same location, save that this exclusion does not apply to a Flood event caused solely by a named windstorm. Superseded by edition 03-24 with effect from 1 February 2025."
    },
    {
      "chunk_id": "4fa131d2878b9fbf::0000",
      "doc_id": "4fa131d2878b9fbf",
      "filename": "sample_endorsement_pack.pdf",
      "page": 1,
      "page_end": 1,
      "section_path": "GLOBAL MANUFACTURING LTD",
      "clause_label": "GLOBAL MANUFACTURING LTD",
      "score": 0.031,
      "text": "GLOBAL MANUFACTURING LTD\n\nCOMMERCIAL PROPERTY AND LIABILITY ENDORSEMENT PACK\nPolicy Number GML-2024-88213. Period of Insurance: 1 April 2024 to 31 March 2025, both dates inclusive at the address of the Insured. This pack records every endorsement attached to the policy and supersedes any endorsement schedule issued previously.\n\nENDORSEMENT NO. 1 - FLOOD SUB-LIMIT AMENDMENT\nEffective from 1 June 2024. In consideration of the additional premium of GBP 42,750 the following amendments are made to the Property Damage section of the policy.\n\n1. DEFINITIONS\n\n1.1 Flood means the escape of water from the normal confines of any natural or artificial watercourse, lake, reservoir, canal or dam, or inundation from the sea, whether driven by storm or otherwise.\n\n1.2 Flood Zone means any location identified as Zone 2 or Zone 3 on the Environment Agency Flood Map for Planning current at the inception of this endorsement.\n\n2. AMENDMENT TO LIMIT\nThe sub-limit applicable to loss or damage caused by Flood is amended from GBP 2,500,000 to GBP 5,000,000 in the annual aggregate. The revised sub-limit applies to all insured locations combined and is part of, and not in addition to, the policy limit of GBP 40,000,000 any one occurrence.\n\n3. DEDUCTIBLE\nA deductible of GBP 250,000 each and every loss applies to loss or damage caused by Flood at any location within a Flood Zone. At all other locations the standard property deductible of GBP 50,000 each and every loss continues to apply.\n\nSECTION 4 - CONDITIONS APPLYING TO THIS ENDORSEMENT"
    },
    {
      "chunk_id": "4fa131d2878b9fbf::0003",
      "doc_id": "4fa131d2878b9fbf",
      "filename": "sample_endorsement_pack.pdf",
      "page": 2,
      "page_end": 2,
      "section_path": "ENDORSEMENT NO. 2 - CYBER AND DATA EXCLUSION > SECTION 2 - EXCLUSION WORDING > 2.",
      "clause_label": "2.",
      "score": 0.0306,
      "text": "to any action taken in controlling, preventing, suppressing or remediating any Cyber Act or Cyber Incident, and including the cost of any forensic investigation commissioned by the Insured or by any regulator, and including any sum paid or payable to a third party by way of settlement, judgment, award or contractual indemnity in respect of such an act or incident, whether or not the Insured admitted liability;\n(b) any loss of use, reduction in functionality, repair, replacement, restoration or reproduction of any Data, including any amount pertaining to the value of such Data, and including the cost of re-keying, re-entering or otherwise reconstituting Data from source documents where those documents themselves remain undamaged, and including any loss of profit consequent upon such loss of use;\n(c) the failure, malfunction, degradation, unavailability or interruption of any Computer System, whether owned or operated by the Insured or by any third party service provider, cloud host, managed service provider or telecommunications carrier upon which the Insured relies, and whether or not the Insured had a contractual right of recourse against that party;\n(d) the receipt, transmission, distribution or storage of any Malicious Code, whether or not that Malicious Code was introduced deliberately, negligently or inadvertently, and whether or not the Insured had in place anti-malware controls conforming to any recognised standard including ISO 27001 or the National Institute of Standards and Technology Cybersecurity Framework;"
    }
  ],
  "model": "stub:reading-comprehension-v1",
  "params": {
    "effort": "medium",
    "max_tokens": 16000
  },
  "output": {
    "claim_number": "[CLAIM NUMBER REDACTED]",
    "date_of_loss": "23 May 2026",
    "coverage_decision": "denied",
    "cited_exclusion_id": "h",
    "excess_amount": null,
    "summary": "Notes describe circumstances matching an excluded scenario: The Insured shall give written notice to the Insurer of any event likely to give rise to a claim under this section within 30 days of that event becoming known to a director or to the risk manager of the Insured.",
    "citations": [
      "4fa131d2878b9fbf::0005"
    ]
  },
  "output_notes": []
}
---
{
  "trace_id": "trc_00049",
  "created_at": "2026-08-30T21:31:44.473515+00:00",
  "feature": "claim_summary",
  "prompt_version": "claim-summary-v1",
  "input_redacted": "Claim [CLAIM NUMBER REDACTED]. Second flood event at the same insured location on 13 July 2026, 15 days after an earlier flood event on 28 June 2026 at the same location. Estimated damage GBP 78,162. Form on file for this policy is HO-0304 edition 03-24.",
  "redacted_fields": [
    "claim_number:CLM-2026-94370"
  ],
  "retrieval_mode": "hybrid_bm25_rrf",
  "retrieved": [
    {
      "chunk_id": "5ccd70c8aadf500e::0001",
      "doc_id": "5ccd70c8aadf500e",
      "filename": "form_ho0304_archive.pdf",
      "page": 1,
      "page_end": 1,
      "section_path": "FORM HO-0304 - EDITION 01-24",
      "clause_label": "FORM HO-0304 - EDITION 01-24",
      "score": 0.0325,
      "text": "This policy does not cover loss or damage arising from a second or subsequent Flood event at the same insured location where that event occurs within 45 consecutive days of an earlier Flood event at the same location, save that this exclusion does not apply to a Flood event caused solely by a named windstorm. Superseded by edition 01-24 with effect from 1 January 2024.\n\nFORM HO-0304 - EDITION 01-24\nEXCLUSION CODE E-17 - SEQUENTIAL WATER INTRUSION EVENTS (EDITION 01-24)\n\nExclusion Code E-17 (Form HO-0304, edition 01-24). This policy does not cover loss or damage arising from a second or subsequent Flood event at the same insured location where that event occurs within 55 consecutive days of an earlier Flood event at the same location, save that this exclusion does not apply to a Flood event caused solely by a named windstorm. Superseded by edition 03-24 with effect from 1 February 2025."
    },
    {
      "chunk_id": "5ccd70c8aadf500e::0000",
      "doc_id": "5ccd70c8aadf500e",
      "filename": "form_ho0304_archive.pdf",
      "page": 1,
      "page_end": 1,
      "section_path": "FORM LIBRARY - ARCHIVED WORDING ON FILE",
      "clause_label": "FORM LIBRARY - ARCHIVED WORDING ON FILE",
      "score": 0.032,
      "text": "FORM LIBRARY - ARCHIVED WORDING ON FILE\nThis file retains prior editions of Form HO-0304 for audit and reference purposes against policy GML-2024-88213. The edition currently endorsed to the policy is 03-24 (see the waterdamage endorsement in the main endorsement pack for its reference number). Earlier editions below are retained for reference only and do not apply to a loss occurring after the date their text says they were superseded.\n\nFORM HO-0304 - EDITION 01-22\nEXCLUSION CODE E-17 - SEQUENTIAL WATER INTRUSION EVENTS (EDITION 01-22)\n\nExclusion Code E-17 (Form HO-0304, edition 01-22). This policy does not cover loss or damage arising from a second or subsequent Flood event at the same insured location where that event occurs within 30 consecutive days of an earlier Flood event at the same location. Superseded by edition 06-22 with effect from 1 June 2022.\n\nFORM HO-0304 - EDITION 06-22\nEXCLUSION CODE E-17 - SEQUENTIAL WATER INTRUSION EVENTS (EDITION 06-22)\n\nExclusion Code E-17 (Form HO-0304, edition 06-22). This policy does not cover loss or damage arising from a second or subsequent Flood event at the same insured location where that event occurs within 35 consecutive days of an earlier Flood event at the same location. Superseded by edition 09-23 with effect from 1 September 2023.\n\nFORM HO-0304 - EDITION 09-23\nEXCLUSION CODE E-17 - SEQUENTIAL WATER INTRUSION EVENTS (EDITION 09-23)\n\nExclusion Code E-17 (Form HO-0304, edition 09-23). This policy does not cover loss or damage arising from a second or subsequent Flood event at the same insured location where that event occurs within 45 consecutive days of an earlier Flood event at the same location, save that this exclusion does not apply to a Flood event caused solely by a named windstorm. Superseded by edition 01-24 with effect from 1 January 2024."
    },
    {
      "chunk_id": "4fa131d2878b9fbf::0000",
      "doc_id": "4fa131d2878b9fbf",
      "filename": "sample_endorsement_pack.pdf",
      "page": 1,
      "page_end": 1,
      "section_path": "GLOBAL MANUFACTURING LTD",
      "clause_label": "GLOBAL MANUFACTURING LTD",
      "score": 0.0318,
      "text": "GLOBAL MANUFACTURING LTD\n\nCOMMERCIAL PROPERTY AND LIABILITY ENDORSEMENT PACK\nPolicy Number GML-2024-88213. Period of Insurance: 1 April 2024 to 31 March 2025, both dates inclusive at the address of the Insured. This pack records every endorsement attached to the policy and supersedes any endorsement schedule issued previously.\n\nENDORSEMENT NO. 1 - FLOOD SUB-LIMIT AMENDMENT\nEffective from 1 June 2024. In consideration of the additional premium of GBP 42,750 the following amendments are made to the Property Damage section of the policy.\n\n1. DEFINITIONS\n\n1.1 Flood means the escape of water from the normal confines of any natural or artificial watercourse, lake, reservoir, canal or dam, or inundation from the sea, whether driven by storm or otherwise.\n\n1.2 Flood Zone means any location identified as Zone 2 or Zone 3 on the Environment Agency Flood Map for Planning current at the inception of this endorsement.\n\n2. AMENDMENT TO LIMIT\nThe sub-limit applicable to loss or damage caused by Flood is amended from GBP 2,500,000 to GBP 5,000,000 in the annual aggregate. The revised sub-limit applies to all insured locations combined and is part of, and not in addition to, the policy limit of GBP 40,000,000 any one occurrence.\n\n3. DEDUCTIBLE\nA deductible of GBP 250,000 each and every loss applies to loss or damage caused by Flood at any location within a Flood Zone. At all other locations the standard property deductible of GBP 50,000 each and every loss continues to apply.\n\nSECTION 4 - CONDITIONS APPLYING TO THIS ENDORSEMENT"
    },
    {
      "chunk_id": "4fa131d2878b9fbf::0001",
      "doc_id": "4fa131d2878b9fbf",
      "filename": "sample_endorsement_pack.pdf",
      "page": 1,
      "page_end": 2,
      "section_path": "ENDORSEMENT NO. 1 - FLOOD SUB-LIMIT AMENDMENT > 3. DEDUCTIBLE",
      "clause_label": "3. DEDUCTIBLE",
      "score": 0.0313,
      "text": "3. DEDUCTIBLE\nA deductible of GBP 250,000 each and every loss applies to loss or damage caused by Flood at any location within a Flood Zone. At all other locations the standard property deductible of GBP 50,000 each and every loss continues to apply.\n\nSECTION 4 - CONDITIONS APPLYING TO THIS ENDORSEMENT\n\n4.1 Flood Defence Maintenance\nThe Insured shall maintain all demountable flood barriers, non-return valves and sump pumps at each insured location in good and effective working order, and shall test them at intervals of not more than six months. A written record of each test shall be kept for a period of three years and produced to the Insurer on request.\n\n4.2 Exclusions\nNotwithstanding anything to the contrary in the policy, this endorsement does not cover loss, damage, cost or expense arising directly or indirectly out of:\n\n(a) subsidence, ground heave or landslip, whether or not caused or contributed to by Flood; (b) loss of or damage to growing crops, standing timber, or livestock in the open; (c) any property in the course of construction, erection or installation where the contract value exceeds GBP 1,000,000; (d) loss or damage to stock stored below ground level unless raised at least 150 millimetres above the finished floor level; (e) any fine, penalty or punitive damages levied by a regulator following a Flood event.\n\n4.2.1 Erosion of the sub-limit\nEach payment made under this endorsement, including any payment for professional fees and debris removal, erodes the annual aggregate sub-limit stated in clause 2. Once the annual aggregate sub-limit is exhausted no further payment shall be made under this endorsement for the remainder of the Period of Insurance."
    },
    {
      "chunk_id": "4fa131d2878b9fbf::0006",
      "doc_id": "4fa131d2878b9fbf",
      "filename": "sample_endorsement_pack.pdf",
      "page": 3,
      "page_end": 4,
      "section_path": "ENDORSEMENT NO. 3 - BUSINESS INTERRUPTION AMENDMENTS > GENERAL CONDITIONS",
      "clause_label": "GENERAL CONDITIONS",
      "score": 0.0313,
      "text": "GENERAL CONDITIONS\n\n1. Cancellation. Either party may cancel this policy by giving 60 days written notice to the other at its last known address. Where the Insurer cancels, a pro rata return of premium shall be made provided no claim has been notified during the Period of Insurance.\n\n2. Governing law. This policy shall be governed by and construed in accordance with the law of England and Wales, and the parties submit to the exclusive jurisdiction of the courts of England and Wales.\n\n3. Premium payment. The premium is due within 45 days of inception. Failure to pay within that period entitles the Insurer to cancel in accordance with General Condition 1 above.\n\nENDORSEMENT NO. 4 - SEQUENTIAL WATER INTRUSION EXCLUSION\nEffective from 1 February 2025. This endorsement is issued under reference END-2024-0417 and adopts the exclusion wording of Form HO-0304 edition 03-24, reproduced at clause 4.3 below, which supersedes and replaces any earlier edition of Form HO-0304 referenced in the Insured's document file.\n\n4.3 Exclusion Code E-17 - Sequential Water Intrusion Events\nExclusion Code E-17 (Form HO-0304, edition 03-24). This policy does not cover loss or damage arising from a second or subsequent Flood event at the same insured location where that event occurs within 60 consecutive days of an earlier Flood event at the same location, regardless of whether a claim was made for the earlier event. This exclusion applies in addition to, and does not narrow, the deductible and sub-limit provisions of clauses 2 and 3 above.\n\n4.4 Interaction with the Flood Defence Condition\nExclusion Code E-17 does not apply where the Insured can demonstrate that the flood barriers, non-return valves and sump pumps required by clause 4.1 were tested and in good working order in the 60 days immediately preceding the second or subsequent Flood event."
    }
  ],
  "model": "stub:reading-comprehension-v1",
  "params": {
    "effort": "medium",
    "max_tokens": 16000
  },
  "output": {
    "claim_number": "[CLAIM NUMBER REDACTED]",
    "date_of_loss": "13 July 2026",
    "coverage_decision": "denied",
    "cited_exclusion_id": null,
    "excess_amount": null,
    "summary": "Notes describe circumstances matching an excluded scenario: This policy does not cover loss or damage arising from a second or subsequent Flood event at the same insured location where that event occurs within 30 consecutive days of an earlier Flood event at the same location.",
    "citations": [
      "5ccd70c8aadf500e::0000"
    ]
  },
  "output_notes": []
}
---
{
  "trace_id": "trc_00050",
  "created_at": "2026-08-30T21:31:44.484637+00:00",
  "feature": "claim_summary",
  "prompt_version": "claim-summary-v1",
  "input_redacted": "Claim [CLAIM NUMBER REDACTED]. Insured reports a company vehicle involved in a collision on 13 April 2026 while making a delivery; driver cited for careless driving. Claimed repair cost GBP 53,769. Insured asks whether this is covered under this policy.",
  "redacted_fields": [
    "claim_number:CLM-2026-61982"
  ],
  "retrieval_mode": "hybrid_bm25_rrf",
  "retrieved": [
    {
      "chunk_id": "4fa131d2878b9fbf::0000",
      "doc_id": "4fa131d2878b9fbf",
      "filename": "sample_endorsement_pack.pdf",
      "page": 1,
      "page_end": 1,
      "section_path": "GLOBAL MANUFACTURING LTD",
      "clause_label": "GLOBAL MANUFACTURING LTD",
      "score": 0.0325,
      "text": "GLOBAL MANUFACTURING LTD\n\nCOMMERCIAL PROPERTY AND LIABILITY ENDORSEMENT PACK\nPolicy Number GML-2024-88213. Period of Insurance: 1 April 2024 to 31 March 2025, both dates inclusive at the address of the Insured. This pack records every endorsement attached to the policy and supersedes any endorsement schedule issued previously.\n\nENDORSEMENT NO. 1 - FLOOD SUB-LIMIT AMENDMENT\nEffective from 1 June 2024. In consideration of the additional premium of GBP 42,750 the following amendments are made to the Property Damage section of the policy.\n\n1. DEFINITIONS\n\n1.1 Flood means the escape of water from the normal confines of any natural or artificial watercourse, lake, reservoir, canal or dam, or inundation from the sea, whether driven by storm or otherwise.\n\n1.2 Flood Zone means any location identified as Zone 2 or Zone 3 on the Environment Agency Flood Map for Planning current at the inception of this endorsement.\n\n2. AMENDMENT TO LIMIT\nThe sub-limit applicable to loss or damage caused by Flood is amended from GBP 2,500,000 to GBP 5,000,000 in the annual aggregate. The revised sub-limit applies to all insured locations combined and is part of, and not in addition to, the policy limit of GBP 40,000,000 any one occurrence.\n\n3. DEDUCTIBLE\nA deductible of GBP 250,000 each and every loss applies to loss or damage caused by Flood at any location within a Flood Zone. At all other locations the standard property deductible of GBP 50,000 each and every loss continues to apply.\n\nSECTION 4 - CONDITIONS APPLYING TO THIS ENDORSEMENT"
    },
    {
      "chunk_id": "4fa131d2878b9fbf::0006",
      "doc_id": "4fa131d2878b9fbf",
      "filename": "sample_endorsement_pack.pdf",
      "page": 3,
      "page_end": 4,
      "section_path": "ENDORSEMENT NO. 3 - BUSINESS INTERRUPTION AMENDMENTS > GENERAL CONDITIONS",
      "clause_label": "GENERAL CONDITIONS",
      "score": 0.0315,
      "text": "GENERAL CONDITIONS\n\n1. Cancellation. Either party may cancel this policy by giving 60 days written notice to the other at its last known address. Where the Insurer cancels, a pro rata return of premium shall be made provided no claim has been notified during the Period of Insurance.\n\n2. Governing law. This policy shall be governed by and construed in accordance with the law of England and Wales, and the parties submit to the exclusive jurisdiction of the courts of England and Wales.\n\n3. Premium payment. The premium is due within 45 days of inception. Failure to pay within that period entitles the Insurer to cancel in accordance with General Condition 1 above.\n\nENDORSEMENT NO. 4 - SEQUENTIAL WATER INTRUSION EXCLUSION\nEffective from 1 February 2025. This endorsement is issued under reference END-2024-0417 and adopts the exclusion wording of Form HO-0304 edition 03-24, reproduced at clause 4.3 below, which supersedes and replaces any earlier edition of Form HO-0304 referenced in the Insured's document file.\n\n4.3 Exclusion Code E-17 - Sequential Water Intrusion Events\nExclusion Code E-17 (Form HO-0304, edition 03-24). This policy does not cover loss or damage arising from a second or subsequent Flood event at the same insured location where that event occurs within 60 consecutive days of an earlier Flood event at the same location, regardless of whether a claim was made for the earlier event. This exclusion applies in addition to, and does not narrow, the deductible and sub-limit provisions of clauses 2 and 3 above.\n\n4.4 Interaction with the Flood Defence Condition\nExclusion Code E-17 does not apply where the Insured can demonstrate that the flood barriers, non-return valves and sump pumps required by clause 4.1 were tested and in good working order in the 60 days immediately preceding the second or subsequent Flood event."
    },
    {
      "chunk_id": "4fa131d2878b9fbf::0001",
      "doc_id": "4fa131d2878b9fbf",
      "filename": "sample_endorsement_pack.pdf",
      "page": 1,
      "page_end": 2,
      "section_path": "ENDORSEMENT NO. 1 - FLOOD SUB-LIMIT AMENDMENT > 3. DEDUCTIBLE",
      "clause_label": "3. DEDUCTIBLE",
      "score": 0.0315,
      "text": "3. DEDUCTIBLE\nA deductible of GBP 250,000 each and every loss applies to loss or damage caused by Flood at any location within a Flood Zone. At all other locations the standard property deductible of GBP 50,000 each and every loss continues to apply.\n\nSECTION 4 - CONDITIONS APPLYING TO THIS ENDORSEMENT\n\n4.1 Flood Defence Maintenance\nThe Insured shall maintain all demountable flood barriers, non-return valves and sump pumps at each insured location in good and effective working order, and shall test them at intervals of not more than six months. A written record of each test shall be kept for a period of three years and produced to the Insurer on request.\n\n4.2 Exclusions\nNotwithstanding anything to the contrary in the policy, this endorsement does not cover loss, damage, cost or expense arising directly or indirectly out of:\n\n(a) subsidence, ground heave or landslip, whether or not caused or contributed to by Flood; (b) loss of or damage to growing crops, standing timber, or livestock in the open; (c) any property in the course of construction, erection or installation where the contract value exceeds GBP 1,000,000; (d) loss or damage to stock stored below ground level unless raised at least 150 millimetres above the finished floor level; (e) any fine, penalty or punitive damages levied by a regulator following a Flood event.\n\n4.2.1 Erosion of the sub-limit\nEach payment made under this endorsement, including any payment for professional fees and debris removal, erodes the annual aggregate sub-limit stated in clause 2. Once the annual aggregate sub-limit is exhausted no further payment shall be made under this endorsement for the remainder of the Period of Insurance."
    },
    {
      "chunk_id": "4fa131d2878b9fbf::0005",
      "doc_id": "4fa131d2878b9fbf",
      "filename": "sample_endorsement_pack.pdf",
      "page": 3,
      "page_end": 3,
      "section_path": "ENDORSEMENT NO. 2 - CYBER AND DATA EXCLUSION > SECTION 2 - EXCLUSION WORDING > 2.",
      "clause_label": "2.",
      "score": 0.0313,
      "text": "(h) the deliberate act of any employee, contractor or agent of the Insured taken with intent to cause a Cyber Incident, whether or not that person was acting within the scope of their employment or engagement, and whether or not the Insured had performed pre-engagement screening on that person.\n\nSECTION 3 - WRITE-BACK FOR PHYSICAL DAMAGE\n\n3. Subject to all other terms of the policy, this exclusion shall not apply to physical loss of or physical damage to insured property arising from fire or explosion which itself results from a Cyber Incident, provided that the fire or explosion is not the result of a Cyber Act committed with intent to cause physical damage.\n\nENDORSEMENT NO. 3 - BUSINESS INTERRUPTION AMENDMENTS\nEffective from 1 October 2024. The Business Interruption section is amended as set out below. All other terms, conditions and exclusions remain unaltered.\n\n1. WAITING PERIOD\nA waiting period of 72 consecutive hours applies to each and every claim under the Business Interruption section. No indemnity is payable in respect of any interruption that is remedied within the waiting period.\n\n2. INDEMNITY PERIOD\nThe maximum indemnity period is extended from 12 months to 18 months from the date on which the interruption begins.\n\n3. NOTIFICATION OF CLAIM\n3. The Insured shall give written notice to the Insurer of any event likely to give rise to a claim under this section within 30 days of that event becoming known to a director or to the risk manager of the Insured. Notice given to the broker alone does not constitute notice to the Insurer.\n\nGENERAL CONDITIONS\n\n1. Cancellation. Either party may cancel this policy by giving 60 days written notice to the other at its last known address. Where the Insurer cancels, a pro rata return of premium shall be made provided no claim has been notified during the Period of Insurance."
    },
    {
      "chunk_id": "4fa131d2878b9fbf::0003",
      "doc_id": "4fa131d2878b9fbf",
      "filename": "sample_endorsement_pack.pdf",
      "page": 2,
      "page_end": 2,
      "section_path": "ENDORSEMENT NO. 2 - CYBER AND DATA EXCLUSION > SECTION 2 - EXCLUSION WORDING > 2.",
      "clause_label": "2.",
      "score": 0.0311,
      "text": "to any action taken in controlling, preventing, suppressing or remediating any Cyber Act or Cyber Incident, and including the cost of any forensic investigation commissioned by the Insured or by any regulator, and including any sum paid or payable to a third party by way of settlement, judgment, award or contractual indemnity in respect of such an act or incident, whether or not the Insured admitted liability;\n(b) any loss of use, reduction in functionality, repair, replacement, restoration or reproduction of any Data, including any amount pertaining to the value of such Data, and including the cost of re-keying, re-entering or otherwise reconstituting Data from source documents where those documents themselves remain undamaged, and including any loss of profit consequent upon such loss of use;\n(c) the failure, malfunction, degradation, unavailability or interruption of any Computer System, whether owned or operated by the Insured or by any third party service provider, cloud host, managed service provider or telecommunications carrier upon which the Insured relies, and whether or not the Insured had a contractual right of recourse against that party;\n(d) the receipt, transmission, distribution or storage of any Malicious Code, whether or not that Malicious Code was introduced deliberately, negligently or inadvertently, and whether or not the Insured had in place anti-malware controls conforming to any recognised standard including ISO 27001 or the National Institute of Standards and Technology Cybersecurity Framework;"
    }
  ],
  "model": "stub:reading-comprehension-v1",
  "params": {
    "effort": "medium",
    "max_tokens": 16000
  },
  "output": {
    "claim_number": "[CLAIM NUMBER REDACTED]",
    "date_of_loss": "13 April 2026",
    "coverage_decision": "covered",
    "cited_exclusion_id": null,
    "excess_amount": 250000.0,
    "summary": "Notes match an insured peril: In consideration of the additional premium of GBP 42,750 the following amendments are made to the Property Damage section of the policy.",
    "citations": [
      "4fa131d2878b9fbf::0000"
    ]
  },
  "output_notes": []
}
---
{
  "trace_id": "trc_00051",
  "created_at": "2026-08-30T21:31:44.497479+00:00",
  "feature": "claim_summary",
  "prompt_version": "claim-summary-v1",
  "input_redacted": "Claim [CLAIM NUMBER REDACTED]. Ransomware incident on 13 May 2026 encrypted the insured's order management system; insured paid a ransom of GBP 312,275 in cryptocurrency to restore access. Insured asks whether the ransom payment is covered.",
  "redacted_fields": [
    "claim_number:CLM-2026-44800"
  ],
  "retrieval_mode": "hybrid_bm25_rrf",
  "retrieved": [
    {
      "chunk_id": "4fa131d2878b9fbf::0004",
      "doc_id": "4fa131d2878b9fbf",
      "filename": "sample_endorsement_pack.pdf",
      "page": 2,
      "page_end": 3,
      "section_path": "ENDORSEMENT NO. 2 - CYBER AND DATA EXCLUSION > SECTION 2 - EXCLUSION WORDING > 2.",
      "clause_label": "2.",
      "score": 0.0328,
      "text": "(d) the receipt, transmission, distribution or storage of any Malicious Code, whether or not that Malicious Code was introduced deliberately, negligently or inadvertently, and whether or not the Insured had in place anti-malware controls conforming to any recognised standard including ISO 27001 or the National Institute of Standards and Technology Cybersecurity Framework;\n(e) any regulatory investigation, enquiry, examination, inspection, hearing or proceeding brought by any data protection authority, supervisory authority, information commissioner or equivalent body in any jurisdiction, together with the costs of responding to any request for information from such a body, and together with any administrative fine or penalty however described;\n(f) any extortion demand, ransom payment, cryptocurrency transfer or negotiation fee made or incurred in response to a threat to a Computer System or to Data, and including the fees of any incident response firm, ransomware negotiator or public relations consultant engaged in connection with that threat;\n(g) any breach of contract, warranty, guarantee, service level agreement or licence term relating to the performance, security, availability or integrity of any Computer System or Data, whether that contract was entered into by the Insured as supplier or as customer;\n(h) the deliberate act of any employee, contractor or agent of the Insured taken with intent to cause a Cyber Incident, whether or not that person was acting within the scope of their employment or engagement, and whether or not the Insured had performed pre-engagement screening on that person.\n\nSECTION 3 - WRITE-BACK FOR PHYSICAL DAMAGE"
    },
    {
      "chunk_id": "4fa131d2878b9fbf::0006",
      "doc_id": "4fa131d2878b9fbf",
      "filename": "sample_endorsement_pack.pdf",
      "page": 3,
      "page_end": 4,
      "section_path": "ENDORSEMENT NO. 3 - BUSINESS INTERRUPTION AMENDMENTS > GENERAL CONDITIONS",
      "clause_label": "GENERAL CONDITIONS",
      "score": 0.032,
      "text": "GENERAL CONDITIONS\n\n1. Cancellation. Either party may cancel this policy by giving 60 days written notice to the other at its last known address. Where the Insurer cancels, a pro rata return of premium shall be made provided no claim has been notified during the Period of Insurance.\n\n2. Governing law. This policy shall be governed by and construed in accordance with the law of England and Wales, and the parties submit to the exclusive jurisdiction of the courts of England and Wales.\n\n3. Premium payment. The premium is due within 45 days of inception. Failure to pay within that period entitles the Insurer to cancel in accordance with General Condition 1 above.\n\nENDORSEMENT NO. 4 - SEQUENTIAL WATER INTRUSION EXCLUSION\nEffective from 1 February 2025. This endorsement is issued under reference END-2024-0417 and adopts the exclusion wording of Form HO-0304 edition 03-24, reproduced at clause 4.3 below, which supersedes and replaces any earlier edition of Form HO-0304 referenced in the Insured's document file.\n\n4.3 Exclusion Code E-17 - Sequential Water Intrusion Events\nExclusion Code E-17 (Form HO-0304, edition 03-24). This policy does not cover loss or damage arising from a second or subsequent Flood event at the same insured location where that event occurs within 60 consecutive days of an earlier Flood event at the same location, regardless of whether a claim was made for the earlier event. This exclusion applies in addition to, and does not narrow, the deductible and sub-limit provisions of clauses 2 and 3 above.\n\n4.4 Interaction with the Flood Defence Condition\nExclusion Code E-17 does not apply where the Insured can demonstrate that the flood barriers, non-return valves and sump pumps required by clause 4.1 were tested and in good working order in the 60 days immediately preceding the second or subsequent Flood event."
    },
    {
      "chunk_id": "4fa131d2878b9fbf::0003",
      "doc_id": "4fa131d2878b9fbf",
      "filename": "sample_endorsement_pack.pdf",
      "page": 2,
      "page_end": 2,
      "section_path": "ENDORSEMENT NO. 2 - CYBER AND DATA EXCLUSION > SECTION 2 - EXCLUSION WORDING > 2.",
      "clause_label": "2.",
      "score": 0.0318,
      "text": "to any action taken in controlling, preventing, suppressing or remediating any Cyber Act or Cyber Incident, and including the cost of any forensic investigation commissioned by the Insured or by any regulator, and including any sum paid or payable to a third party by way of settlement, judgment, award or contractual indemnity in respect of such an act or incident, whether or not the Insured admitted liability;\n(b) any loss of use, reduction in functionality, repair, replacement, restoration or reproduction of any Data, including any amount pertaining to the value of such Data, and including the cost of re-keying, re-entering or otherwise reconstituting Data from source documents where those documents themselves remain undamaged, and including any loss of profit consequent upon such loss of use;\n(c) the failure, malfunction, degradation, unavailability or interruption of any Computer System, whether owned or operated by the Insured or by any third party service provider, cloud host, managed service provider or telecommunications carrier upon which the Insured relies, and whether or not the Insured had a contractual right of recourse against that party;\n(d) the receipt, transmission, distribution or storage of any Malicious Code, whether or not that Malicious Code was introduced deliberately, negligently or inadvertently, and whether or not the Insured had in place anti-malware controls conforming to any recognised standard including ISO 27001 or the National Institute of Standards and Technology Cybersecurity Framework;"
    },
    {
      "chunk_id": "4fa131d2878b9fbf::0001",
      "doc_id": "4fa131d2878b9fbf",
      "filename": "sample_endorsement_pack.pdf",
      "page": 1,
      "page_end": 2,
      "section_path": "ENDORSEMENT NO. 1 - FLOOD SUB-LIMIT AMENDMENT > 3. DEDUCTIBLE",
      "clause_label": "3. DEDUCTIBLE",
      "score": 0.0308,
      "text": "3. DEDUCTIBLE\nA deductible of GBP 250,000 each and every loss applies to loss or damage caused by Flood at any location within a Flood Zone. At all other locations the standard property deductible of GBP 50,000 each and every loss continues to apply.\n\nSECTION 4 - CONDITIONS APPLYING TO THIS ENDORSEMENT\n\n4.1 Flood Defence Maintenance\nThe Insured shall maintain all demountable flood barriers, non-return valves and sump pumps at each insured location in good and effective working order, and shall test them at intervals of not more than six months. A written record of each test shall be kept for a period of three years and produced to the Insurer on request.\n\n4.2 Exclusions\nNotwithstanding anything to the contrary in the policy, this endorsement does not cover loss, damage, cost or expense arising directly or indirectly out of:\n\n(a) subsidence, ground heave or landslip, whether or not caused or contributed to by Flood; (b) loss of or damage to growing crops, standing timber, or livestock in the open; (c) any property in the course of construction, erection or installation where the contract value exceeds GBP 1,000,000; (d) loss or damage to stock stored below ground level unless raised at least 150 millimetres above the finished floor level; (e) any fine, penalty or punitive damages levied by a regulator following a Flood event.\n\n4.2.1 Erosion of the sub-limit\nEach payment made under this endorsement, including any payment for professional fees and debris removal, erodes the annual aggregate sub-limit stated in clause 2. Once the annual aggregate sub-limit is exhausted no further payment shall be made under this endorsement for the remainder of the Period of Insurance."
    },
    {
      "chunk_id": "5ccd70c8aadf500e::0000",
      "doc_id": "5ccd70c8aadf500e",
      "filename": "form_ho0304_archive.pdf",
      "page": 1,
      "page_end": 1,
      "section_path": "FORM LIBRARY - ARCHIVED WORDING ON FILE",
      "clause_label": "FORM LIBRARY - ARCHIVED WORDING ON FILE",
      "score": 0.0301,
      "text": "FORM LIBRARY - ARCHIVED WORDING ON FILE\nThis file retains prior editions of Form HO-0304 for audit and reference purposes against policy GML-2024-88213. The edition currently endorsed to the policy is 03-24 (see the waterdamage endorsement in the main endorsement pack for its reference number). Earlier editions below are retained for reference only and do not apply to a loss occurring after the date their text says they were superseded.\n\nFORM HO-0304 - EDITION 01-22\nEXCLUSION CODE E-17 - SEQUENTIAL WATER INTRUSION EVENTS (EDITION 01-22)\n\nExclusion Code E-17 (Form HO-0304, edition 01-22). This policy does not cover loss or damage arising from a second or subsequent Flood event at the same insured location where that event occurs within 30 consecutive days of an earlier Flood event at the same location. Superseded by edition 06-22 with effect from 1 June 2022.\n\nFORM HO-0304 - EDITION 06-22\nEXCLUSION CODE E-17 - SEQUENTIAL WATER INTRUSION EVENTS (EDITION 06-22)\n\nExclusion Code E-17 (Form HO-0304, edition 06-22). This policy does not cover loss or damage arising from a second or subsequent Flood event at the same insured location where that event occurs within 35 consecutive days of an earlier Flood event at the same location. Superseded by edition 09-23 with effect from 1 September 2023.\n\nFORM HO-0304 - EDITION 09-23\nEXCLUSION CODE E-17 - SEQUENTIAL WATER INTRUSION EVENTS (EDITION 09-23)\n\nExclusion Code E-17 (Form HO-0304, edition 09-23). This policy does not cover loss or damage arising from a second or subsequent Flood event at the same insured location where that event occurs within 45 consecutive days of an earlier Flood event at the same location, save that this exclusion does not apply to a Flood event caused solely by a named windstorm. Superseded by edition 01-24 with effect from 1 January 2024."
    }
  ],
  "model": "stub:reading-comprehension-v1",
  "params": {
    "effort": "medium",
    "max_tokens": 16000
  },
  "output": {
    "claim_number": "[CLAIM NUMBER REDACTED]",
    "date_of_loss": "13 May 2026",
    "coverage_decision": "covered",
    "cited_exclusion_id": null,
    "excess_amount": null,
    "summary": "Notes match an insured peril: (f) any extortion demand, ransom payment, cryptocurrency transfer or negotiation fee made or incurred in response to a threat to a Computer System or to Data, and including the fees of any incident response firm, ransomware negotiator or public relations consultant engaged in connection with that threat;",
    "citations": [
      "4fa131d2878b9fbf::0004"
    ]
  },
  "output_notes": []
}
---
{
  "trace_id": "trc_00052",
  "created_at": "2026-08-30T21:31:44.508805+00:00",
  "feature": "claim_summary",
  "prompt_version": "claim-summary-v1",
  "input_redacted": "Claim [CLAIM NUMBER REDACTED]. Insured reports water damage to stock stored on the warehouse floor, discovered 01 April 2026 following heavy rainfall. Stock was not raised above floor level. Estimated damage GBP 78,975.",
  "redacted_fields": [
    "claim_number:CLM-2026-07679"
  ],
  "retrieval_mode": "hybrid_bm25_rrf",
  "retrieved": [
    {
      "chunk_id": "4fa131d2878b9fbf::0000",
      "doc_id": "4fa131d2878b9fbf",
      "filename": "sample_endorsement_pack.pdf",
      "page": 1,
      "page_end": 1,
      "section_path": "GLOBAL MANUFACTURING LTD",
      "clause_label": "GLOBAL MANUFACTURING LTD",
      "score": 0.0325,
      "text": "GLOBAL MANUFACTURING LTD\n\nCOMMERCIAL PROPERTY AND LIABILITY ENDORSEMENT PACK\nPolicy Number GML-2024-88213. Period of Insurance: 1 April 2024 to 31 March 2025, both dates inclusive at the address of the Insured. This pack records every endorsement attached to the policy and supersedes any endorsement schedule issued previously.\n\nENDORSEMENT NO. 1 - FLOOD SUB-LIMIT AMENDMENT\nEffective from 1 June 2024. In consideration of the additional premium of GBP 42,750 the following amendments are made to the Property Damage section of the policy.\n\n1. DEFINITIONS\n\n1.1 Flood means the escape of water from the normal confines of any natural or artificial watercourse, lake, reservoir, canal or dam, or inundation from the sea, whether driven by storm or otherwise.\n\n1.2 Flood Zone means any location identified as Zone 2 or Zone 3 on the Environment Agency Flood Map for Planning current at the inception of this endorsement.\n\n2. AMENDMENT TO LIMIT\nThe sub-limit applicable to loss or damage caused by Flood is amended from GBP 2,500,000 to GBP 5,000,000 in the annual aggregate. The revised sub-limit applies to all insured locations combined and is part of, and not in addition to, the policy limit of GBP 40,000,000 any one occurrence.\n\n3. DEDUCTIBLE\nA deductible of GBP 250,000 each and every loss applies to loss or damage caused by Flood at any location within a Flood Zone. At all other locations the standard property deductible of GBP 50,000 each and every loss continues to apply.\n\nSECTION 4 - CONDITIONS APPLYING TO THIS ENDORSEMENT"
    },
    {
      "chunk_id": "4fa131d2878b9fbf::0001",
      "doc_id": "4fa131d2878b9fbf",
      "filename": "sample_endorsement_pack.pdf",
      "page": 1,
      "page_end": 2,
      "section_path": "ENDORSEMENT NO. 1 - FLOOD SUB-LIMIT AMENDMENT > 3. DEDUCTIBLE",
      "clause_label": "3. DEDUCTIBLE",
      "score": 0.0318,
      "text": "3. DEDUCTIBLE\nA deductible of GBP 250,000 each and every loss applies to loss or damage caused by Flood at any location within a Flood Zone. At all other locations the standard property deductible of GBP 50,000 each and every loss continues to apply.\n\nSECTION 4 - CONDITIONS APPLYING TO THIS ENDORSEMENT\n\n4.1 Flood Defence Maintenance\nThe Insured shall maintain all demountable flood barriers, non-return valves and sump pumps at each insured location in good and effective working order, and shall test them at intervals of not more than six months. A written record of each test shall be kept for a period of three years and produced to the Insurer on request.\n\n4.2 Exclusions\nNotwithstanding anything to the contrary in the policy, this endorsement does not cover loss, damage, cost or expense arising directly or indirectly out of:\n\n(a) subsidence, ground heave or landslip, whether or not caused or contributed to by Flood; (b) loss of or damage to growing crops, standing timber, or livestock in the open; (c) any property in the course of construction, erection or installation where the contract value exceeds GBP 1,000,000; (d) loss or damage to stock stored below ground level unless raised at least 150 millimetres above the finished floor level; (e) any fine, penalty or punitive damages levied by a regulator following a Flood event.\n\n4.2.1 Erosion of the sub-limit\nEach payment made under this endorsement, including any payment for professional fees and debris removal, erodes the annual aggregate sub-limit stated in clause 2. Once the annual aggregate sub-limit is exhausted no further payment shall be made under this endorsement for the remainder of the Period of Insurance."
    },
    {
      "chunk_id": "5ccd70c8aadf500e::0000",
      "doc_id": "5ccd70c8aadf500e",
      "filename": "form_ho0304_archive.pdf",
      "page": 1,
      "page_end": 1,
      "section_path": "FORM LIBRARY - ARCHIVED WORDING ON FILE",
      "clause_label": "FORM LIBRARY - ARCHIVED WORDING ON FILE",
      "score": 0.0313,
      "text": "FORM LIBRARY - ARCHIVED WORDING ON FILE\nThis file retains prior editions of Form HO-0304 for audit and reference purposes against policy GML-2024-88213. The edition currently endorsed to the policy is 03-24 (see the waterdamage endorsement in the main endorsement pack for its reference number). Earlier editions below are retained for reference only and do not apply to a loss occurring after the date their text says they were superseded.\n\nFORM HO-0304 - EDITION 01-22\nEXCLUSION CODE E-17 - SEQUENTIAL WATER INTRUSION EVENTS (EDITION 01-22)\n\nExclusion Code E-17 (Form HO-0304, edition 01-22). This policy does not cover loss or damage arising from a second or subsequent Flood event at the same insured location where that event occurs within 30 consecutive days of an earlier Flood event at the same location. Superseded by edition 06-22 with effect from 1 June 2022.\n\nFORM HO-0304 - EDITION 06-22\nEXCLUSION CODE E-17 - SEQUENTIAL WATER INTRUSION EVENTS (EDITION 06-22)\n\nExclusion Code E-17 (Form HO-0304, edition 06-22). This policy does not cover loss or damage arising from a second or subsequent Flood event at the same insured location where that event occurs within 35 consecutive days of an earlier Flood event at the same location. Superseded by edition 09-23 with effect from 1 September 2023.\n\nFORM HO-0304 - EDITION 09-23\nEXCLUSION CODE E-17 - SEQUENTIAL WATER INTRUSION EVENTS (EDITION 09-23)\n\nExclusion Code E-17 (Form HO-0304, edition 09-23). This policy does not cover loss or damage arising from a second or subsequent Flood event at the same insured location where that event occurs within 45 consecutive days of an earlier Flood event at the same location, save that this exclusion does not apply to a Flood event caused solely by a named windstorm. Superseded by edition 01-24 with effect from 1 January 2024."
    },
    {
      "chunk_id": "4fa131d2878b9fbf::0006",
      "doc_id": "4fa131d2878b9fbf",
      "filename": "sample_endorsement_pack.pdf",
      "page": 3,
      "page_end": 4,
      "section_path": "ENDORSEMENT NO. 3 - BUSINESS INTERRUPTION AMENDMENTS > GENERAL CONDITIONS",
      "clause_label": "GENERAL CONDITIONS",
      "score": 0.0313,
      "text": "GENERAL CONDITIONS\n\n1. Cancellation. Either party may cancel this policy by giving 60 days written notice to the other at its last known address. Where the Insurer cancels, a pro rata return of premium shall be made provided no claim has been notified during the Period of Insurance.\n\n2. Governing law. This policy shall be governed by and construed in accordance with the law of England and Wales, and the parties submit to the exclusive jurisdiction of the courts of England and Wales.\n\n3. Premium payment. The premium is due within 45 days of inception. Failure to pay within that period entitles the Insurer to cancel in accordance with General Condition 1 above.\n\nENDORSEMENT NO. 4 - SEQUENTIAL WATER INTRUSION EXCLUSION\nEffective from 1 February 2025. This endorsement is issued under reference END-2024-0417 and adopts the exclusion wording of Form HO-0304 edition 03-24, reproduced at clause 4.3 below, which supersedes and replaces any earlier edition of Form HO-0304 referenced in the Insured's document file.\n\n4.3 Exclusion Code E-17 - Sequential Water Intrusion Events\nExclusion Code E-17 (Form HO-0304, edition 03-24). This policy does not cover loss or damage arising from a second or subsequent Flood event at the same insured location where that event occurs within 60 consecutive days of an earlier Flood event at the same location, regardless of whether a claim was made for the earlier event. This exclusion applies in addition to, and does not narrow, the deductible and sub-limit provisions of clauses 2 and 3 above.\n\n4.4 Interaction with the Flood Defence Condition\nExclusion Code E-17 does not apply where the Insured can demonstrate that the flood barriers, non-return valves and sump pumps required by clause 4.1 were tested and in good working order in the 60 days immediately preceding the second or subsequent Flood event."
    },
    {
      "chunk_id": "4fa131d2878b9fbf::0005",
      "doc_id": "4fa131d2878b9fbf",
      "filename": "sample_endorsement_pack.pdf",
      "page": 3,
      "page_end": 3,
      "section_path": "ENDORSEMENT NO. 2 - CYBER AND DATA EXCLUSION > SECTION 2 - EXCLUSION WORDING > 2.",
      "clause_label": "2.",
      "score": 0.0308,
      "text": "(h) the deliberate act of any employee, contractor or agent of the Insured taken with intent to cause a Cyber Incident, whether or not that person was acting within the scope of their employment or engagement, and whether or not the Insured had performed pre-engagement screening on that person.\n\nSECTION 3 - WRITE-BACK FOR PHYSICAL DAMAGE\n\n3. Subject to all other terms of the policy, this exclusion shall not apply to physical loss of or physical damage to insured property arising from fire or explosion which itself results from a Cyber Incident, provided that the fire or explosion is not the result of a Cyber Act committed with intent to cause physical damage.\n\nENDORSEMENT NO. 3 - BUSINESS INTERRUPTION AMENDMENTS\nEffective from 1 October 2024. The Business Interruption section is amended as set out below. All other terms, conditions and exclusions remain unaltered.\n\n1. WAITING PERIOD\nA waiting period of 72 consecutive hours applies to each and every claim under the Business Interruption section. No indemnity is payable in respect of any interruption that is remedied within the waiting period.\n\n2. INDEMNITY PERIOD\nThe maximum indemnity period is extended from 12 months to 18 months from the date on which the interruption begins.\n\n3. NOTIFICATION OF CLAIM\n3. The Insured shall give written notice to the Insurer of any event likely to give rise to a claim under this section within 30 days of that event becoming known to a director or to the risk manager of the Insured. Notice given to the broker alone does not constitute notice to the Insurer.\n\nGENERAL CONDITIONS\n\n1. Cancellation. Either party may cancel this policy by giving 60 days written notice to the other at its last known address. Where the Insurer cancels, a pro rata return of premium shall be made provided no claim has been notified during the Period of Insurance."
    }
  ],
  "model": "stub:reading-comprehension-v1",
  "params": {
    "effort": "medium",
    "max_tokens": 16000
  },
  "output": {
    "claim_number": "[CLAIM NUMBER REDACTED]",
    "date_of_loss": "01 April 2026",
    "coverage_decision": "denied",
    "cited_exclusion_id": "4.1",
    "excess_amount": 250000.0,
    "summary": "Notes describe circumstances matching an excluded scenario: (d) loss or damage to stock stored below ground level unless raised at least 150 millimetres above the finished floor level;",
    "citations": [
      "4fa131d2878b9fbf::0001"
    ]
  },
  "output_notes": []
}
---
{
  "trace_id": "trc_00053",
  "created_at": "2026-08-30T21:31:44.519850+00:00",
  "feature": "claim_summary",
  "prompt_version": "claim-summary-v1",
  "input_redacted": "Claim [CLAIM NUMBER REDACTED]. Insured reports ground movement and cracking to the warehouse wall following the flood event of 26 April 2026; structural engineer's report attributes the cracking to subsidence triggered by the flood saturating the foundations. Claimed amount GBP 197,645.",
  "redacted_fields": [
    "claim_number:CLM-2026-86067"
  ],
  "retrieval_mode": "hybrid_bm25_rrf",
  "retrieved": [
    {
      "chunk_id": "4fa131d2878b9fbf::0000",
      "doc_id": "4fa131d2878b9fbf",
      "filename": "sample_endorsement_pack.pdf",
      "page": 1,
      "page_end": 1,
      "section_path": "GLOBAL MANUFACTURING LTD",
      "clause_label": "GLOBAL MANUFACTURING LTD",
      "score": 0.0325,
      "text": "GLOBAL MANUFACTURING LTD\n\nCOMMERCIAL PROPERTY AND LIABILITY ENDORSEMENT PACK\nPolicy Number GML-2024-88213. Period of Insurance: 1 April 2024 to 31 March 2025, both dates inclusive at the address of the Insured. This pack records every endorsement attached to the policy and supersedes any endorsement schedule issued previously.\n\nENDORSEMENT NO. 1 - FLOOD SUB-LIMIT AMENDMENT\nEffective from 1 June 2024. In consideration of the additional premium of GBP 42,750 the following amendments are made to the Property Damage section of the policy.\n\n1. DEFINITIONS\n\n1.1 Flood means the escape of water from the normal confines of any natural or artificial watercourse, lake, reservoir, canal or dam, or inundation from the sea, whether driven by storm or otherwise.\n\n1.2 Flood Zone means any location identified as Zone 2 or Zone 3 on the Environment Agency Flood Map for Planning current at the inception of this endorsement.\n\n2. AMENDMENT TO LIMIT\nThe sub-limit applicable to loss or damage caused by Flood is amended from GBP 2,500,000 to GBP 5,000,000 in the annual aggregate. The revised sub-limit applies to all insured locations combined and is part of, and not in addition to, the policy limit of GBP 40,000,000 any one occurrence.\n\n3. DEDUCTIBLE\nA deductible of GBP 250,000 each and every loss applies to loss or damage caused by Flood at any location within a Flood Zone. At all other locations the standard property deductible of GBP 50,000 each and every loss continues to apply.\n\nSECTION 4 - CONDITIONS APPLYING TO THIS ENDORSEMENT"
    },
    {
      "chunk_id": "4fa131d2878b9fbf::0001",
      "doc_id": "4fa131d2878b9fbf",
      "filename": "sample_endorsement_pack.pdf",
      "page": 1,
      "page_end": 2,
      "section_path": "ENDORSEMENT NO. 1 - FLOOD SUB-LIMIT AMENDMENT > 3. DEDUCTIBLE",
      "clause_label": "3. DEDUCTIBLE",
      "score": 0.0325,
      "text": "3. DEDUCTIBLE\nA deductible of GBP 250,000 each and every loss applies to loss or damage caused by Flood at any location within a Flood Zone. At all other locations the standard property deductible of GBP 50,000 each and every loss continues to apply.\n\nSECTION 4 - CONDITIONS APPLYING TO THIS ENDORSEMENT\n\n4.1 Flood Defence Maintenance\nThe Insured shall maintain all demountable flood barriers, non-return valves and sump pumps at each insured location in good and effective working order, and shall test them at intervals of not more than six months. A written record of each test shall be kept for a period of three years and produced to the Insurer on request.\n\n4.2 Exclusions\nNotwithstanding anything to the contrary in the policy, this endorsement does not cover loss, damage, cost or expense arising directly or indirectly out of:\n\n(a) subsidence, ground heave or landslip, whether or not caused or contributed to by Flood; (b) loss of or damage to growing crops, standing timber, or livestock in the open; (c) any property in the course of construction, erection or installation where the contract value exceeds GBP 1,000,000; (d) loss or damage to stock stored below ground level unless raised at least 150 millimetres above the finished floor level; (e) any fine, penalty or punitive damages levied by a regulator following a Flood event.\n\n4.2.1 Erosion of the sub-limit\nEach payment made under this endorsement, including any payment for professional fees and debris removal, erodes the annual aggregate sub-limit stated in clause 2. Once the annual aggregate sub-limit is exhausted no further payment shall be made under this endorsement for the remainder of the Period of Insurance."
    },
    {
      "chunk_id": "5ccd70c8aadf500e::0001",
      "doc_id": "5ccd70c8aadf500e",
      "filename": "form_ho0304_archive.pdf",
      "page": 1,
      "page_end": 1,
      "section_path": "FORM HO-0304 - EDITION 01-24",
      "clause_label": "FORM HO-0304 - EDITION 01-24",
      "score": 0.0315,
      "text": "This policy does not cover loss or damage arising from a second or subsequent Flood event at the same insured location where that event occurs within 45 consecutive days of an earlier Flood event at the same location, save that this exclusion does not apply to a Flood event caused solely by a named windstorm. Superseded by edition 01-24 with effect from 1 January 2024.\n\nFORM HO-0304 - EDITION 01-24\nEXCLUSION CODE E-17 - SEQUENTIAL WATER INTRUSION EVENTS (EDITION 01-24)\n\nExclusion Code E-17 (Form HO-0304, edition 01-24). This policy does not cover loss or damage arising from a second or subsequent Flood event at the same insured location where that event occurs within 55 consecutive days of an earlier Flood event at the same location, save that this exclusion does not apply to a Flood event caused solely by a named windstorm. Superseded by edition 03-24 with effect from 1 February 2025."
    },
    {
      "chunk_id": "4fa131d2878b9fbf::0006",
      "doc_id": "4fa131d2878b9fbf",
      "filename": "sample_endorsement_pack.pdf",
      "page": 3,
      "page_end": 4,
      "section_path": "ENDORSEMENT NO. 3 - BUSINESS INTERRUPTION AMENDMENTS > GENERAL CONDITIONS",
      "clause_label": "GENERAL CONDITIONS",
      "score": 0.0313,
      "text": "GENERAL CONDITIONS\n\n1. Cancellation. Either party may cancel this policy by giving 60 days written notice to the other at its last known address. Where the Insurer cancels, a pro rata return of premium shall be made provided no claim has been notified during the Period of Insurance.\n\n2. Governing law. This policy shall be governed by and construed in accordance with the law of England and Wales, and the parties submit to the exclusive jurisdiction of the courts of England and Wales.\n\n3. Premium payment. The premium is due within 45 days of inception. Failure to pay within that period entitles the Insurer to cancel in accordance with General Condition 1 above.\n\nENDORSEMENT NO. 4 - SEQUENTIAL WATER INTRUSION EXCLUSION\nEffective from 1 February 2025. This endorsement is issued under reference END-2024-0417 and adopts the exclusion wording of Form HO-0304 edition 03-24, reproduced at clause 4.3 below, which supersedes and replaces any earlier edition of Form HO-0304 referenced in the Insured's document file.\n\n4.3 Exclusion Code E-17 - Sequential Water Intrusion Events\nExclusion Code E-17 (Form HO-0304, edition 03-24). This policy does not cover loss or damage arising from a second or subsequent Flood event at the same insured location where that event occurs within 60 consecutive days of an earlier Flood event at the same location, regardless of whether a claim was made for the earlier event. This exclusion applies in addition to, and does not narrow, the deductible and sub-limit provisions of clauses 2 and 3 above.\n\n4.4 Interaction with the Flood Defence Condition\nExclusion Code E-17 does not apply where the Insured can demonstrate that the flood barriers, non-return valves and sump pumps required by clause 4.1 were tested and in good working order in the 60 days immediately preceding the second or subsequent Flood event."
    },
    {
      "chunk_id": "5ccd70c8aadf500e::0000",
      "doc_id": "5ccd70c8aadf500e",
      "filename": "form_ho0304_archive.pdf",
      "page": 1,
      "page_end": 1,
      "section_path": "FORM LIBRARY - ARCHIVED WORDING ON FILE",
      "clause_label": "FORM LIBRARY - ARCHIVED WORDING ON FILE",
      "score": 0.0308,
      "text": "FORM LIBRARY - ARCHIVED WORDING ON FILE\nThis file retains prior editions of Form HO-0304 for audit and reference purposes against policy GML-2024-88213. The edition currently endorsed to the policy is 03-24 (see the waterdamage endorsement in the main endorsement pack for its reference number). Earlier editions below are retained for reference only and do not apply to a loss occurring after the date their text says they were superseded.\n\nFORM HO-0304 - EDITION 01-22\nEXCLUSION CODE E-17 - SEQUENTIAL WATER INTRUSION EVENTS (EDITION 01-22)\n\nExclusion Code E-17 (Form HO-0304, edition 01-22). This policy does not cover loss or damage arising from a second or subsequent Flood event at the same insured location where that event occurs within 30 consecutive days of an earlier Flood event at the same location. Superseded by edition 06-22 with effect from 1 June 2022.\n\nFORM HO-0304 - EDITION 06-22\nEXCLUSION CODE E-17 - SEQUENTIAL WATER INTRUSION EVENTS (EDITION 06-22)\n\nExclusion Code E-17 (Form HO-0304, edition 06-22). This policy does not cover loss or damage arising from a second or subsequent Flood event at the same insured location where that event occurs within 35 consecutive days of an earlier Flood event at the same location. Superseded by edition 09-23 with effect from 1 September 2023.\n\nFORM HO-0304 - EDITION 09-23\nEXCLUSION CODE E-17 - SEQUENTIAL WATER INTRUSION EVENTS (EDITION 09-23)\n\nExclusion Code E-17 (Form HO-0304, edition 09-23). This policy does not cover loss or damage arising from a second or subsequent Flood event at the same insured location where that event occurs within 45 consecutive days of an earlier Flood event at the same location, save that this exclusion does not apply to a Flood event caused solely by a named windstorm. Superseded by edition 01-24 with effect from 1 January 2024."
    }
  ],
  "model": "stub:reading-comprehension-v1",
  "params": {
    "effort": "medium",
    "max_tokens": 16000
  },
  "output": {
    "claim_number": "[CLAIM NUMBER REDACTED]",
    "date_of_loss": "26 April 2026",
    "coverage_decision": "denied",
    "cited_exclusion_id": "4.1",
    "excess_amount": 250000.0,
    "summary": "Notes describe circumstances matching an excluded scenario: 4.2 Exclusions\nNotwithstanding anything to the contrary in the policy, this endorsement does not cover loss, damage, cost or expense arising directly or indirectly out of:\n\n(a) subsidence, ground heave or landslip, whether or not caused or contributed to by Flood;",
    "citations": [
      "4fa131d2878b9fbf::0001"
    ]
  },
  "output_notes": []
}
---
{
  "trace_id": "trc_00054",
  "created_at": "2026-08-30T21:31:44.535420+00:00",
  "feature": "claim_summary",
  "prompt_version": "claim-summary-v1",
  "input_redacted": "Claim [CLAIM NUMBER REDACTED]. Second flood event at the same insured location on 02 May 2026, 30 days after an earlier flood event on 02 April 2026 at the same location. Estimated damage GBP 134,176. Insured's flood-defence test log shows the sump pumps and non-return valves were tested and working 20 days before this second event. Form on file is HO-0304 edition 03-24.",
  "redacted_fields": [
    "claim_number:CLM-2026-68177"
  ],
  "retrieval_mode": "hybrid_bm25_rrf",
  "retrieved": [
    {
      "chunk_id": "5ccd70c8aadf500e::0001",
      "doc_id": "5ccd70c8aadf500e",
      "filename": "form_ho0304_archive.pdf",
      "page": 1,
      "page_end": 1,
      "section_path": "FORM HO-0304 - EDITION 01-24",
      "clause_label": "FORM HO-0304 - EDITION 01-24",
      "score": 0.032,
      "text": "This policy does not cover loss or damage arising from a second or subsequent Flood event at the same insured location where that event occurs within 45 consecutive days of an earlier Flood event at the same location, save that this exclusion does not apply to a Flood event caused solely by a named windstorm. Superseded by edition 01-24 with effect from 1 January 2024.\n\nFORM HO-0304 - EDITION 01-24\nEXCLUSION CODE E-17 - SEQUENTIAL WATER INTRUSION EVENTS (EDITION 01-24)\n\nExclusion Code E-17 (Form HO-0304, edition 01-24). This policy does not cover loss or damage arising from a second or subsequent Flood event at the same insured location where that event occurs within 55 consecutive days of an earlier Flood event at the same location, save that this exclusion does not apply to a Flood event caused solely by a named windstorm. Superseded by edition 03-24 with effect from 1 February 2025."
    },
    {
      "chunk_id": "4fa131d2878b9fbf::0001",
      "doc_id": "4fa131d2878b9fbf",
      "filename": "sample_endorsement_pack.pdf",
      "page": 1,
      "page_end": 2,
      "section_path": "ENDORSEMENT NO. 1 - FLOOD SUB-LIMIT AMENDMENT > 3. DEDUCTIBLE",
      "clause_label": "3. DEDUCTIBLE",
      "score": 0.032,
      "text": "3. DEDUCTIBLE\nA deductible of GBP 250,000 each and every loss applies to loss or damage caused by Flood at any location within a Flood Zone. At all other locations the standard property deductible of GBP 50,000 each and every loss continues to apply.\n\nSECTION 4 - CONDITIONS APPLYING TO THIS ENDORSEMENT\n\n4.1 Flood Defence Maintenance\nThe Insured shall maintain all demountable flood barriers, non-return valves and sump pumps at each insured location in good and effective working order, and shall test them at intervals of not more than six months. A written record of each test shall be kept for a period of three years and produced to the Insurer on request.\n\n4.2 Exclusions\nNotwithstanding anything to the contrary in the policy, this endorsement does not cover loss, damage, cost or expense arising directly or indirectly out of:\n\n(a) subsidence, ground heave or landslip, whether or not caused or contributed to by Flood; (b) loss of or damage to growing crops, standing timber, or livestock in the open; (c) any property in the course of construction, erection or installation where the contract value exceeds GBP 1,000,000; (d) loss or damage to stock stored below ground level unless raised at least 150 millimetres above the finished floor level; (e) any fine, penalty or punitive damages levied by a regulator following a Flood event.\n\n4.2.1 Erosion of the sub-limit\nEach payment made under this endorsement, including any payment for professional fees and debris removal, erodes the annual aggregate sub-limit stated in clause 2. Once the annual aggregate sub-limit is exhausted no further payment shall be made under this endorsement for the remainder of the Period of Insurance."
    },
    {
      "chunk_id": "4fa131d2878b9fbf::0006",
      "doc_id": "4fa131d2878b9fbf",
      "filename": "sample_endorsement_pack.pdf",
      "page": 3,
      "page_end": 4,
      "section_path": "ENDORSEMENT NO. 3 - BUSINESS INTERRUPTION AMENDMENTS > GENERAL CONDITIONS",
      "clause_label": "GENERAL CONDITIONS",
      "score": 0.0318,
      "text": "GENERAL CONDITIONS\n\n1. Cancellation. Either party may cancel this policy by giving 60 days written notice to the other at its last known address. Where the Insurer cancels, a pro rata return of premium shall be made provided no claim has been notified during the Period of Insurance.\n\n2. Governing law. This policy shall be governed by and construed in accordance with the law of England and Wales, and the parties submit to the exclusive jurisdiction of the courts of England and Wales.\n\n3. Premium payment. The premium is due within 45 days of inception. Failure to pay within that period entitles the Insurer to cancel in accordance with General Condition 1 above.\n\nENDORSEMENT NO. 4 - SEQUENTIAL WATER INTRUSION EXCLUSION\nEffective from 1 February 2025. This endorsement is issued under reference END-2024-0417 and adopts the exclusion wording of Form HO-0304 edition 03-24, reproduced at clause 4.3 below, which supersedes and replaces any earlier edition of Form HO-0304 referenced in the Insured's document file.\n\n4.3 Exclusion Code E-17 - Sequential Water Intrusion Events\nExclusion Code E-17 (Form HO-0304, edition 03-24). This policy does not cover loss or damage arising from a second or subsequent Flood event at the same insured location where that event occurs within 60 consecutive days of an earlier Flood event at the same location, regardless of whether a claim was made for the earlier event. This exclusion applies in addition to, and does not narrow, the deductible and sub-limit provisions of clauses 2 and 3 above.\n\n4.4 Interaction with the Flood Defence Condition\nExclusion Code E-17 does not apply where the Insured can demonstrate that the flood barriers, non-return valves and sump pumps required by clause 4.1 were tested and in good working order in the 60 days immediately preceding the second or subsequent Flood event."
    },
    {
      "chunk_id": "5ccd70c8aadf500e::0000",
      "doc_id": "5ccd70c8aadf500e",
      "filename": "form_ho0304_archive.pdf",
      "page": 1,
      "page_end": 1,
      "section_path": "FORM LIBRARY - ARCHIVED WORDING ON FILE",
      "clause_label": "FORM LIBRARY - ARCHIVED WORDING ON FILE",
      "score": 0.0318,
      "text": "FORM LIBRARY - ARCHIVED WORDING ON FILE\nThis file retains prior editions of Form HO-0304 for audit and reference purposes against policy GML-2024-88213. The edition currently endorsed to the policy is 03-24 (see the waterdamage endorsement in the main endorsement pack for its reference number). Earlier editions below are retained for reference only and do not apply to a loss occurring after the date their text says they were superseded.\n\nFORM HO-0304 - EDITION 01-22\nEXCLUSION CODE E-17 - SEQUENTIAL WATER INTRUSION EVENTS (EDITION 01-22)\n\nExclusion Code E-17 (Form HO-0304, edition 01-22). This policy does not cover loss or damage arising from a second or subsequent Flood event at the same insured location where that event occurs within 30 consecutive days of an earlier Flood event at the same location. Superseded by edition 06-22 with effect from 1 June 2022.\n\nFORM HO-0304 - EDITION 06-22\nEXCLUSION CODE E-17 - SEQUENTIAL WATER INTRUSION EVENTS (EDITION 06-22)\n\nExclusion Code E-17 (Form HO-0304, edition 06-22). This policy does not cover loss or damage arising from a second or subsequent Flood event at the same insured location where that event occurs within 35 consecutive days of an earlier Flood event at the same location. Superseded by edition 09-23 with effect from 1 September 2023.\n\nFORM HO-0304 - EDITION 09-23\nEXCLUSION CODE E-17 - SEQUENTIAL WATER INTRUSION EVENTS (EDITION 09-23)\n\nExclusion Code E-17 (Form HO-0304, edition 09-23). This policy does not cover loss or damage arising from a second or subsequent Flood event at the same insured location where that event occurs within 45 consecutive days of an earlier Flood event at the same location, save that this exclusion does not apply to a Flood event caused solely by a named windstorm. Superseded by edition 01-24 with effect from 1 January 2024."
    },
    {
      "chunk_id": "4fa131d2878b9fbf::0000",
      "doc_id": "4fa131d2878b9fbf",
      "filename": "sample_endorsement_pack.pdf",
      "page": 1,
      "page_end": 1,
      "section_path": "GLOBAL MANUFACTURING LTD",
      "clause_label": "GLOBAL MANUFACTURING LTD",
      "score": 0.0313,
      "text": "GLOBAL MANUFACTURING LTD\n\nCOMMERCIAL PROPERTY AND LIABILITY ENDORSEMENT PACK\nPolicy Number GML-2024-88213. Period of Insurance: 1 April 2024 to 31 March 2025, both dates inclusive at the address of the Insured. This pack records every endorsement attached to the policy and supersedes any endorsement schedule issued previously.\n\nENDORSEMENT NO. 1 - FLOOD SUB-LIMIT AMENDMENT\nEffective from 1 June 2024. In consideration of the additional premium of GBP 42,750 the following amendments are made to the Property Damage section of the policy.\n\n1. DEFINITIONS\n\n1.1 Flood means the escape of water from the normal confines of any natural or artificial watercourse, lake, reservoir, canal or dam, or inundation from the sea, whether driven by storm or otherwise.\n\n1.2 Flood Zone means any location identified as Zone 2 or Zone 3 on the Environment Agency Flood Map for Planning current at the inception of this endorsement.\n\n2. AMENDMENT TO LIMIT\nThe sub-limit applicable to loss or damage caused by Flood is amended from GBP 2,500,000 to GBP 5,000,000 in the annual aggregate. The revised sub-limit applies to all insured locations combined and is part of, and not in addition to, the policy limit of GBP 40,000,000 any one occurrence.\n\n3. DEDUCTIBLE\nA deductible of GBP 250,000 each and every loss applies to loss or damage caused by Flood at any location within a Flood Zone. At all other locations the standard property deductible of GBP 50,000 each and every loss continues to apply.\n\nSECTION 4 - CONDITIONS APPLYING TO THIS ENDORSEMENT"
    }
  ],
  "model": "stub:reading-comprehension-v1",
  "params": {
    "effort": "medium",
    "max_tokens": 16000
  },
  "output": {
    "claim_number": "[CLAIM NUMBER REDACTED]",
    "date_of_loss": "02 May 2026",
    "coverage_decision": "denied",
    "cited_exclusion_id": "4.3",
    "excess_amount": null,
    "summary": "Notes describe circumstances matching an excluded scenario: 4.4 Interaction with the Flood Defence Condition\nExclusion Code E-17 does not apply where the Insured can demonstrate that the flood barriers, non-return valves and sump pumps required by clause 4.1 were tested and in good working order in the 60 days immediately preceding the second or subsequent Flood event.",
    "citations": [
      "4fa131d2878b9fbf::0006"
    ]
  },
  "output_notes": []
}
---
{
  "trace_id": "trc_00055",
  "created_at": "2026-08-30T21:31:44.546255+00:00",
  "feature": "claim_summary",
  "prompt_version": "claim-summary-v1",
  "input_redacted": "Claim [CLAIM NUMBER REDACTED]. Production interruption beginning 15 March 2026, fully resolved within 69 hours. Insured has submitted a business interruption claim for lost revenue during the outage.",
  "redacted_fields": [
    "claim_number:CLM-2026-91425"
  ],
  "retrieval_mode": "hybrid_bm25_rrf",
  "retrieved": [
    {
      "chunk_id": "4fa131d2878b9fbf::0005",
      "doc_id": "4fa131d2878b9fbf",
      "filename": "sample_endorsement_pack.pdf",
      "page": 3,
      "page_end": 3,
      "section_path": "ENDORSEMENT NO. 2 - CYBER AND DATA EXCLUSION > SECTION 2 - EXCLUSION WORDING > 2.",
      "clause_label": "2.",
      "score": 0.0328,
      "text": "(h) the deliberate act of any employee, contractor or agent of the Insured taken with intent to cause a Cyber Incident, whether or not that person was acting within the scope of their employment or engagement, and whether or not the Insured had performed pre-engagement screening on that person.\n\nSECTION 3 - WRITE-BACK FOR PHYSICAL DAMAGE\n\n3. Subject to all other terms of the policy, this exclusion shall not apply to physical loss of or physical damage to insured property arising from fire or explosion which itself results from a Cyber Incident, provided that the fire or explosion is not the result of a Cyber Act committed with intent to cause physical damage.\n\nENDORSEMENT NO. 3 - BUSINESS INTERRUPTION AMENDMENTS\nEffective from 1 October 2024. The Business Interruption section is amended as set out below. All other terms, conditions and exclusions remain unaltered.\n\n1. WAITING PERIOD\nA waiting period of 72 consecutive hours applies to each and every claim under the Business Interruption section. No indemnity is payable in respect of any interruption that is remedied within the waiting period.\n\n2. INDEMNITY PERIOD\nThe maximum indemnity period is extended from 12 months to 18 months from the date on which the interruption begins.\n\n3. NOTIFICATION OF CLAIM\n3. The Insured shall give written notice to the Insurer of any event likely to give rise to a claim under this section within 30 days of that event becoming known to a director or to the risk manager of the Insured. Notice given to the broker alone does not constitute notice to the Insurer.\n\nGENERAL CONDITIONS\n\n1. Cancellation. Either party may cancel this policy by giving 60 days written notice to the other at its last known address. Where the Insurer cancels, a pro rata return of premium shall be made provided no claim has been notified during the Period of Insurance."
    },
    {
      "chunk_id": "4fa131d2878b9fbf::0006",
      "doc_id": "4fa131d2878b9fbf",
      "filename": "sample_endorsement_pack.pdf",
      "page": 3,
      "page_end": 4,
      "section_path": "ENDORSEMENT NO. 3 - BUSINESS INTERRUPTION AMENDMENTS > GENERAL CONDITIONS",
      "clause_label": "GENERAL CONDITIONS",
      "score": 0.032,
      "text": "GENERAL CONDITIONS\n\n1. Cancellation. Either party may cancel this policy by giving 60 days written notice to the other at its last known address. Where the Insurer cancels, a pro rata return of premium shall be made provided no claim has been notified during the Period of Insurance.\n\n2. Governing law. This policy shall be governed by and construed in accordance with the law of England and Wales, and the parties submit to the exclusive jurisdiction of the courts of England and Wales.\n\n3. Premium payment. The premium is due within 45 days of inception. Failure to pay within that period entitles the Insurer to cancel in accordance with General Condition 1 above.\n\nENDORSEMENT NO. 4 - SEQUENTIAL WATER INTRUSION EXCLUSION\nEffective from 1 February 2025. This endorsement is issued under reference END-2024-0417 and adopts the exclusion wording of Form HO-0304 edition 03-24, reproduced at clause 4.3 below, which supersedes and replaces any earlier edition of Form HO-0304 referenced in the Insured's document file.\n\n4.3 Exclusion Code E-17 - Sequential Water Intrusion Events\nExclusion Code E-17 (Form HO-0304, edition 03-24). This policy does not cover loss or damage arising from a second or subsequent Flood event at the same insured location where that event occurs within 60 consecutive days of an earlier Flood event at the same location, regardless of whether a claim was made for the earlier event. This exclusion applies in addition to, and does not narrow, the deductible and sub-limit provisions of clauses 2 and 3 above.\n\n4.4 Interaction with the Flood Defence Condition\nExclusion Code E-17 does not apply where the Insured can demonstrate that the flood barriers, non-return valves and sump pumps required by clause 4.1 were tested and in good working order in the 60 days immediately preceding the second or subsequent Flood event."
    },
    {
      "chunk_id": "4fa131d2878b9fbf::0003",
      "doc_id": "4fa131d2878b9fbf",
      "filename": "sample_endorsement_pack.pdf",
      "page": 2,
      "page_end": 2,
      "section_path": "ENDORSEMENT NO. 2 - CYBER AND DATA EXCLUSION > SECTION 2 - EXCLUSION WORDING > 2.",
      "clause_label": "2.",
      "score": 0.0313,
      "text": "to any action taken in controlling, preventing, suppressing or remediating any Cyber Act or Cyber Incident, and including the cost of any forensic investigation commissioned by the Insured or by any regulator, and including any sum paid or payable to a third party by way of settlement, judgment, award or contractual indemnity in respect of such an act or incident, whether or not the Insured admitted liability;\n(b) any loss of use, reduction in functionality, repair, replacement, restoration or reproduction of any Data, including any amount pertaining to the value of such Data, and including the cost of re-keying, re-entering or otherwise reconstituting Data from source documents where those documents themselves remain undamaged, and including any loss of profit consequent upon such loss of use;\n(c) the failure, malfunction, degradation, unavailability or interruption of any Computer System, whether owned or operated by the Insured or by any third party service provider, cloud host, managed service provider or telecommunications carrier upon which the Insured relies, and whether or not the Insured had a contractual right of recourse against that party;\n(d) the receipt, transmission, distribution or storage of any Malicious Code, whether or not that Malicious Code was introduced deliberately, negligently or inadvertently, and whether or not the Insured had in place anti-malware controls conforming to any recognised standard including ISO 27001 or the National Institute of Standards and Technology Cybersecurity Framework;"
    },
    {
      "chunk_id": "4fa131d2878b9fbf::0000",
      "doc_id": "4fa131d2878b9fbf",
      "filename": "sample_endorsement_pack.pdf",
      "page": 1,
      "page_end": 1,
      "section_path": "GLOBAL MANUFACTURING LTD",
      "clause_label": "GLOBAL MANUFACTURING LTD",
      "score": 0.0312,
      "text": "GLOBAL MANUFACTURING LTD\n\nCOMMERCIAL PROPERTY AND LIABILITY ENDORSEMENT PACK\nPolicy Number GML-2024-88213. Period of Insurance: 1 April 2024 to 31 March 2025, both dates inclusive at the address of the Insured. This pack records every endorsement attached to the policy and supersedes any endorsement schedule issued previously.\n\nENDORSEMENT NO. 1 - FLOOD SUB-LIMIT AMENDMENT\nEffective from 1 June 2024. In consideration of the additional premium of GBP 42,750 the following amendments are made to the Property Damage section of the policy.\n\n1. DEFINITIONS\n\n1.1 Flood means the escape of water from the normal confines of any natural or artificial watercourse, lake, reservoir, canal or dam, or inundation from the sea, whether driven by storm or otherwise.\n\n1.2 Flood Zone means any location identified as Zone 2 or Zone 3 on the Environment Agency Flood Map for Planning current at the inception of this endorsement.\n\n2. AMENDMENT TO LIMIT\nThe sub-limit applicable to loss or damage caused by Flood is amended from GBP 2,500,000 to GBP 5,000,000 in the annual aggregate. The revised sub-limit applies to all insured locations combined and is part of, and not in addition to, the policy limit of GBP 40,000,000 any one occurrence.\n\n3. DEDUCTIBLE\nA deductible of GBP 250,000 each and every loss applies to loss or damage caused by Flood at any location within a Flood Zone. At all other locations the standard property deductible of GBP 50,000 each and every loss continues to apply.\n\nSECTION 4 - CONDITIONS APPLYING TO THIS ENDORSEMENT"
    },
    {
      "chunk_id": "5ccd70c8aadf500e::0001",
      "doc_id": "5ccd70c8aadf500e",
      "filename": "form_ho0304_archive.pdf",
      "page": 1,
      "page_end": 1,
      "section_path": "FORM HO-0304 - EDITION 01-24",
      "clause_label": "FORM HO-0304 - EDITION 01-24",
      "score": 0.0308,
      "text": "This policy does not cover loss or damage arising from a second or subsequent Flood event at the same insured location where that event occurs within 45 consecutive days of an earlier Flood event at the same location, save that this exclusion does not apply to a Flood event caused solely by a named windstorm. Superseded by edition 01-24 with effect from 1 January 2024.\n\nFORM HO-0304 - EDITION 01-24\nEXCLUSION CODE E-17 - SEQUENTIAL WATER INTRUSION EVENTS (EDITION 01-24)\n\nExclusion Code E-17 (Form HO-0304, edition 01-24). This policy does not cover loss or damage arising from a second or subsequent Flood event at the same insured location where that event occurs within 55 consecutive days of an earlier Flood event at the same location, save that this exclusion does not apply to a Flood event caused solely by a named windstorm. Superseded by edition 03-24 with effect from 1 February 2025."
    }
  ],
  "model": "stub:reading-comprehension-v1",
  "params": {
    "effort": "medium",
    "max_tokens": 16000
  },
  "output": {
    "claim_number": "[CLAIM NUMBER REDACTED]",
    "date_of_loss": "15 March 2026",
    "coverage_decision": "denied",
    "cited_exclusion_id": "h",
    "excess_amount": null,
    "summary": "Notes describe circumstances matching an excluded scenario: WAITING PERIOD\nA waiting period of 72 consecutive hours applies to each and every claim under the Business Interruption section.",
    "citations": [
      "4fa131d2878b9fbf::0005"
    ]
  },
  "output_notes": []
}
---
{
  "trace_id": "trc_00056",
  "created_at": "2026-08-30T21:31:44.558092+00:00",
  "feature": "claim_summary",
  "prompt_version": "claim-summary-v1",
  "input_redacted": "Claim [CLAIM NUMBER REDACTED]. Second flood event at the same insured location on 14 May 2026, 24 days after an earlier flood event on 20 April 2026 at the same location. Estimated damage GBP 112,388. Form on file for this policy is HO-0304 edition 03-24.",
  "redacted_fields": [
    "claim_number:CLM-2026-17004"
  ],
  "retrieval_mode": "hybrid_bm25_rrf",
  "retrieved": [
    {
      "chunk_id": "5ccd70c8aadf500e::0001",
      "doc_id": "5ccd70c8aadf500e",
      "filename": "form_ho0304_archive.pdf",
      "page": 1,
      "page_end": 1,
      "section_path": "FORM HO-0304 - EDITION 01-24",
      "clause_label": "FORM HO-0304 - EDITION 01-24",
      "score": 0.0323,
      "text": "This policy does not cover loss or damage arising from a second or subsequent Flood event at the same insured location where that event occurs within 45 consecutive days of an earlier Flood event at the same location, save that this exclusion does not apply to a Flood event caused solely by a named windstorm. Superseded by edition 01-24 with effect from 1 January 2024.\n\nFORM HO-0304 - EDITION 01-24\nEXCLUSION CODE E-17 - SEQUENTIAL WATER INTRUSION EVENTS (EDITION 01-24)\n\nExclusion Code E-17 (Form HO-0304, edition 01-24). This policy does not cover loss or damage arising from a second or subsequent Flood event at the same insured location where that event occurs within 55 consecutive days of an earlier Flood event at the same location, save that this exclusion does not apply to a Flood event caused solely by a named windstorm. Superseded by edition 03-24 with effect from 1 February 2025."
    },
    {
      "chunk_id": "5ccd70c8aadf500e::0000",
      "doc_id": "5ccd70c8aadf500e",
      "filename": "form_ho0304_archive.pdf",
      "page": 1,
      "page_end": 1,
      "section_path": "FORM LIBRARY - ARCHIVED WORDING ON FILE",
      "clause_label": "FORM LIBRARY - ARCHIVED WORDING ON FILE",
      "score": 0.032,
      "text": "FORM LIBRARY - ARCHIVED WORDING ON FILE\nThis file retains prior editions of Form HO-0304 for audit and reference purposes against policy GML-2024-88213. The edition currently endorsed to the policy is 03-24 (see the waterdamage endorsement in the main endorsement pack for its reference number). Earlier editions below are retained for reference only and do not apply to a loss occurring after the date their text says they were superseded.\n\nFORM HO-0304 - EDITION 01-22\nEXCLUSION CODE E-17 - SEQUENTIAL WATER INTRUSION EVENTS (EDITION 01-22)\n\nExclusion Code E-17 (Form HO-0304, edition 01-22). This policy does not cover loss or damage arising from a second or subsequent Flood event at the same insured location where that event occurs within 30 consecutive days of an earlier Flood event at the same location. Superseded by edition 06-22 with effect from 1 June 2022.\n\nFORM HO-0304 - EDITION 06-22\nEXCLUSION CODE E-17 - SEQUENTIAL WATER INTRUSION EVENTS (EDITION 06-22)\n\nExclusion Code E-17 (Form HO-0304, edition 06-22). This policy does not cover loss or damage arising from a second or subsequent Flood event at the same insured location where that event occurs within 35 consecutive days of an earlier Flood event at the same location. Superseded by edition 09-23 with effect from 1 September 2023.\n\nFORM HO-0304 - EDITION 09-23\nEXCLUSION CODE E-17 - SEQUENTIAL WATER INTRUSION EVENTS (EDITION 09-23)\n\nExclusion Code E-17 (Form HO-0304, edition 09-23). This policy does not cover loss or damage arising from a second or subsequent Flood event at the same insured location where that event occurs within 45 consecutive days of an earlier Flood event at the same location, save that this exclusion does not apply to a Flood event caused solely by a named windstorm. Superseded by edition 01-24 with effect from 1 January 2024."
    },
    {
      "chunk_id": "4fa131d2878b9fbf::0000",
      "doc_id": "4fa131d2878b9fbf",
      "filename": "sample_endorsement_pack.pdf",
      "page": 1,
      "page_end": 1,
      "section_path": "GLOBAL MANUFACTURING LTD",
      "clause_label": "GLOBAL MANUFACTURING LTD",
      "score": 0.0318,
      "text": "GLOBAL MANUFACTURING LTD\n\nCOMMERCIAL PROPERTY AND LIABILITY ENDORSEMENT PACK\nPolicy Number GML-2024-88213. Period of Insurance: 1 April 2024 to 31 March 2025, both dates inclusive at the address of the Insured. This pack records every endorsement attached to the policy and supersedes any endorsement schedule issued previously.\n\nENDORSEMENT NO. 1 - FLOOD SUB-LIMIT AMENDMENT\nEffective from 1 June 2024. In consideration of the additional premium of GBP 42,750 the following amendments are made to the Property Damage section of the policy.\n\n1. DEFINITIONS\n\n1.1 Flood means the escape of water from the normal confines of any natural or artificial watercourse, lake, reservoir, canal or dam, or inundation from the sea, whether driven by storm or otherwise.\n\n1.2 Flood Zone means any location identified as Zone 2 or Zone 3 on the Environment Agency Flood Map for Planning current at the inception of this endorsement.\n\n2. AMENDMENT TO LIMIT\nThe sub-limit applicable to loss or damage caused by Flood is amended from GBP 2,500,000 to GBP 5,000,000 in the annual aggregate. The revised sub-limit applies to all insured locations combined and is part of, and not in addition to, the policy limit of GBP 40,000,000 any one occurrence.\n\n3. DEDUCTIBLE\nA deductible of GBP 250,000 each and every loss applies to loss or damage caused by Flood at any location within a Flood Zone. At all other locations the standard property deductible of GBP 50,000 each and every loss continues to apply.\n\nSECTION 4 - CONDITIONS APPLYING TO THIS ENDORSEMENT"
    },
    {
      "chunk_id": "4fa131d2878b9fbf::0006",
      "doc_id": "4fa131d2878b9fbf",
      "filename": "sample_endorsement_pack.pdf",
      "page": 3,
      "page_end": 4,
      "section_path": "ENDORSEMENT NO. 3 - BUSINESS INTERRUPTION AMENDMENTS > GENERAL CONDITIONS",
      "clause_label": "GENERAL CONDITIONS",
      "score": 0.0315,
      "text": "GENERAL CONDITIONS\n\n1. Cancellation. Either party may cancel this policy by giving 60 days written notice to the other at its last known address. Where the Insurer cancels, a pro rata return of premium shall be made provided no claim has been notified during the Period of Insurance.\n\n2. Governing law. This policy shall be governed by and construed in accordance with the law of England and Wales, and the parties submit to the exclusive jurisdiction of the courts of England and Wales.\n\n3. Premium payment. The premium is due within 45 days of inception. Failure to pay within that period entitles the Insurer to cancel in accordance with General Condition 1 above.\n\nENDORSEMENT NO. 4 - SEQUENTIAL WATER INTRUSION EXCLUSION\nEffective from 1 February 2025. This endorsement is issued under reference END-2024-0417 and adopts the exclusion wording of Form HO-0304 edition 03-24, reproduced at clause 4.3 below, which supersedes and replaces any earlier edition of Form HO-0304 referenced in the Insured's document file.\n\n4.3 Exclusion Code E-17 - Sequential Water Intrusion Events\nExclusion Code E-17 (Form HO-0304, edition 03-24). This policy does not cover loss or damage arising from a second or subsequent Flood event at the same insured location where that event occurs within 60 consecutive days of an earlier Flood event at the same location, regardless of whether a claim was made for the earlier event. This exclusion applies in addition to, and does not narrow, the deductible and sub-limit provisions of clauses 2 and 3 above.\n\n4.4 Interaction with the Flood Defence Condition\nExclusion Code E-17 does not apply where the Insured can demonstrate that the flood barriers, non-return valves and sump pumps required by clause 4.1 were tested and in good working order in the 60 days immediately preceding the second or subsequent Flood event."
    },
    {
      "chunk_id": "4fa131d2878b9fbf::0001",
      "doc_id": "4fa131d2878b9fbf",
      "filename": "sample_endorsement_pack.pdf",
      "page": 1,
      "page_end": 2,
      "section_path": "ENDORSEMENT NO. 1 - FLOOD SUB-LIMIT AMENDMENT > 3. DEDUCTIBLE",
      "clause_label": "3. DEDUCTIBLE",
      "score": 0.0313,
      "text": "3. DEDUCTIBLE\nA deductible of GBP 250,000 each and every loss applies to loss or damage caused by Flood at any location within a Flood Zone. At all other locations the standard property deductible of GBP 50,000 each and every loss continues to apply.\n\nSECTION 4 - CONDITIONS APPLYING TO THIS ENDORSEMENT\n\n4.1 Flood Defence Maintenance\nThe Insured shall maintain all demountable flood barriers, non-return valves and sump pumps at each insured location in good and effective working order, and shall test them at intervals of not more than six months. A written record of each test shall be kept for a period of three years and produced to the Insurer on request.\n\n4.2 Exclusions\nNotwithstanding anything to the contrary in the policy, this endorsement does not cover loss, damage, cost or expense arising directly or indirectly out of:\n\n(a) subsidence, ground heave or landslip, whether or not caused or contributed to by Flood; (b) loss of or damage to growing crops, standing timber, or livestock in the open; (c) any property in the course of construction, erection or installation where the contract value exceeds GBP 1,000,000; (d) loss or damage to stock stored below ground level unless raised at least 150 millimetres above the finished floor level; (e) any fine, penalty or punitive damages levied by a regulator following a Flood event.\n\n4.2.1 Erosion of the sub-limit\nEach payment made under this endorsement, including any payment for professional fees and debris removal, erodes the annual aggregate sub-limit stated in clause 2. Once the annual aggregate sub-limit is exhausted no further payment shall be made under this endorsement for the remainder of the Period of Insurance."
    }
  ],
  "model": "stub:reading-comprehension-v1",
  "params": {
    "effort": "medium",
    "max_tokens": 16000
  },
  "output": {
    "claim_number": "[CLAIM NUMBER REDACTED]",
    "date_of_loss": "14 May 2026",
    "coverage_decision": "denied",
    "cited_exclusion_id": null,
    "excess_amount": null,
    "summary": "Notes describe circumstances matching an excluded scenario: This policy does not cover loss or damage arising from a second or subsequent Flood event at the same insured location where that event occurs within 30 consecutive days of an earlier Flood event at the same location.",
    "citations": [
      "5ccd70c8aadf500e::0000"
    ]
  },
  "output_notes": []
}
---
{
  "trace_id": "trc_00057",
  "created_at": "2026-08-30T21:31:44.569403+00:00",
  "feature": "claim_summary",
  "prompt_version": "claim-summary-v1",
  "input_redacted": "Claim [CLAIM NUMBER REDACTED]. Water ingress at the insured's premises on 27 April 2026 after a burst water main nearby; the site is NOT within the mapped flood zone. Estimated damage GBP 244,873. Insured asks which deductible applies.",
  "redacted_fields": [
    "claim_number:CLM-2026-80145"
  ],
  "retrieval_mode": "hybrid_bm25_rrf",
  "retrieved": [
    {
      "chunk_id": "4fa131d2878b9fbf::0001",
      "doc_id": "4fa131d2878b9fbf",
      "filename": "sample_endorsement_pack.pdf",
      "page": 1,
      "page_end": 2,
      "section_path": "ENDORSEMENT NO. 1 - FLOOD SUB-LIMIT AMENDMENT > 3. DEDUCTIBLE",
      "clause_label": "3. DEDUCTIBLE",
      "score": 0.0325,
      "text": "3. DEDUCTIBLE\nA deductible of GBP 250,000 each and every loss applies to loss or damage caused by Flood at any location within a Flood Zone. At all other locations the standard property deductible of GBP 50,000 each and every loss continues to apply.\n\nSECTION 4 - CONDITIONS APPLYING TO THIS ENDORSEMENT\n\n4.1 Flood Defence Maintenance\nThe Insured shall maintain all demountable flood barriers, non-return valves and sump pumps at each insured location in good and effective working order, and shall test them at intervals of not more than six months. A written record of each test shall be kept for a period of three years and produced to the Insurer on request.\n\n4.2 Exclusions\nNotwithstanding anything to the contrary in the policy, this endorsement does not cover loss, damage, cost or expense arising directly or indirectly out of:\n\n(a) subsidence, ground heave or landslip, whether or not caused or contributed to by Flood; (b) loss of or damage to growing crops, standing timber, or livestock in the open; (c) any property in the course of construction, erection or installation where the contract value exceeds GBP 1,000,000; (d) loss or damage to stock stored below ground level unless raised at least 150 millimetres above the finished floor level; (e) any fine, penalty or punitive damages levied by a regulator following a Flood event.\n\n4.2.1 Erosion of the sub-limit\nEach payment made under this endorsement, including any payment for professional fees and debris removal, erodes the annual aggregate sub-limit stated in clause 2. Once the annual aggregate sub-limit is exhausted no further payment shall be made under this endorsement for the remainder of the Period of Insurance."
    },
    {
      "chunk_id": "4fa131d2878b9fbf::0000",
      "doc_id": "4fa131d2878b9fbf",
      "filename": "sample_endorsement_pack.pdf",
      "page": 1,
      "page_end": 1,
      "section_path": "GLOBAL MANUFACTURING LTD",
      "clause_label": "GLOBAL MANUFACTURING LTD",
      "score": 0.0325,
      "text": "GLOBAL MANUFACTURING LTD\n\nCOMMERCIAL PROPERTY AND LIABILITY ENDORSEMENT PACK\nPolicy Number GML-2024-88213. Period of Insurance: 1 April 2024 to 31 March 2025, both dates inclusive at the address of the Insured. This pack records every endorsement attached to the policy and supersedes any endorsement schedule issued previously.\n\nENDORSEMENT NO. 1 - FLOOD SUB-LIMIT AMENDMENT\nEffective from 1 June 2024. In consideration of the additional premium of GBP 42,750 the following amendments are made to the Property Damage section of the policy.\n\n1. DEFINITIONS\n\n1.1 Flood means the escape of water from the normal confines of any natural or artificial watercourse, lake, reservoir, canal or dam, or inundation from the sea, whether driven by storm or otherwise.\n\n1.2 Flood Zone means any location identified as Zone 2 or Zone 3 on the Environment Agency Flood Map for Planning current at the inception of this endorsement.\n\n2. AMENDMENT TO LIMIT\nThe sub-limit applicable to loss or damage caused by Flood is amended from GBP 2,500,000 to GBP 5,000,000 in the annual aggregate. The revised sub-limit applies to all insured locations combined and is part of, and not in addition to, the policy limit of GBP 40,000,000 any one occurrence.\n\n3. DEDUCTIBLE\nA deductible of GBP 250,000 each and every loss applies to loss or damage caused by Flood at any location within a Flood Zone. At all other locations the standard property deductible of GBP 50,000 each and every loss continues to apply.\n\nSECTION 4 - CONDITIONS APPLYING TO THIS ENDORSEMENT"
    },
    {
      "chunk_id": "5ccd70c8aadf500e::0001",
      "doc_id": "5ccd70c8aadf500e",
      "filename": "form_ho0304_archive.pdf",
      "page": 1,
      "page_end": 1,
      "section_path": "FORM HO-0304 - EDITION 01-24",
      "clause_label": "FORM HO-0304 - EDITION 01-24",
      "score": 0.0313,
      "text": "This policy does not cover loss or damage arising from a second or subsequent Flood event at the same insured location where that event occurs within 45 consecutive days of an earlier Flood event at the same location, save that this exclusion does not apply to a Flood event caused solely by a named windstorm. Superseded by edition 01-24 with effect from 1 January 2024.\n\nFORM HO-0304 - EDITION 01-24\nEXCLUSION CODE E-17 - SEQUENTIAL WATER INTRUSION EVENTS (EDITION 01-24)\n\nExclusion Code E-17 (Form HO-0304, edition 01-24). This policy does not cover loss or damage arising from a second or subsequent Flood event at the same insured location where that event occurs within 55 consecutive days of an earlier Flood event at the same location, save that this exclusion does not apply to a Flood event caused solely by a named windstorm. Superseded by edition 03-24 with effect from 1 February 2025."
    },
    {
      "chunk_id": "4fa131d2878b9fbf::0006",
      "doc_id": "4fa131d2878b9fbf",
      "filename": "sample_endorsement_pack.pdf",
      "page": 3,
      "page_end": 4,
      "section_path": "ENDORSEMENT NO. 3 - BUSINESS INTERRUPTION AMENDMENTS > GENERAL CONDITIONS",
      "clause_label": "GENERAL CONDITIONS",
      "score": 0.0313,
      "text": "GENERAL CONDITIONS\n\n1. Cancellation. Either party may cancel this policy by giving 60 days written notice to the other at its last known address. Where the Insurer cancels, a pro rata return of premium shall be made provided no claim has been notified during the Period of Insurance.\n\n2. Governing law. This policy shall be governed by and construed in accordance with the law of England and Wales, and the parties submit to the exclusive jurisdiction of the courts of England and Wales.\n\n3. Premium payment. The premium is due within 45 days of inception. Failure to pay within that period entitles the Insurer to cancel in accordance with General Condition 1 above.\n\nENDORSEMENT NO. 4 - SEQUENTIAL WATER INTRUSION EXCLUSION\nEffective from 1 February 2025. This endorsement is issued under reference END-2024-0417 and adopts the exclusion wording of Form HO-0304 edition 03-24, reproduced at clause 4.3 below, which supersedes and replaces any earlier edition of Form HO-0304 referenced in the Insured's document file.\n\n4.3 Exclusion Code E-17 - Sequential Water Intrusion Events\nExclusion Code E-17 (Form HO-0304, edition 03-24). This policy does not cover loss or damage arising from a second or subsequent Flood event at the same insured location where that event occurs within 60 consecutive days of an earlier Flood event at the same location, regardless of whether a claim was made for the earlier event. This exclusion applies in addition to, and does not narrow, the deductible and sub-limit provisions of clauses 2 and 3 above.\n\n4.4 Interaction with the Flood Defence Condition\nExclusion Code E-17 does not apply where the Insured can demonstrate that the flood barriers, non-return valves and sump pumps required by clause 4.1 were tested and in good working order in the 60 days immediately preceding the second or subsequent Flood event."
    },
    {
      "chunk_id": "5ccd70c8aadf500e::0000",
      "doc_id": "5ccd70c8aadf500e",
      "filename": "form_ho0304_archive.pdf",
      "page": 1,
      "page_end": 1,
      "section_path": "FORM LIBRARY - ARCHIVED WORDING ON FILE",
      "clause_label": "FORM LIBRARY - ARCHIVED WORDING ON FILE",
      "score": 0.0312,
      "text": "FORM LIBRARY - ARCHIVED WORDING ON FILE\nThis file retains prior editions of Form HO-0304 for audit and reference purposes against policy GML-2024-88213. The edition currently endorsed to the policy is 03-24 (see the waterdamage endorsement in the main endorsement pack for its reference number). Earlier editions below are retained for reference only and do not apply to a loss occurring after the date their text says they were superseded.\n\nFORM HO-0304 - EDITION 01-22\nEXCLUSION CODE E-17 - SEQUENTIAL WATER INTRUSION EVENTS (EDITION 01-22)\n\nExclusion Code E-17 (Form HO-0304, edition 01-22). This policy does not cover loss or damage arising from a second or subsequent Flood event at the same insured location where that event occurs within 30 consecutive days of an earlier Flood event at the same location. Superseded by edition 06-22 with effect from 1 June 2022.\n\nFORM HO-0304 - EDITION 06-22\nEXCLUSION CODE E-17 - SEQUENTIAL WATER INTRUSION EVENTS (EDITION 06-22)\n\nExclusion Code E-17 (Form HO-0304, edition 06-22). This policy does not cover loss or damage arising from a second or subsequent Flood event at the same insured location where that event occurs within 35 consecutive days of an earlier Flood event at the same location. Superseded by edition 09-23 with effect from 1 September 2023.\n\nFORM HO-0304 - EDITION 09-23\nEXCLUSION CODE E-17 - SEQUENTIAL WATER INTRUSION EVENTS (EDITION 09-23)\n\nExclusion Code E-17 (Form HO-0304, edition 09-23). This policy does not cover loss or damage arising from a second or subsequent Flood event at the same insured location where that event occurs within 45 consecutive days of an earlier Flood event at the same location, save that this exclusion does not apply to a Flood event caused solely by a named windstorm. Superseded by edition 01-24 with effect from 1 January 2024."
    }
  ],
  "model": "stub:reading-comprehension-v1",
  "params": {
    "effort": "medium",
    "max_tokens": 16000
  },
  "output": {
    "claim_number": "[CLAIM NUMBER REDACTED]",
    "date_of_loss": "27 April 2026",
    "coverage_decision": "covered",
    "cited_exclusion_id": null,
    "excess_amount": 250000.0,
    "summary": "Notes match an insured peril: DEDUCTIBLE\nA deductible of GBP 250,000 each and every loss applies to loss or damage caused by Flood at any location within a Flood Zone.",
    "citations": [
      "4fa131d2878b9fbf::0000"
    ]
  },
  "output_notes": []
}
---
{
  "trace_id": "trc_00058",
  "created_at": "2026-08-30T21:31:44.580493+00:00",
  "feature": "claim_summary",
  "prompt_version": "claim-summary-v1",
  "input_redacted": "Claim [CLAIM NUMBER REDACTED]. Insured reports water damage to stock stored on the warehouse floor, discovered 27 April 2026 following heavy rainfall. Stock was not raised above floor level. Estimated damage GBP 50,573.",
  "redacted_fields": [
    "claim_number:CLM-2026-60571"
  ],
  "retrieval_mode": "hybrid_bm25_rrf",
  "retrieved": [
    {
      "chunk_id": "4fa131d2878b9fbf::0000",
      "doc_id": "4fa131d2878b9fbf",
      "filename": "sample_endorsement_pack.pdf",
      "page": 1,
      "page_end": 1,
      "section_path": "GLOBAL MANUFACTURING LTD",
      "clause_label": "GLOBAL MANUFACTURING LTD",
      "score": 0.0325,
      "text": "GLOBAL MANUFACTURING LTD\n\nCOMMERCIAL PROPERTY AND LIABILITY ENDORSEMENT PACK\nPolicy Number GML-2024-88213. Period of Insurance: 1 April 2024 to 31 March 2025, both dates inclusive at the address of the Insured. This pack records every endorsement attached to the policy and supersedes any endorsement schedule issued previously.\n\nENDORSEMENT NO. 1 - FLOOD SUB-LIMIT AMENDMENT\nEffective from 1 June 2024. In consideration of the additional premium of GBP 42,750 the following amendments are made to the Property Damage section of the policy.\n\n1. DEFINITIONS\n\n1.1 Flood means the escape of water from the normal confines of any natural or artificial watercourse, lake, reservoir, canal or dam, or inundation from the sea, whether driven by storm or otherwise.\n\n1.2 Flood Zone means any location identified as Zone 2 or Zone 3 on the Environment Agency Flood Map for Planning current at the inception of this endorsement.\n\n2. AMENDMENT TO LIMIT\nThe sub-limit applicable to loss or damage caused by Flood is amended from GBP 2,500,000 to GBP 5,000,000 in the annual aggregate. The revised sub-limit applies to all insured locations combined and is part of, and not in addition to, the policy limit of GBP 40,000,000 any one occurrence.\n\n3. DEDUCTIBLE\nA deductible of GBP 250,000 each and every loss applies to loss or damage caused by Flood at any location within a Flood Zone. At all other locations the standard property deductible of GBP 50,000 each and every loss continues to apply.\n\nSECTION 4 - CONDITIONS APPLYING TO THIS ENDORSEMENT"
    },
    {
      "chunk_id": "4fa131d2878b9fbf::0001",
      "doc_id": "4fa131d2878b9fbf",
      "filename": "sample_endorsement_pack.pdf",
      "page": 1,
      "page_end": 2,
      "section_path": "ENDORSEMENT NO. 1 - FLOOD SUB-LIMIT AMENDMENT > 3. DEDUCTIBLE",
      "clause_label": "3. DEDUCTIBLE",
      "score": 0.0318,
      "text": "3. DEDUCTIBLE\nA deductible of GBP 250,000 each and every loss applies to loss or damage caused by Flood at any location within a Flood Zone. At all other locations the standard property deductible of GBP 50,000 each and every loss continues to apply.\n\nSECTION 4 - CONDITIONS APPLYING TO THIS ENDORSEMENT\n\n4.1 Flood Defence Maintenance\nThe Insured shall maintain all demountable flood barriers, non-return valves and sump pumps at each insured location in good and effective working order, and shall test them at intervals of not more than six months. A written record of each test shall be kept for a period of three years and produced to the Insurer on request.\n\n4.2 Exclusions\nNotwithstanding anything to the contrary in the policy, this endorsement does not cover loss, damage, cost or expense arising directly or indirectly out of:\n\n(a) subsidence, ground heave or landslip, whether or not caused or contributed to by Flood; (b) loss of or damage to growing crops, standing timber, or livestock in the open; (c) any property in the course of construction, erection or installation where the contract value exceeds GBP 1,000,000; (d) loss or damage to stock stored below ground level unless raised at least 150 millimetres above the finished floor level; (e) any fine, penalty or punitive damages levied by a regulator following a Flood event.\n\n4.2.1 Erosion of the sub-limit\nEach payment made under this endorsement, including any payment for professional fees and debris removal, erodes the annual aggregate sub-limit stated in clause 2. Once the annual aggregate sub-limit is exhausted no further payment shall be made under this endorsement for the remainder of the Period of Insurance."
    },
    {
      "chunk_id": "5ccd70c8aadf500e::0000",
      "doc_id": "5ccd70c8aadf500e",
      "filename": "form_ho0304_archive.pdf",
      "page": 1,
      "page_end": 1,
      "section_path": "FORM LIBRARY - ARCHIVED WORDING ON FILE",
      "clause_label": "FORM LIBRARY - ARCHIVED WORDING ON FILE",
      "score": 0.0313,
      "text": "FORM LIBRARY - ARCHIVED WORDING ON FILE\nThis file retains prior editions of Form HO-0304 for audit and reference purposes against policy GML-2024-88213. The edition currently endorsed to the policy is 03-24 (see the waterdamage endorsement in the main endorsement pack for its reference number). Earlier editions below are retained for reference only and do not apply to a loss occurring after the date their text says they were superseded.\n\nFORM HO-0304 - EDITION 01-22\nEXCLUSION CODE E-17 - SEQUENTIAL WATER INTRUSION EVENTS (EDITION 01-22)\n\nExclusion Code E-17 (Form HO-0304, edition 01-22). This policy does not cover loss or damage arising from a second or subsequent Flood event at the same insured location where that event occurs within 30 consecutive days of an earlier Flood event at the same location. Superseded by edition 06-22 with effect from 1 June 2022.\n\nFORM HO-0304 - EDITION 06-22\nEXCLUSION CODE E-17 - SEQUENTIAL WATER INTRUSION EVENTS (EDITION 06-22)\n\nExclusion Code E-17 (Form HO-0304, edition 06-22). This policy does not cover loss or damage arising from a second or subsequent Flood event at the same insured location where that event occurs within 35 consecutive days of an earlier Flood event at the same location. Superseded by edition 09-23 with effect from 1 September 2023.\n\nFORM HO-0304 - EDITION 09-23\nEXCLUSION CODE E-17 - SEQUENTIAL WATER INTRUSION EVENTS (EDITION 09-23)\n\nExclusion Code E-17 (Form HO-0304, edition 09-23). This policy does not cover loss or damage arising from a second or subsequent Flood event at the same insured location where that event occurs within 45 consecutive days of an earlier Flood event at the same location, save that this exclusion does not apply to a Flood event caused solely by a named windstorm. Superseded by edition 01-24 with effect from 1 January 2024."
    },
    {
      "chunk_id": "4fa131d2878b9fbf::0006",
      "doc_id": "4fa131d2878b9fbf",
      "filename": "sample_endorsement_pack.pdf",
      "page": 3,
      "page_end": 4,
      "section_path": "ENDORSEMENT NO. 3 - BUSINESS INTERRUPTION AMENDMENTS > GENERAL CONDITIONS",
      "clause_label": "GENERAL CONDITIONS",
      "score": 0.0313,
      "text": "GENERAL CONDITIONS\n\n1. Cancellation. Either party may cancel this policy by giving 60 days written notice to the other at its last known address. Where the Insurer cancels, a pro rata return of premium shall be made provided no claim has been notified during the Period of Insurance.\n\n2. Governing law. This policy shall be governed by and construed in accordance with the law of England and Wales, and the parties submit to the exclusive jurisdiction of the courts of England and Wales.\n\n3. Premium payment. The premium is due within 45 days of inception. Failure to pay within that period entitles the Insurer to cancel in accordance with General Condition 1 above.\n\nENDORSEMENT NO. 4 - SEQUENTIAL WATER INTRUSION EXCLUSION\nEffective from 1 February 2025. This endorsement is issued under reference END-2024-0417 and adopts the exclusion wording of Form HO-0304 edition 03-24, reproduced at clause 4.3 below, which supersedes and replaces any earlier edition of Form HO-0304 referenced in the Insured's document file.\n\n4.3 Exclusion Code E-17 - Sequential Water Intrusion Events\nExclusion Code E-17 (Form HO-0304, edition 03-24). This policy does not cover loss or damage arising from a second or subsequent Flood event at the same insured location where that event occurs within 60 consecutive days of an earlier Flood event at the same location, regardless of whether a claim was made for the earlier event. This exclusion applies in addition to, and does not narrow, the deductible and sub-limit provisions of clauses 2 and 3 above.\n\n4.4 Interaction with the Flood Defence Condition\nExclusion Code E-17 does not apply where the Insured can demonstrate that the flood barriers, non-return valves and sump pumps required by clause 4.1 were tested and in good working order in the 60 days immediately preceding the second or subsequent Flood event."
    },
    {
      "chunk_id": "4fa131d2878b9fbf::0005",
      "doc_id": "4fa131d2878b9fbf",
      "filename": "sample_endorsement_pack.pdf",
      "page": 3,
      "page_end": 3,
      "section_path": "ENDORSEMENT NO. 2 - CYBER AND DATA EXCLUSION > SECTION 2 - EXCLUSION WORDING > 2.",
      "clause_label": "2.",
      "score": 0.0308,
      "text": "(h) the deliberate act of any employee, contractor or agent of the Insured taken with intent to cause a Cyber Incident, whether or not that person was acting within the scope of their employment or engagement, and whether or not the Insured had performed pre-engagement screening on that person.\n\nSECTION 3 - WRITE-BACK FOR PHYSICAL DAMAGE\n\n3. Subject to all other terms of the policy, this exclusion shall not apply to physical loss of or physical damage to insured property arising from fire or explosion which itself results from a Cyber Incident, provided that the fire or explosion is not the result of a Cyber Act committed with intent to cause physical damage.\n\nENDORSEMENT NO. 3 - BUSINESS INTERRUPTION AMENDMENTS\nEffective from 1 October 2024. The Business Interruption section is amended as set out below. All other terms, conditions and exclusions remain unaltered.\n\n1. WAITING PERIOD\nA waiting period of 72 consecutive hours applies to each and every claim under the Business Interruption section. No indemnity is payable in respect of any interruption that is remedied within the waiting period.\n\n2. INDEMNITY PERIOD\nThe maximum indemnity period is extended from 12 months to 18 months from the date on which the interruption begins.\n\n3. NOTIFICATION OF CLAIM\n3. The Insured shall give written notice to the Insurer of any event likely to give rise to a claim under this section within 30 days of that event becoming known to a director or to the risk manager of the Insured. Notice given to the broker alone does not constitute notice to the Insurer.\n\nGENERAL CONDITIONS\n\n1. Cancellation. Either party may cancel this policy by giving 60 days written notice to the other at its last known address. Where the Insurer cancels, a pro rata return of premium shall be made provided no claim has been notified during the Period of Insurance."
    }
  ],
  "model": "stub:reading-comprehension-v1",
  "params": {
    "effort": "medium",
    "max_tokens": 16000
  },
  "output": {
    "claim_number": "[CLAIM NUMBER REDACTED]",
    "date_of_loss": "27 April 2026",
    "coverage_decision": "covered",
    "cited_exclusion_id": null,
    "excess_amount": 250000.0,
    "summary": "Notes match an insured peril: (d) loss or damage to stock stored below ground level unless raised at least 150 millimetres above the finished floor level;",
    "citations": [
      "4fa131d2878b9fbf::0001"
    ]
  },
  "output_notes": []
}
---
{
  "trace_id": "trc_00059",
  "created_at": "2026-08-30T21:31:44.594187+00:00",
  "feature": "claim_summary",
  "prompt_version": "claim-summary-v1",
  "input_redacted": "Claim [CLAIM NUMBER REDACTED]. Second flood event at the same insured location on 09 April 2026, 33 days after an earlier flood event on 07 March 2026 at the same location. Estimated damage GBP 136,656. Form on file for this policy is HO-0304 edition 03-24.",
  "redacted_fields": [
    "claim_number:CLM-2026-74268"
  ],
  "retrieval_mode": "hybrid_bm25_rrf",
  "retrieved": [
    {
      "chunk_id": "5ccd70c8aadf500e::0001",
      "doc_id": "5ccd70c8aadf500e",
      "filename": "form_ho0304_archive.pdf",
      "page": 1,
      "page_end": 1,
      "section_path": "FORM HO-0304 - EDITION 01-24",
      "clause_label": "FORM HO-0304 - EDITION 01-24",
      "score": 0.0325,
      "text": "This policy does not cover loss or damage arising from a second or subsequent Flood event at the same insured location where that event occurs within 45 consecutive days of an earlier Flood event at the same location, save that this exclusion does not apply to a Flood event caused solely by a named windstorm. Superseded by edition 01-24 with effect from 1 January 2024.\n\nFORM HO-0304 - EDITION 01-24\nEXCLUSION CODE E-17 - SEQUENTIAL WATER INTRUSION EVENTS (EDITION 01-24)\n\nExclusion Code E-17 (Form HO-0304, edition 01-24). This policy does not cover loss or damage arising from a second or subsequent Flood event at the same insured location where that event occurs within 55 consecutive days of an earlier Flood event at the same location, save that this exclusion does not apply to a Flood event caused solely by a named windstorm. Superseded by edition 03-24 with effect from 1 February 2025."
    },
    {
      "chunk_id": "5ccd70c8aadf500e::0000",
      "doc_id": "5ccd70c8aadf500e",
      "filename": "form_ho0304_archive.pdf",
      "page": 1,
      "page_end": 1,
      "section_path": "FORM LIBRARY - ARCHIVED WORDING ON FILE",
      "clause_label": "FORM LIBRARY - ARCHIVED WORDING ON FILE",
      "score": 0.032,
      "text": "FORM LIBRARY - ARCHIVED WORDING ON FILE\nThis file retains prior editions of Form HO-0304 for audit and reference purposes against policy GML-2024-88213. The edition currently endorsed to the policy is 03-24 (see the waterdamage endorsement in the main endorsement pack for its reference number). Earlier editions below are retained for reference only and do not apply to a loss occurring after the date their text says they were superseded.\n\nFORM HO-0304 - EDITION 01-22\nEXCLUSION CODE E-17 - SEQUENTIAL WATER INTRUSION EVENTS (EDITION 01-22)\n\nExclusion Code E-17 (Form HO-0304, edition 01-22). This policy does not cover loss or damage arising from a second or subsequent Flood event at the same insured location where that event occurs within 30 consecutive days of an earlier Flood event at the same location. Superseded by edition 06-22 with effect from 1 June 2022.\n\nFORM HO-0304 - EDITION 06-22\nEXCLUSION CODE E-17 - SEQUENTIAL WATER INTRUSION EVENTS (EDITION 06-22)\n\nExclusion Code E-17 (Form HO-0304, edition 06-22). This policy does not cover loss or damage arising from a second or subsequent Flood event at the same insured location where that event occurs within 35 consecutive days of an earlier Flood event at the same location. Superseded by edition 09-23 with effect from 1 September 2023.\n\nFORM HO-0304 - EDITION 09-23\nEXCLUSION CODE E-17 - SEQUENTIAL WATER INTRUSION EVENTS (EDITION 09-23)\n\nExclusion Code E-17 (Form HO-0304, edition 09-23). This policy does not cover loss or damage arising from a second or subsequent Flood event at the same insured location where that event occurs within 45 consecutive days of an earlier Flood event at the same location, save that this exclusion does not apply to a Flood event caused solely by a named windstorm. Superseded by edition 01-24 with effect from 1 January 2024."
    },
    {
      "chunk_id": "4fa131d2878b9fbf::0000",
      "doc_id": "4fa131d2878b9fbf",
      "filename": "sample_endorsement_pack.pdf",
      "page": 1,
      "page_end": 1,
      "section_path": "GLOBAL MANUFACTURING LTD",
      "clause_label": "GLOBAL MANUFACTURING LTD",
      "score": 0.0318,
      "text": "GLOBAL MANUFACTURING LTD\n\nCOMMERCIAL PROPERTY AND LIABILITY ENDORSEMENT PACK\nPolicy Number GML-2024-88213. Period of Insurance: 1 April 2024 to 31 March 2025, both dates inclusive at the address of the Insured. This pack records every endorsement attached to the policy and supersedes any endorsement schedule issued previously.\n\nENDORSEMENT NO. 1 - FLOOD SUB-LIMIT AMENDMENT\nEffective from 1 June 2024. In consideration of the additional premium of GBP 42,750 the following amendments are made to the Property Damage section of the policy.\n\n1. DEFINITIONS\n\n1.1 Flood means the escape of water from the normal confines of any natural or artificial watercourse, lake, reservoir, canal or dam, or inundation from the sea, whether driven by storm or otherwise.\n\n1.2 Flood Zone means any location identified as Zone 2 or Zone 3 on the Environment Agency Flood Map for Planning current at the inception of this endorsement.\n\n2. AMENDMENT TO LIMIT\nThe sub-limit applicable to loss or damage caused by Flood is amended from GBP 2,500,000 to GBP 5,000,000 in the annual aggregate. The revised sub-limit applies to all insured locations combined and is part of, and not in addition to, the policy limit of GBP 40,000,000 any one occurrence.\n\n3. DEDUCTIBLE\nA deductible of GBP 250,000 each and every loss applies to loss or damage caused by Flood at any location within a Flood Zone. At all other locations the standard property deductible of GBP 50,000 each and every loss continues to apply.\n\nSECTION 4 - CONDITIONS APPLYING TO THIS ENDORSEMENT"
    },
    {
      "chunk_id": "4fa131d2878b9fbf::0001",
      "doc_id": "4fa131d2878b9fbf",
      "filename": "sample_endorsement_pack.pdf",
      "page": 1,
      "page_end": 2,
      "section_path": "ENDORSEMENT NO. 1 - FLOOD SUB-LIMIT AMENDMENT > 3. DEDUCTIBLE",
      "clause_label": "3. DEDUCTIBLE",
      "score": 0.0313,
      "text": "3. DEDUCTIBLE\nA deductible of GBP 250,000 each and every loss applies to loss or damage caused by Flood at any location within a Flood Zone. At all other locations the standard property deductible of GBP 50,000 each and every loss continues to apply.\n\nSECTION 4 - CONDITIONS APPLYING TO THIS ENDORSEMENT\n\n4.1 Flood Defence Maintenance\nThe Insured shall maintain all demountable flood barriers, non-return valves and sump pumps at each insured location in good and effective working order, and shall test them at intervals of not more than six months. A written record of each test shall be kept for a period of three years and produced to the Insurer on request.\n\n4.2 Exclusions\nNotwithstanding anything to the contrary in the policy, this endorsement does not cover loss, damage, cost or expense arising directly or indirectly out of:\n\n(a) subsidence, ground heave or landslip, whether or not caused or contributed to by Flood; (b) loss of or damage to growing crops, standing timber, or livestock in the open; (c) any property in the course of construction, erection or installation where the contract value exceeds GBP 1,000,000; (d) loss or damage to stock stored below ground level unless raised at least 150 millimetres above the finished floor level; (e) any fine, penalty or punitive damages levied by a regulator following a Flood event.\n\n4.2.1 Erosion of the sub-limit\nEach payment made under this endorsement, including any payment for professional fees and debris removal, erodes the annual aggregate sub-limit stated in clause 2. Once the annual aggregate sub-limit is exhausted no further payment shall be made under this endorsement for the remainder of the Period of Insurance."
    },
    {
      "chunk_id": "4fa131d2878b9fbf::0006",
      "doc_id": "4fa131d2878b9fbf",
      "filename": "sample_endorsement_pack.pdf",
      "page": 3,
      "page_end": 4,
      "section_path": "ENDORSEMENT NO. 3 - BUSINESS INTERRUPTION AMENDMENTS > GENERAL CONDITIONS",
      "clause_label": "GENERAL CONDITIONS",
      "score": 0.0313,
      "text": "GENERAL CONDITIONS\n\n1. Cancellation. Either party may cancel this policy by giving 60 days written notice to the other at its last known address. Where the Insurer cancels, a pro rata return of premium shall be made provided no claim has been notified during the Period of Insurance.\n\n2. Governing law. This policy shall be governed by and construed in accordance with the law of England and Wales, and the parties submit to the exclusive jurisdiction of the courts of England and Wales.\n\n3. Premium payment. The premium is due within 45 days of inception. Failure to pay within that period entitles the Insurer to cancel in accordance with General Condition 1 above.\n\nENDORSEMENT NO. 4 - SEQUENTIAL WATER INTRUSION EXCLUSION\nEffective from 1 February 2025. This endorsement is issued under reference END-2024-0417 and adopts the exclusion wording of Form HO-0304 edition 03-24, reproduced at clause 4.3 below, which supersedes and replaces any earlier edition of Form HO-0304 referenced in the Insured's document file.\n\n4.3 Exclusion Code E-17 - Sequential Water Intrusion Events\nExclusion Code E-17 (Form HO-0304, edition 03-24). This policy does not cover loss or damage arising from a second or subsequent Flood event at the same insured location where that event occurs within 60 consecutive days of an earlier Flood event at the same location, regardless of whether a claim was made for the earlier event. This exclusion applies in addition to, and does not narrow, the deductible and sub-limit provisions of clauses 2 and 3 above.\n\n4.4 Interaction with the Flood Defence Condition\nExclusion Code E-17 does not apply where the Insured can demonstrate that the flood barriers, non-return valves and sump pumps required by clause 4.1 were tested and in good working order in the 60 days immediately preceding the second or subsequent Flood event."
    }
  ],
  "model": "stub:reading-comprehension-v1",
  "params": {
    "effort": "medium",
    "max_tokens": 16000
  },
  "output": {
    "claim_number": "[CLAIM NUMBER REDACTED]",
    "date_of_loss": "09 April 2026",
    "coverage_decision": "covered",
    "cited_exclusion_id": null,
    "excess_amount": null,
    "summary": "Notes match an insured peril: This policy does not cover loss or damage arising from a second or subsequent Flood event at the same insured location where that event occurs within 30 consecutive days of an earlier Flood event at the same location.",
    "citations": [
      "5ccd70c8aadf500e::0000"
    ]
  },
  "output_notes": []
}
---
{
  "trace_id": "trc_00060",
  "created_at": "2026-08-30T21:31:44.607882+00:00",
  "feature": "claim_summary",
  "prompt_version": "claim-summary-v1",
  "input_redacted": "Claim [CLAIM NUMBER REDACTED]. Second flood event at the same insured location on 10 June 2026, 10 days after an earlier flood event on 31 May 2026 at the same location. Estimated damage GBP 55,464. Insured's flood-defence test log shows the sump pumps and non-return valves were tested and working 20 days before this second event. Form on file is HO-0304 edition 03-24.",
  "redacted_fields": [
    "claim_number:CLM-2026-00700"
  ],
  "retrieval_mode": "hybrid_bm25_rrf",
  "retrieved": [
    {
      "chunk_id": "5ccd70c8aadf500e::0001",
      "doc_id": "5ccd70c8aadf500e",
      "filename": "form_ho0304_archive.pdf",
      "page": 1,
      "page_end": 1,
      "section_path": "FORM HO-0304 - EDITION 01-24",
      "clause_label": "FORM HO-0304 - EDITION 01-24",
      "score": 0.0323,
      "text": "This policy does not cover loss or damage arising from a second or subsequent Flood event at the same insured location where that event occurs within 45 consecutive days of an earlier Flood event at the same location, save that this exclusion does not apply to a Flood event caused solely by a named windstorm. Superseded by edition 01-24 with effect from 1 January 2024.\n\nFORM HO-0304 - EDITION 01-24\nEXCLUSION CODE E-17 - SEQUENTIAL WATER INTRUSION EVENTS (EDITION 01-24)\n\nExclusion Code E-17 (Form HO-0304, edition 01-24). This policy does not cover loss or damage arising from a second or subsequent Flood event at the same insured location where that event occurs within 55 consecutive days of an earlier Flood event at the same location, save that this exclusion does not apply to a Flood event caused solely by a named windstorm. Superseded by edition 03-24 with effect from 1 February 2025."
    },
    {
      "chunk_id": "4fa131d2878b9fbf::0006",
      "doc_id": "4fa131d2878b9fbf",
      "filename": "sample_endorsement_pack.pdf",
      "page": 3,
      "page_end": 4,
      "section_path": "ENDORSEMENT NO. 3 - BUSINESS INTERRUPTION AMENDMENTS > GENERAL CONDITIONS",
      "clause_label": "GENERAL CONDITIONS",
      "score": 0.0318,
      "text": "GENERAL CONDITIONS\n\n1. Cancellation. Either party may cancel this policy by giving 60 days written notice to the other at its last known address. Where the Insurer cancels, a pro rata return of premium shall be made provided no claim has been notified during the Period of Insurance.\n\n2. Governing law. This policy shall be governed by and construed in accordance with the law of England and Wales, and the parties submit to the exclusive jurisdiction of the courts of England and Wales.\n\n3. Premium payment. The premium is due within 45 days of inception. Failure to pay within that period entitles the Insurer to cancel in accordance with General Condition 1 above.\n\nENDORSEMENT NO. 4 - SEQUENTIAL WATER INTRUSION EXCLUSION\nEffective from 1 February 2025. This endorsement is issued under reference END-2024-0417 and adopts the exclusion wording of Form HO-0304 edition 03-24, reproduced at clause 4.3 below, which supersedes and replaces any earlier edition of Form HO-0304 referenced in the Insured's document file.\n\n4.3 Exclusion Code E-17 - Sequential Water Intrusion Events\nExclusion Code E-17 (Form HO-0304, edition 03-24). This policy does not cover loss or damage arising from a second or subsequent Flood event at the same insured location where that event occurs within 60 consecutive days of an earlier Flood event at the same location, regardless of whether a claim was made for the earlier event. This exclusion applies in addition to, and does not narrow, the deductible and sub-limit provisions of clauses 2 and 3 above.\n\n4.4 Interaction with the Flood Defence Condition\nExclusion Code E-17 does not apply where the Insured can demonstrate that the flood barriers, non-return valves and sump pumps required by clause 4.1 were tested and in good working order in the 60 days immediately preceding the second or subsequent Flood event."
    },
    {
      "chunk_id": "4fa131d2878b9fbf::0001",
      "doc_id": "4fa131d2878b9fbf",
      "filename": "sample_endorsement_pack.pdf",
      "page": 1,
      "page_end": 2,
      "section_path": "ENDORSEMENT NO. 1 - FLOOD SUB-LIMIT AMENDMENT > 3. DEDUCTIBLE",
      "clause_label": "3. DEDUCTIBLE",
      "score": 0.0318,
      "text": "3. DEDUCTIBLE\nA deductible of GBP 250,000 each and every loss applies to loss or damage caused by Flood at any location within a Flood Zone. At all other locations the standard property deductible of GBP 50,000 each and every loss continues to apply.\n\nSECTION 4 - CONDITIONS APPLYING TO THIS ENDORSEMENT\n\n4.1 Flood Defence Maintenance\nThe Insured shall maintain all demountable flood barriers, non-return valves and sump pumps at each insured location in good and effective working order, and shall test them at intervals of not more than six months. A written record of each test shall be kept for a period of three years and produced to the Insurer on request.\n\n4.2 Exclusions\nNotwithstanding anything to the contrary in the policy, this endorsement does not cover loss, damage, cost or expense arising directly or indirectly out of:\n\n(a) subsidence, ground heave or landslip, whether or not caused or contributed to by Flood; (b) loss of or damage to growing crops, standing timber, or livestock in the open; (c) any property in the course of construction, erection or installation where the contract value exceeds GBP 1,000,000; (d) loss or damage to stock stored below ground level unless raised at least 150 millimetres above the finished floor level; (e) any fine, penalty or punitive damages levied by a regulator following a Flood event.\n\n4.2.1 Erosion of the sub-limit\nEach payment made under this endorsement, including any payment for professional fees and debris removal, erodes the annual aggregate sub-limit stated in clause 2. Once the annual aggregate sub-limit is exhausted no further payment shall be made under this endorsement for the remainder of the Period of Insurance."
    },
    {
      "chunk_id": "5ccd70c8aadf500e::0000",
      "doc_id": "5ccd70c8aadf500e",
      "filename": "form_ho0304_archive.pdf",
      "page": 1,
      "page_end": 1,
      "section_path": "FORM LIBRARY - ARCHIVED WORDING ON FILE",
      "clause_label": "FORM LIBRARY - ARCHIVED WORDING ON FILE",
      "score": 0.0318,
      "text": "FORM LIBRARY - ARCHIVED WORDING ON FILE\nThis file retains prior editions of Form HO-0304 for audit and reference purposes against policy GML-2024-88213. The edition currently endorsed to the policy is 03-24 (see the waterdamage endorsement in the main endorsement pack for its reference number). Earlier editions below are retained for reference only and do not apply to a loss occurring after the date their text says they were superseded.\n\nFORM HO-0304 - EDITION 01-22\nEXCLUSION CODE E-17 - SEQUENTIAL WATER INTRUSION EVENTS (EDITION 01-22)\n\nExclusion Code E-17 (Form HO-0304, edition 01-22). This policy does not cover loss or damage arising from a second or subsequent Flood event at the same insured location where that event occurs within 30 consecutive days of an earlier Flood event at the same location. Superseded by edition 06-22 with effect from 1 June 2022.\n\nFORM HO-0304 - EDITION 06-22\nEXCLUSION CODE E-17 - SEQUENTIAL WATER INTRUSION EVENTS (EDITION 06-22)\n\nExclusion Code E-17 (Form HO-0304, edition 06-22). This policy does not cover loss or damage arising from a second or subsequent Flood event at the same insured location where that event occurs within 35 consecutive days of an earlier Flood event at the same location. Superseded by edition 09-23 with effect from 1 September 2023.\n\nFORM HO-0304 - EDITION 09-23\nEXCLUSION CODE E-17 - SEQUENTIAL WATER INTRUSION EVENTS (EDITION 09-23)\n\nExclusion Code E-17 (Form HO-0304, edition 09-23). This policy does not cover loss or damage arising from a second or subsequent Flood event at the same insured location where that event occurs within 45 consecutive days of an earlier Flood event at the same location, save that this exclusion does not apply to a Flood event caused solely by a named windstorm. Superseded by edition 01-24 with effect from 1 January 2024."
    },
    {
      "chunk_id": "4fa131d2878b9fbf::0000",
      "doc_id": "4fa131d2878b9fbf",
      "filename": "sample_endorsement_pack.pdf",
      "page": 1,
      "page_end": 1,
      "section_path": "GLOBAL MANUFACTURING LTD",
      "clause_label": "GLOBAL MANUFACTURING LTD",
      "score": 0.0313,
      "text": "GLOBAL MANUFACTURING LTD\n\nCOMMERCIAL PROPERTY AND LIABILITY ENDORSEMENT PACK\nPolicy Number GML-2024-88213. Period of Insurance: 1 April 2024 to 31 March 2025, both dates inclusive at the address of the Insured. This pack records every endorsement attached to the policy and supersedes any endorsement schedule issued previously.\n\nENDORSEMENT NO. 1 - FLOOD SUB-LIMIT AMENDMENT\nEffective from 1 June 2024. In consideration of the additional premium of GBP 42,750 the following amendments are made to the Property Damage section of the policy.\n\n1. DEFINITIONS\n\n1.1 Flood means the escape of water from the normal confines of any natural or artificial watercourse, lake, reservoir, canal or dam, or inundation from the sea, whether driven by storm or otherwise.\n\n1.2 Flood Zone means any location identified as Zone 2 or Zone 3 on the Environment Agency Flood Map for Planning current at the inception of this endorsement.\n\n2. AMENDMENT TO LIMIT\nThe sub-limit applicable to loss or damage caused by Flood is amended from GBP 2,500,000 to GBP 5,000,000 in the annual aggregate. The revised sub-limit applies to all insured locations combined and is part of, and not in addition to, the policy limit of GBP 40,000,000 any one occurrence.\n\n3. DEDUCTIBLE\nA deductible of GBP 250,000 each and every loss applies to loss or damage caused by Flood at any location within a Flood Zone. At all other locations the standard property deductible of GBP 50,000 each and every loss continues to apply.\n\nSECTION 4 - CONDITIONS APPLYING TO THIS ENDORSEMENT"
    }
  ],
  "model": "stub:reading-comprehension-v1",
  "params": {
    "effort": "medium",
    "max_tokens": 16000
  },
  "output": {
    "claim_number": "[CLAIM NUMBER REDACTED]",
    "date_of_loss": "10 June 2026",
    "coverage_decision": "denied",
    "cited_exclusion_id": "4.3",
    "excess_amount": null,
    "summary": "Notes describe circumstances matching an excluded scenario: 4.4 Interaction with the Flood Defence Condition\nExclusion Code E-17 does not apply where the Insured can demonstrate that the flood barriers, non-return valves and sump pumps required by clause 4.1 were tested and in good working order in the 60 days immediately preceding the second or subsequent Flood event.",
    "citations": [
      "4fa131d2878b9fbf::0006"
    ]
  },
  "output_notes": []
}
---
{
  "trace_id": "trc_00061",
  "created_at": "2026-08-30T21:31:44.621130+00:00",
  "feature": "claim_summary",
  "prompt_version": "claim-summary-v1",
  "input_redacted": "Claim [CLAIM NUMBER REDACTED]. Water ingress on 25 July 2026; insured's stock was stored on racking 200mm above the finished floor level per their usual practice. Estimated damage GBP 155,480.",
  "redacted_fields": [
    "claim_number:CLM-2026-63668"
  ],
  "retrieval_mode": "hybrid_bm25_rrf",
  "retrieved": [
    {
      "chunk_id": "4fa131d2878b9fbf::0001",
      "doc_id": "4fa131d2878b9fbf",
      "filename": "sample_endorsement_pack.pdf",
      "page": 1,
      "page_end": 2,
      "section_path": "ENDORSEMENT NO. 1 - FLOOD SUB-LIMIT AMENDMENT > 3. DEDUCTIBLE",
      "clause_label": "3. DEDUCTIBLE",
      "score": 0.0328,
      "text": "3. DEDUCTIBLE\nA deductible of GBP 250,000 each and every loss applies to loss or damage caused by Flood at any location within a Flood Zone. At all other locations the standard property deductible of GBP 50,000 each and every loss continues to apply.\n\nSECTION 4 - CONDITIONS APPLYING TO THIS ENDORSEMENT\n\n4.1 Flood Defence Maintenance\nThe Insured shall maintain all demountable flood barriers, non-return valves and sump pumps at each insured location in good and effective working order, and shall test them at intervals of not more than six months. A written record of each test shall be kept for a period of three years and produced to the Insurer on request.\n\n4.2 Exclusions\nNotwithstanding anything to the contrary in the policy, this endorsement does not cover loss, damage, cost or expense arising directly or indirectly out of:\n\n(a) subsidence, ground heave or landslip, whether or not caused or contributed to by Flood; (b) loss of or damage to growing crops, standing timber, or livestock in the open; (c) any property in the course of construction, erection or installation where the contract value exceeds GBP 1,000,000; (d) loss or damage to stock stored below ground level unless raised at least 150 millimetres above the finished floor level; (e) any fine, penalty or punitive damages levied by a regulator following a Flood event.\n\n4.2.1 Erosion of the sub-limit\nEach payment made under this endorsement, including any payment for professional fees and debris removal, erodes the annual aggregate sub-limit stated in clause 2. Once the annual aggregate sub-limit is exhausted no further payment shall be made under this endorsement for the remainder of the Period of Insurance."
    },
    {
      "chunk_id": "4fa131d2878b9fbf::0000",
      "doc_id": "4fa131d2878b9fbf",
      "filename": "sample_endorsement_pack.pdf",
      "page": 1,
      "page_end": 1,
      "section_path": "GLOBAL MANUFACTURING LTD",
      "clause_label": "GLOBAL MANUFACTURING LTD",
      "score": 0.032,
      "text": "GLOBAL MANUFACTURING LTD\n\nCOMMERCIAL PROPERTY AND LIABILITY ENDORSEMENT PACK\nPolicy Number GML-2024-88213. Period of Insurance: 1 April 2024 to 31 March 2025, both dates inclusive at the address of the Insured. This pack records every endorsement attached to the policy and supersedes any endorsement schedule issued previously.\n\nENDORSEMENT NO. 1 - FLOOD SUB-LIMIT AMENDMENT\nEffective from 1 June 2024. In consideration of the additional premium of GBP 42,750 the following amendments are made to the Property Damage section of the policy.\n\n1. DEFINITIONS\n\n1.1 Flood means the escape of water from the normal confines of any natural or artificial watercourse, lake, reservoir, canal or dam, or inundation from the sea, whether driven by storm or otherwise.\n\n1.2 Flood Zone means any location identified as Zone 2 or Zone 3 on the Environment Agency Flood Map for Planning current at the inception of this endorsement.\n\n2. AMENDMENT TO LIMIT\nThe sub-limit applicable to loss or damage caused by Flood is amended from GBP 2,500,000 to GBP 5,000,000 in the annual aggregate. The revised sub-limit applies to all insured locations combined and is part of, and not in addition to, the policy limit of GBP 40,000,000 any one occurrence.\n\n3. DEDUCTIBLE\nA deductible of GBP 250,000 each and every loss applies to loss or damage caused by Flood at any location within a Flood Zone. At all other locations the standard property deductible of GBP 50,000 each and every loss continues to apply.\n\nSECTION 4 - CONDITIONS APPLYING TO THIS ENDORSEMENT"
    },
    {
      "chunk_id": "4fa131d2878b9fbf::0006",
      "doc_id": "4fa131d2878b9fbf",
      "filename": "sample_endorsement_pack.pdf",
      "page": 3,
      "page_end": 4,
      "section_path": "ENDORSEMENT NO. 3 - BUSINESS INTERRUPTION AMENDMENTS > GENERAL CONDITIONS",
      "clause_label": "GENERAL CONDITIONS",
      "score": 0.0318,
      "text": "GENERAL CONDITIONS\n\n1. Cancellation. Either party may cancel this policy by giving 60 days written notice to the other at its last known address. Where the Insurer cancels, a pro rata return of premium shall be made provided no claim has been notified during the Period of Insurance.\n\n2. Governing law. This policy shall be governed by and construed in accordance with the law of England and Wales, and the parties submit to the exclusive jurisdiction of the courts of England and Wales.\n\n3. Premium payment. The premium is due within 45 days of inception. Failure to pay within that period entitles the Insurer to cancel in accordance with General Condition 1 above.\n\nENDORSEMENT NO. 4 - SEQUENTIAL WATER INTRUSION EXCLUSION\nEffective from 1 February 2025. This endorsement is issued under reference END-2024-0417 and adopts the exclusion wording of Form HO-0304 edition 03-24, reproduced at clause 4.3 below, which supersedes and replaces any earlier edition of Form HO-0304 referenced in the Insured's document file.\n\n4.3 Exclusion Code E-17 - Sequential Water Intrusion Events\nExclusion Code E-17 (Form HO-0304, edition 03-24). This policy does not cover loss or damage arising from a second or subsequent Flood event at the same insured location where that event occurs within 60 consecutive days of an earlier Flood event at the same location, regardless of whether a claim was made for the earlier event. This exclusion applies in addition to, and does not narrow, the deductible and sub-limit provisions of clauses 2 and 3 above.\n\n4.4 Interaction with the Flood Defence Condition\nExclusion Code E-17 does not apply where the Insured can demonstrate that the flood barriers, non-return valves and sump pumps required by clause 4.1 were tested and in good working order in the 60 days immediately preceding the second or subsequent Flood event."
    },
    {
      "chunk_id": "5ccd70c8aadf500e::0000",
      "doc_id": "5ccd70c8aadf500e",
      "filename": "form_ho0304_archive.pdf",
      "page": 1,
      "page_end": 1,
      "section_path": "FORM LIBRARY - ARCHIVED WORDING ON FILE",
      "clause_label": "FORM LIBRARY - ARCHIVED WORDING ON FILE",
      "score": 0.0308,
      "text": "FORM LIBRARY - ARCHIVED WORDING ON FILE\nThis file retains prior editions of Form HO-0304 for audit and reference purposes against policy GML-2024-88213. The edition currently endorsed to the policy is 03-24 (see the waterdamage endorsement in the main endorsement pack for its reference number). Earlier editions below are retained for reference only and do not apply to a loss occurring after the date their text says they were superseded.\n\nFORM HO-0304 - EDITION 01-22\nEXCLUSION CODE E-17 - SEQUENTIAL WATER INTRUSION EVENTS (EDITION 01-22)\n\nExclusion Code E-17 (Form HO-0304, edition 01-22). This policy does not cover loss or damage arising from a second or subsequent Flood event at the same insured location where that event occurs within 30 consecutive days of an earlier Flood event at the same location. Superseded by edition 06-22 with effect from 1 June 2022.\n\nFORM HO-0304 - EDITION 06-22\nEXCLUSION CODE E-17 - SEQUENTIAL WATER INTRUSION EVENTS (EDITION 06-22)\n\nExclusion Code E-17 (Form HO-0304, edition 06-22). This policy does not cover loss or damage arising from a second or subsequent Flood event at the same insured location where that event occurs within 35 consecutive days of an earlier Flood event at the same location. Superseded by edition 09-23 with effect from 1 September 2023.\n\nFORM HO-0304 - EDITION 09-23\nEXCLUSION CODE E-17 - SEQUENTIAL WATER INTRUSION EVENTS (EDITION 09-23)\n\nExclusion Code E-17 (Form HO-0304, edition 09-23). This policy does not cover loss or damage arising from a second or subsequent Flood event at the same insured location where that event occurs within 45 consecutive days of an earlier Flood event at the same location, save that this exclusion does not apply to a Flood event caused solely by a named windstorm. Superseded by edition 01-24 with effect from 1 January 2024."
    },
    {
      "chunk_id": "4fa131d2878b9fbf::0005",
      "doc_id": "4fa131d2878b9fbf",
      "filename": "sample_endorsement_pack.pdf",
      "page": 3,
      "page_end": 3,
      "section_path": "ENDORSEMENT NO. 2 - CYBER AND DATA EXCLUSION > SECTION 2 - EXCLUSION WORDING > 2.",
      "clause_label": "2.",
      "score": 0.0303,
      "text": "(h) the deliberate act of any employee, contractor or agent of the Insured taken with intent to cause a Cyber Incident, whether or not that person was acting within the scope of their employment or engagement, and whether or not the Insured had performed pre-engagement screening on that person.\n\nSECTION 3 - WRITE-BACK FOR PHYSICAL DAMAGE\n\n3. Subject to all other terms of the policy, this exclusion shall not apply to physical loss of or physical damage to insured property arising from fire or explosion which itself results from a Cyber Incident, provided that the fire or explosion is not the result of a Cyber Act committed with intent to cause physical damage.\n\nENDORSEMENT NO. 3 - BUSINESS INTERRUPTION AMENDMENTS\nEffective from 1 October 2024. The Business Interruption section is amended as set out below. All other terms, conditions and exclusions remain unaltered.\n\n1. WAITING PERIOD\nA waiting period of 72 consecutive hours applies to each and every claim under the Business Interruption section. No indemnity is payable in respect of any interruption that is remedied within the waiting period.\n\n2. INDEMNITY PERIOD\nThe maximum indemnity period is extended from 12 months to 18 months from the date on which the interruption begins.\n\n3. NOTIFICATION OF CLAIM\n3. The Insured shall give written notice to the Insurer of any event likely to give rise to a claim under this section within 30 days of that event becoming known to a director or to the risk manager of the Insured. Notice given to the broker alone does not constitute notice to the Insurer.\n\nGENERAL CONDITIONS\n\n1. Cancellation. Either party may cancel this policy by giving 60 days written notice to the other at its last known address. Where the Insurer cancels, a pro rata return of premium shall be made provided no claim has been notified during the Period of Insurance."
    }
  ],
  "model": "stub:reading-comprehension-v1",
  "params": {
    "effort": "medium",
    "max_tokens": 16000
  },
  "output": {
    "claim_number": "[CLAIM NUMBER REDACTED]",
    "date_of_loss": "25 July 2026",
    "coverage_decision": "denied",
    "cited_exclusion_id": "4.1",
    "excess_amount": 250000.0,
    "summary": "Notes describe circumstances matching an excluded scenario: (d) loss or damage to stock stored below ground level unless raised at least 150 millimetres above the finished floor level;",
    "citations": [
      "4fa131d2878b9fbf::0001"
    ]
  },
  "output_notes": []
}
---
{
  "trace_id": "trc_00062",
  "created_at": "2026-08-30T21:31:44.631968+00:00",
  "feature": "claim_summary",
  "prompt_version": "claim-summary-v1",
  "input_redacted": "Claim [CLAIM NUMBER REDACTED]. Flood on 25 June 2026 destroyed standing timber stored in the open yard at the insured's site. Claimed amount GBP 23,279.",
  "redacted_fields": [
    "claim_number:CLM-2026-48949"
  ],
  "retrieval_mode": "hybrid_bm25_rrf",
  "retrieved": [
    {
      "chunk_id": "4fa131d2878b9fbf::0001",
      "doc_id": "4fa131d2878b9fbf",
      "filename": "sample_endorsement_pack.pdf",
      "page": 1,
      "page_end": 2,
      "section_path": "ENDORSEMENT NO. 1 - FLOOD SUB-LIMIT AMENDMENT > 3. DEDUCTIBLE",
      "clause_label": "3. DEDUCTIBLE",
      "score": 0.0328,
      "text": "3. DEDUCTIBLE\nA deductible of GBP 250,000 each and every loss applies to loss or damage caused by Flood at any location within a Flood Zone. At all other locations the standard property deductible of GBP 50,000 each and every loss continues to apply.\n\nSECTION 4 - CONDITIONS APPLYING TO THIS ENDORSEMENT\n\n4.1 Flood Defence Maintenance\nThe Insured shall maintain all demountable flood barriers, non-return valves and sump pumps at each insured location in good and effective working order, and shall test them at intervals of not more than six months. A written record of each test shall be kept for a period of three years and produced to the Insurer on request.\n\n4.2 Exclusions\nNotwithstanding anything to the contrary in the policy, this endorsement does not cover loss, damage, cost or expense arising directly or indirectly out of:\n\n(a) subsidence, ground heave or landslip, whether or not caused or contributed to by Flood; (b) loss of or damage to growing crops, standing timber, or livestock in the open; (c) any property in the course of construction, erection or installation where the contract value exceeds GBP 1,000,000; (d) loss or damage to stock stored below ground level unless raised at least 150 millimetres above the finished floor level; (e) any fine, penalty or punitive damages levied by a regulator following a Flood event.\n\n4.2.1 Erosion of the sub-limit\nEach payment made under this endorsement, including any payment for professional fees and debris removal, erodes the annual aggregate sub-limit stated in clause 2. Once the annual aggregate sub-limit is exhausted no further payment shall be made under this endorsement for the remainder of the Period of Insurance."
    },
    {
      "chunk_id": "4fa131d2878b9fbf::0000",
      "doc_id": "4fa131d2878b9fbf",
      "filename": "sample_endorsement_pack.pdf",
      "page": 1,
      "page_end": 1,
      "section_path": "GLOBAL MANUFACTURING LTD",
      "clause_label": "GLOBAL MANUFACTURING LTD",
      "score": 0.0323,
      "text": "GLOBAL MANUFACTURING LTD\n\nCOMMERCIAL PROPERTY AND LIABILITY ENDORSEMENT PACK\nPolicy Number GML-2024-88213. Period of Insurance: 1 April 2024 to 31 March 2025, both dates inclusive at the address of the Insured. This pack records every endorsement attached to the policy and supersedes any endorsement schedule issued previously.\n\nENDORSEMENT NO. 1 - FLOOD SUB-LIMIT AMENDMENT\nEffective from 1 June 2024. In consideration of the additional premium of GBP 42,750 the following amendments are made to the Property Damage section of the policy.\n\n1. DEFINITIONS\n\n1.1 Flood means the escape of water from the normal confines of any natural or artificial watercourse, lake, reservoir, canal or dam, or inundation from the sea, whether driven by storm or otherwise.\n\n1.2 Flood Zone means any location identified as Zone 2 or Zone 3 on the Environment Agency Flood Map for Planning current at the inception of this endorsement.\n\n2. AMENDMENT TO LIMIT\nThe sub-limit applicable to loss or damage caused by Flood is amended from GBP 2,500,000 to GBP 5,000,000 in the annual aggregate. The revised sub-limit applies to all insured locations combined and is part of, and not in addition to, the policy limit of GBP 40,000,000 any one occurrence.\n\n3. DEDUCTIBLE\nA deductible of GBP 250,000 each and every loss applies to loss or damage caused by Flood at any location within a Flood Zone. At all other locations the standard property deductible of GBP 50,000 each and every loss continues to apply.\n\nSECTION 4 - CONDITIONS APPLYING TO THIS ENDORSEMENT"
    },
    {
      "chunk_id": "4fa131d2878b9fbf::0006",
      "doc_id": "4fa131d2878b9fbf",
      "filename": "sample_endorsement_pack.pdf",
      "page": 3,
      "page_end": 4,
      "section_path": "ENDORSEMENT NO. 3 - BUSINESS INTERRUPTION AMENDMENTS > GENERAL CONDITIONS",
      "clause_label": "GENERAL CONDITIONS",
      "score": 0.0313,
      "text": "GENERAL CONDITIONS\n\n1. Cancellation. Either party may cancel this policy by giving 60 days written notice to the other at its last known address. Where the Insurer cancels, a pro rata return of premium shall be made provided no claim has been notified during the Period of Insurance.\n\n2. Governing law. This policy shall be governed by and construed in accordance with the law of England and Wales, and the parties submit to the exclusive jurisdiction of the courts of England and Wales.\n\n3. Premium payment. The premium is due within 45 days of inception. Failure to pay within that period entitles the Insurer to cancel in accordance with General Condition 1 above.\n\nENDORSEMENT NO. 4 - SEQUENTIAL WATER INTRUSION EXCLUSION\nEffective from 1 February 2025. This endorsement is issued under reference END-2024-0417 and adopts the exclusion wording of Form HO-0304 edition 03-24, reproduced at clause 4.3 below, which supersedes and replaces any earlier edition of Form HO-0304 referenced in the Insured's document file.\n\n4.3 Exclusion Code E-17 - Sequential Water Intrusion Events\nExclusion Code E-17 (Form HO-0304, edition 03-24). This policy does not cover loss or damage arising from a second or subsequent Flood event at the same insured location where that event occurs within 60 consecutive days of an earlier Flood event at the same location, regardless of whether a claim was made for the earlier event. This exclusion applies in addition to, and does not narrow, the deductible and sub-limit provisions of clauses 2 and 3 above.\n\n4.4 Interaction with the Flood Defence Condition\nExclusion Code E-17 does not apply where the Insured can demonstrate that the flood barriers, non-return valves and sump pumps required by clause 4.1 were tested and in good working order in the 60 days immediately preceding the second or subsequent Flood event."
    },
    {
      "chunk_id": "5ccd70c8aadf500e::0000",
      "doc_id": "5ccd70c8aadf500e",
      "filename": "form_ho0304_archive.pdf",
      "page": 1,
      "page_end": 1,
      "section_path": "FORM LIBRARY - ARCHIVED WORDING ON FILE",
      "clause_label": "FORM LIBRARY - ARCHIVED WORDING ON FILE",
      "score": 0.031,
      "text": "FORM LIBRARY - ARCHIVED WORDING ON FILE\nThis file retains prior editions of Form HO-0304 for audit and reference purposes against policy GML-2024-88213. The edition currently endorsed to the policy is 03-24 (see the waterdamage endorsement in the main endorsement pack for its reference number). Earlier editions below are retained for reference only and do not apply to a loss occurring after the date their text says they were superseded.\n\nFORM HO-0304 - EDITION 01-22\nEXCLUSION CODE E-17 - SEQUENTIAL WATER INTRUSION EVENTS (EDITION 01-22)\n\nExclusion Code E-17 (Form HO-0304, edition 01-22). This policy does not cover loss or damage arising from a second or subsequent Flood event at the same insured location where that event occurs within 30 consecutive days of an earlier Flood event at the same location. Superseded by edition 06-22 with effect from 1 June 2022.\n\nFORM HO-0304 - EDITION 06-22\nEXCLUSION CODE E-17 - SEQUENTIAL WATER INTRUSION EVENTS (EDITION 06-22)\n\nExclusion Code E-17 (Form HO-0304, edition 06-22). This policy does not cover loss or damage arising from a second or subsequent Flood event at the same insured location where that event occurs within 35 consecutive days of an earlier Flood event at the same location. Superseded by edition 09-23 with effect from 1 September 2023.\n\nFORM HO-0304 - EDITION 09-23\nEXCLUSION CODE E-17 - SEQUENTIAL WATER INTRUSION EVENTS (EDITION 09-23)\n\nExclusion Code E-17 (Form HO-0304, edition 09-23). This policy does not cover loss or damage arising from a second or subsequent Flood event at the same insured location where that event occurs within 45 consecutive days of an earlier Flood event at the same location, save that this exclusion does not apply to a Flood event caused solely by a named windstorm. Superseded by edition 01-24 with effect from 1 January 2024."
    },
    {
      "chunk_id": "5ccd70c8aadf500e::0001",
      "doc_id": "5ccd70c8aadf500e",
      "filename": "form_ho0304_archive.pdf",
      "page": 1,
      "page_end": 1,
      "section_path": "FORM HO-0304 - EDITION 01-24",
      "clause_label": "FORM HO-0304 - EDITION 01-24",
      "score": 0.0308,
      "text": "This policy does not cover loss or damage arising from a second or subsequent Flood event at the same insured location where that event occurs within 45 consecutive days of an earlier Flood event at the same location, save that this exclusion does not apply to a Flood event caused solely by a named windstorm. Superseded by edition 01-24 with effect from 1 January 2024.\n\nFORM HO-0304 - EDITION 01-24\nEXCLUSION CODE E-17 - SEQUENTIAL WATER INTRUSION EVENTS (EDITION 01-24)\n\nExclusion Code E-17 (Form HO-0304, edition 01-24). This policy does not cover loss or damage arising from a second or subsequent Flood event at the same insured location where that event occurs within 55 consecutive days of an earlier Flood event at the same location, save that this exclusion does not apply to a Flood event caused solely by a named windstorm. Superseded by edition 03-24 with effect from 1 February 2025."
    }
  ],
  "model": "stub:reading-comprehension-v1",
  "params": {
    "effort": "medium",
    "max_tokens": 16000
  },
  "output": {
    "claim_number": "[CLAIM NUMBER REDACTED]",
    "date_of_loss": "25 June 2026",
    "coverage_decision": "denied",
    "cited_exclusion_id": "4.1",
    "excess_amount": 250000.0,
    "summary": "Notes describe circumstances matching an excluded scenario: (b) loss of or damage to growing crops, standing timber, or livestock in the open;",
    "citations": [
      "4fa131d2878b9fbf::0001"
    ]
  },
  "output_notes": []
}
---
{
  "trace_id": "trc_00063",
  "created_at": "2026-08-30T21:31:44.646956+00:00",
  "feature": "claim_summary",
  "prompt_version": "claim-summary-v1",
  "input_redacted": "Claim [CLAIM NUMBER REDACTED]. Second flood event at the same insured location on 21 April 2026, 14 days after an earlier flood event on 07 April 2026 at the same location. Estimated damage GBP 251,052. Insured's flood-defence test log shows the sump pumps and non-return valves were tested and working 20 days before this second event. Form on file is HO-0304 edition 03-24.",
  "redacted_fields": [
    "claim_number:CLM-2026-40897"
  ],
  "retrieval_mode": "hybrid_bm25_rrf",
  "retrieved": [
    {
      "chunk_id": "5ccd70c8aadf500e::0001",
      "doc_id": "5ccd70c8aadf500e",
      "filename": "form_ho0304_archive.pdf",
      "page": 1,
      "page_end": 1,
      "section_path": "FORM HO-0304 - EDITION 01-24",
      "clause_label": "FORM HO-0304 - EDITION 01-24",
      "score": 0.032,
      "text": "This policy does not cover loss or damage arising from a second or subsequent Flood event at the same insured location where that event occurs within 45 consecutive days of an earlier Flood event at the same location, save that this exclusion does not apply to a Flood event caused solely by a named windstorm. Superseded by edition 01-24 with effect from 1 January 2024.\n\nFORM HO-0304 - EDITION 01-24\nEXCLUSION CODE E-17 - SEQUENTIAL WATER INTRUSION EVENTS (EDITION 01-24)\n\nExclusion Code E-17 (Form HO-0304, edition 01-24). This policy does not cover loss or damage arising from a second or subsequent Flood event at the same insured location where that event occurs within 55 consecutive days of an earlier Flood event at the same location, save that this exclusion does not apply to a Flood event caused solely by a named windstorm. Superseded by edition 03-24 with effect from 1 February 2025."
    },
    {
      "chunk_id": "4fa131d2878b9fbf::0001",
      "doc_id": "4fa131d2878b9fbf",
      "filename": "sample_endorsement_pack.pdf",
      "page": 1,
      "page_end": 2,
      "section_path": "ENDORSEMENT NO. 1 - FLOOD SUB-LIMIT AMENDMENT > 3. DEDUCTIBLE",
      "clause_label": "3. DEDUCTIBLE",
      "score": 0.032,
      "text": "3. DEDUCTIBLE\nA deductible of GBP 250,000 each and every loss applies to loss or damage caused by Flood at any location within a Flood Zone. At all other locations the standard property deductible of GBP 50,000 each and every loss continues to apply.\n\nSECTION 4 - CONDITIONS APPLYING TO THIS ENDORSEMENT\n\n4.1 Flood Defence Maintenance\nThe Insured shall maintain all demountable flood barriers, non-return valves and sump pumps at each insured location in good and effective working order, and shall test them at intervals of not more than six months. A written record of each test shall be kept for a period of three years and produced to the Insurer on request.\n\n4.2 Exclusions\nNotwithstanding anything to the contrary in the policy, this endorsement does not cover loss, damage, cost or expense arising directly or indirectly out of:\n\n(a) subsidence, ground heave or landslip, whether or not caused or contributed to by Flood; (b) loss of or damage to growing crops, standing timber, or livestock in the open; (c) any property in the course of construction, erection or installation where the contract value exceeds GBP 1,000,000; (d) loss or damage to stock stored below ground level unless raised at least 150 millimetres above the finished floor level; (e) any fine, penalty or punitive damages levied by a regulator following a Flood event.\n\n4.2.1 Erosion of the sub-limit\nEach payment made under this endorsement, including any payment for professional fees and debris removal, erodes the annual aggregate sub-limit stated in clause 2. Once the annual aggregate sub-limit is exhausted no further payment shall be made under this endorsement for the remainder of the Period of Insurance."
    },
    {
      "chunk_id": "4fa131d2878b9fbf::0006",
      "doc_id": "4fa131d2878b9fbf",
      "filename": "sample_endorsement_pack.pdf",
      "page": 3,
      "page_end": 4,
      "section_path": "ENDORSEMENT NO. 3 - BUSINESS INTERRUPTION AMENDMENTS > GENERAL CONDITIONS",
      "clause_label": "GENERAL CONDITIONS",
      "score": 0.0318,
      "text": "GENERAL CONDITIONS\n\n1. Cancellation. Either party may cancel this policy by giving 60 days written notice to the other at its last known address. Where the Insurer cancels, a pro rata return of premium shall be made provided no claim has been notified during the Period of Insurance.\n\n2. Governing law. This policy shall be governed by and construed in accordance with the law of England and Wales, and the parties submit to the exclusive jurisdiction of the courts of England and Wales.\n\n3. Premium payment. The premium is due within 45 days of inception. Failure to pay within that period entitles the Insurer to cancel in accordance with General Condition 1 above.\n\nENDORSEMENT NO. 4 - SEQUENTIAL WATER INTRUSION EXCLUSION\nEffective from 1 February 2025. This endorsement is issued under reference END-2024-0417 and adopts the exclusion wording of Form HO-0304 edition 03-24, reproduced at clause 4.3 below, which supersedes and replaces any earlier edition of Form HO-0304 referenced in the Insured's document file.\n\n4.3 Exclusion Code E-17 - Sequential Water Intrusion Events\nExclusion Code E-17 (Form HO-0304, edition 03-24). This policy does not cover loss or damage arising from a second or subsequent Flood event at the same insured location where that event occurs within 60 consecutive days of an earlier Flood event at the same location, regardless of whether a claim was made for the earlier event. This exclusion applies in addition to, and does not narrow, the deductible and sub-limit provisions of clauses 2 and 3 above.\n\n4.4 Interaction with the Flood Defence Condition\nExclusion Code E-17 does not apply where the Insured can demonstrate that the flood barriers, non-return valves and sump pumps required by clause 4.1 were tested and in good working order in the 60 days immediately preceding the second or subsequent Flood event."
    },
    {
      "chunk_id": "5ccd70c8aadf500e::0000",
      "doc_id": "5ccd70c8aadf500e",
      "filename": "form_ho0304_archive.pdf",
      "page": 1,
      "page_end": 1,
      "section_path": "FORM LIBRARY - ARCHIVED WORDING ON FILE",
      "clause_label": "FORM LIBRARY - ARCHIVED WORDING ON FILE",
      "score": 0.0318,
      "text": "FORM LIBRARY - ARCHIVED WORDING ON FILE\nThis file retains prior editions of Form HO-0304 for audit and reference purposes against policy GML-2024-88213. The edition currently endorsed to the policy is 03-24 (see the waterdamage endorsement in the main endorsement pack for its reference number). Earlier editions below are retained for reference only and do not apply to a loss occurring after the date their text says they were superseded.\n\nFORM HO-0304 - EDITION 01-22\nEXCLUSION CODE E-17 - SEQUENTIAL WATER INTRUSION EVENTS (EDITION 01-22)\n\nExclusion Code E-17 (Form HO-0304, edition 01-22). This policy does not cover loss or damage arising from a second or subsequent Flood event at the same insured location where that event occurs within 30 consecutive days of an earlier Flood event at the same location. Superseded by edition 06-22 with effect from 1 June 2022.\n\nFORM HO-0304 - EDITION 06-22\nEXCLUSION CODE E-17 - SEQUENTIAL WATER INTRUSION EVENTS (EDITION 06-22)\n\nExclusion Code E-17 (Form HO-0304, edition 06-22). This policy does not cover loss or damage arising from a second or subsequent Flood event at the same insured location where that event occurs within 35 consecutive days of an earlier Flood event at the same location. Superseded by edition 09-23 with effect from 1 September 2023.\n\nFORM HO-0304 - EDITION 09-23\nEXCLUSION CODE E-17 - SEQUENTIAL WATER INTRUSION EVENTS (EDITION 09-23)\n\nExclusion Code E-17 (Form HO-0304, edition 09-23). This policy does not cover loss or damage arising from a second or subsequent Flood event at the same insured location where that event occurs within 45 consecutive days of an earlier Flood event at the same location, save that this exclusion does not apply to a Flood event caused solely by a named windstorm. Superseded by edition 01-24 with effect from 1 January 2024."
    },
    {
      "chunk_id": "4fa131d2878b9fbf::0000",
      "doc_id": "4fa131d2878b9fbf",
      "filename": "sample_endorsement_pack.pdf",
      "page": 1,
      "page_end": 1,
      "section_path": "GLOBAL MANUFACTURING LTD",
      "clause_label": "GLOBAL MANUFACTURING LTD",
      "score": 0.0313,
      "text": "GLOBAL MANUFACTURING LTD\n\nCOMMERCIAL PROPERTY AND LIABILITY ENDORSEMENT PACK\nPolicy Number GML-2024-88213. Period of Insurance: 1 April 2024 to 31 March 2025, both dates inclusive at the address of the Insured. This pack records every endorsement attached to the policy and supersedes any endorsement schedule issued previously.\n\nENDORSEMENT NO. 1 - FLOOD SUB-LIMIT AMENDMENT\nEffective from 1 June 2024. In consideration of the additional premium of GBP 42,750 the following amendments are made to the Property Damage section of the policy.\n\n1. DEFINITIONS\n\n1.1 Flood means the escape of water from the normal confines of any natural or artificial watercourse, lake, reservoir, canal or dam, or inundation from the sea, whether driven by storm or otherwise.\n\n1.2 Flood Zone means any location identified as Zone 2 or Zone 3 on the Environment Agency Flood Map for Planning current at the inception of this endorsement.\n\n2. AMENDMENT TO LIMIT\nThe sub-limit applicable to loss or damage caused by Flood is amended from GBP 2,500,000 to GBP 5,000,000 in the annual aggregate. The revised sub-limit applies to all insured locations combined and is part of, and not in addition to, the policy limit of GBP 40,000,000 any one occurrence.\n\n3. DEDUCTIBLE\nA deductible of GBP 250,000 each and every loss applies to loss or damage caused by Flood at any location within a Flood Zone. At all other locations the standard property deductible of GBP 50,000 each and every loss continues to apply.\n\nSECTION 4 - CONDITIONS APPLYING TO THIS ENDORSEMENT"
    }
  ],
  "model": "stub:reading-comprehension-v1",
  "params": {
    "effort": "medium",
    "max_tokens": 16000
  },
  "output": {
    "claim_number": "[CLAIM NUMBER REDACTED]",
    "date_of_loss": "21 April 2026",
    "coverage_decision": "denied",
    "cited_exclusion_id": "4.3",
    "excess_amount": null,
    "summary": "Notes describe circumstances matching an excluded scenario: 4.4 Interaction with the Flood Defence Condition\nExclusion Code E-17 does not apply where the Insured can demonstrate that the flood barriers, non-return valves and sump pumps required by clause 4.1 were tested and in good working order in the 60 days immediately preceding the second or subsequent Flood event.",
    "citations": [
      "4fa131d2878b9fbf::0006"
    ]
  },
  "output_notes": []
}
---
{
  "trace_id": "trc_00064",
  "created_at": "2026-08-30T21:31:44.662515+00:00",
  "feature": "claim_summary",
  "prompt_version": "claim-summary-v1",
  "input_redacted": "Claim [CLAIM NUMBER REDACTED]. Flood loss on 08 May 2026. During the claim visit the loss adjuster found the insured's sump pumps had not been tested in the preceding nine months, against the six-month testing condition. No test log was produced. Estimated damage GBP 103,695. Insured asks whether this affects the claim.",
  "redacted_fields": [
    "claim_number:CLM-2026-58454"
  ],
  "retrieval_mode": "hybrid_bm25_rrf",
  "retrieved": [
    {
      "chunk_id": "4fa131d2878b9fbf::0001",
      "doc_id": "4fa131d2878b9fbf",
      "filename": "sample_endorsement_pack.pdf",
      "page": 1,
      "page_end": 2,
      "section_path": "ENDORSEMENT NO. 1 - FLOOD SUB-LIMIT AMENDMENT > 3. DEDUCTIBLE",
      "clause_label": "3. DEDUCTIBLE",
      "score": 0.0325,
      "text": "3. DEDUCTIBLE\nA deductible of GBP 250,000 each and every loss applies to loss or damage caused by Flood at any location within a Flood Zone. At all other locations the standard property deductible of GBP 50,000 each and every loss continues to apply.\n\nSECTION 4 - CONDITIONS APPLYING TO THIS ENDORSEMENT\n\n4.1 Flood Defence Maintenance\nThe Insured shall maintain all demountable flood barriers, non-return valves and sump pumps at each insured location in good and effective working order, and shall test them at intervals of not more than six months. A written record of each test shall be kept for a period of three years and produced to the Insurer on request.\n\n4.2 Exclusions\nNotwithstanding anything to the contrary in the policy, this endorsement does not cover loss, damage, cost or expense arising directly or indirectly out of:\n\n(a) subsidence, ground heave or landslip, whether or not caused or contributed to by Flood; (b) loss of or damage to growing crops, standing timber, or livestock in the open; (c) any property in the course of construction, erection or installation where the contract value exceeds GBP 1,000,000; (d) loss or damage to stock stored below ground level unless raised at least 150 millimetres above the finished floor level; (e) any fine, penalty or punitive damages levied by a regulator following a Flood event.\n\n4.2.1 Erosion of the sub-limit\nEach payment made under this endorsement, including any payment for professional fees and debris removal, erodes the annual aggregate sub-limit stated in clause 2. Once the annual aggregate sub-limit is exhausted no further payment shall be made under this endorsement for the remainder of the Period of Insurance."
    },
    {
      "chunk_id": "4fa131d2878b9fbf::0006",
      "doc_id": "4fa131d2878b9fbf",
      "filename": "sample_endorsement_pack.pdf",
      "page": 3,
      "page_end": 4,
      "section_path": "ENDORSEMENT NO. 3 - BUSINESS INTERRUPTION AMENDMENTS > GENERAL CONDITIONS",
      "clause_label": "GENERAL CONDITIONS",
      "score": 0.0318,
      "text": "GENERAL CONDITIONS\n\n1. Cancellation. Either party may cancel this policy by giving 60 days written notice to the other at its last known address. Where the Insurer cancels, a pro rata return of premium shall be made provided no claim has been notified during the Period of Insurance.\n\n2. Governing law. This policy shall be governed by and construed in accordance with the law of England and Wales, and the parties submit to the exclusive jurisdiction of the courts of England and Wales.\n\n3. Premium payment. The premium is due within 45 days of inception. Failure to pay within that period entitles the Insurer to cancel in accordance with General Condition 1 above.\n\nENDORSEMENT NO. 4 - SEQUENTIAL WATER INTRUSION EXCLUSION\nEffective from 1 February 2025. This endorsement is issued under reference END-2024-0417 and adopts the exclusion wording of Form HO-0304 edition 03-24, reproduced at clause 4.3 below, which supersedes and replaces any earlier edition of Form HO-0304 referenced in the Insured's document file.\n\n4.3 Exclusion Code E-17 - Sequential Water Intrusion Events\nExclusion Code E-17 (Form HO-0304, edition 03-24). This policy does not cover loss or damage arising from a second or subsequent Flood event at the same insured location where that event occurs within 60 consecutive days of an earlier Flood event at the same location, regardless of whether a claim was made for the earlier event. This exclusion applies in addition to, and does not narrow, the deductible and sub-limit provisions of clauses 2 and 3 above.\n\n4.4 Interaction with the Flood Defence Condition\nExclusion Code E-17 does not apply where the Insured can demonstrate that the flood barriers, non-return valves and sump pumps required by clause 4.1 were tested and in good working order in the 60 days immediately preceding the second or subsequent Flood event."
    },
    {
      "chunk_id": "4fa131d2878b9fbf::0000",
      "doc_id": "4fa131d2878b9fbf",
      "filename": "sample_endorsement_pack.pdf",
      "page": 1,
      "page_end": 1,
      "section_path": "GLOBAL MANUFACTURING LTD",
      "clause_label": "GLOBAL MANUFACTURING LTD",
      "score": 0.0318,
      "text": "GLOBAL MANUFACTURING LTD\n\nCOMMERCIAL PROPERTY AND LIABILITY ENDORSEMENT PACK\nPolicy Number GML-2024-88213. Period of Insurance: 1 April 2024 to 31 March 2025, both dates inclusive at the address of the Insured. This pack records every endorsement attached to the policy and supersedes any endorsement schedule issued previously.\n\nENDORSEMENT NO. 1 - FLOOD SUB-LIMIT AMENDMENT\nEffective from 1 June 2024. In consideration of the additional premium of GBP 42,750 the following amendments are made to the Property Damage section of the policy.\n\n1. DEFINITIONS\n\n1.1 Flood means the escape of water from the normal confines of any natural or artificial watercourse, lake, reservoir, canal or dam, or inundation from the sea, whether driven by storm or otherwise.\n\n1.2 Flood Zone means any location identified as Zone 2 or Zone 3 on the Environment Agency Flood Map for Planning current at the inception of this endorsement.\n\n2. AMENDMENT TO LIMIT\nThe sub-limit applicable to loss or damage caused by Flood is amended from GBP 2,500,000 to GBP 5,000,000 in the annual aggregate. The revised sub-limit applies to all insured locations combined and is part of, and not in addition to, the policy limit of GBP 40,000,000 any one occurrence.\n\n3. DEDUCTIBLE\nA deductible of GBP 250,000 each and every loss applies to loss or damage caused by Flood at any location within a Flood Zone. At all other locations the standard property deductible of GBP 50,000 each and every loss continues to apply.\n\nSECTION 4 - CONDITIONS APPLYING TO THIS ENDORSEMENT"
    },
    {
      "chunk_id": "5ccd70c8aadf500e::0001",
      "doc_id": "5ccd70c8aadf500e",
      "filename": "form_ho0304_archive.pdf",
      "page": 1,
      "page_end": 1,
      "section_path": "FORM HO-0304 - EDITION 01-24",
      "clause_label": "FORM HO-0304 - EDITION 01-24",
      "score": 0.0313,
      "text": "This policy does not cover loss or damage arising from a second or subsequent Flood event at the same insured location where that event occurs within 45 consecutive days of an earlier Flood event at the same location, save that this exclusion does not apply to a Flood event caused solely by a named windstorm. Superseded by edition 01-24 with effect from 1 January 2024.\n\nFORM HO-0304 - EDITION 01-24\nEXCLUSION CODE E-17 - SEQUENTIAL WATER INTRUSION EVENTS (EDITION 01-24)\n\nExclusion Code E-17 (Form HO-0304, edition 01-24). This policy does not cover loss or damage arising from a second or subsequent Flood event at the same insured location where that event occurs within 55 consecutive days of an earlier Flood event at the same location, save that this exclusion does not apply to a Flood event caused solely by a named windstorm. Superseded by edition 03-24 with effect from 1 February 2025."
    },
    {
      "chunk_id": "4fa131d2878b9fbf::0005",
      "doc_id": "4fa131d2878b9fbf",
      "filename": "sample_endorsement_pack.pdf",
      "page": 3,
      "page_end": 3,
      "section_path": "ENDORSEMENT NO. 2 - CYBER AND DATA EXCLUSION > SECTION 2 - EXCLUSION WORDING > 2.",
      "clause_label": "2.",
      "score": 0.0308,
      "text": "(h) the deliberate act of any employee, contractor or agent of the Insured taken with intent to cause a Cyber Incident, whether or not that person was acting within the scope of their employment or engagement, and whether or not the Insured had performed pre-engagement screening on that person.\n\nSECTION 3 - WRITE-BACK FOR PHYSICAL DAMAGE\n\n3. Subject to all other terms of the policy, this exclusion shall not apply to physical loss of or physical damage to insured property arising from fire or explosion which itself results from a Cyber Incident, provided that the fire or explosion is not the result of a Cyber Act committed with intent to cause physical damage.\n\nENDORSEMENT NO. 3 - BUSINESS INTERRUPTION AMENDMENTS\nEffective from 1 October 2024. The Business Interruption section is amended as set out below. All other terms, conditions and exclusions remain unaltered.\n\n1. WAITING PERIOD\nA waiting period of 72 consecutive hours applies to each and every claim under the Business Interruption section. No indemnity is payable in respect of any interruption that is remedied within the waiting period.\n\n2. INDEMNITY PERIOD\nThe maximum indemnity period is extended from 12 months to 18 months from the date on which the interruption begins.\n\n3. NOTIFICATION OF CLAIM\n3. The Insured shall give written notice to the Insurer of any event likely to give rise to a claim under this section within 30 days of that event becoming known to a director or to the risk manager of the Insured. Notice given to the broker alone does not constitute notice to the Insurer.\n\nGENERAL CONDITIONS\n\n1. Cancellation. Either party may cancel this policy by giving 60 days written notice to the other at its last known address. Where the Insurer cancels, a pro rata return of premium shall be made provided no claim has been notified during the Period of Insurance."
    }
  ],
  "model": "stub:reading-comprehension-v1",
  "params": {
    "effort": "medium",
    "max_tokens": 16000
  },
  "output": {
    "claim_number": "[CLAIM NUMBER REDACTED]",
    "date_of_loss": "08 May 2026",
    "coverage_decision": "covered",
    "cited_exclusion_id": null,
    "excess_amount": null,
    "summary": "Notes match an insured peril: This policy does not cover loss or damage arising from a second or subsequent Flood event at the same insured location where that event occurs within 60 consecutive days of an earlier Flood event at the same location, regardless of whether a claim was made for the earlier event.",
    "citations": [
      "4fa131d2878b9fbf::0006"
    ]
  },
  "output_notes": []
}
---
{
  "trace_id": "trc_00065",
  "created_at": "2026-08-30T21:31:44.676686+00:00",
  "feature": "claim_summary",
  "prompt_version": "claim-summary-v1",
  "input_redacted": "Claim [CLAIM NUMBER REDACTED]. Ransomware incident on 22 June 2026 encrypted the insured's order management system; insured paid a ransom of GBP 285,603 in cryptocurrency to restore access. Insured asks whether the ransom payment is covered.",
  "redacted_fields": [
    "claim_number:CLM-2026-57895"
  ],
  "retrieval_mode": "hybrid_bm25_rrf",
  "retrieved": [
    {
      "chunk_id": "4fa131d2878b9fbf::0004",
      "doc_id": "4fa131d2878b9fbf",
      "filename": "sample_endorsement_pack.pdf",
      "page": 2,
      "page_end": 3,
      "section_path": "ENDORSEMENT NO. 2 - CYBER AND DATA EXCLUSION > SECTION 2 - EXCLUSION WORDING > 2.",
      "clause_label": "2.",
      "score": 0.0328,
      "text": "(d) the receipt, transmission, distribution or storage of any Malicious Code, whether or not that Malicious Code was introduced deliberately, negligently or inadvertently, and whether or not the Insured had in place anti-malware controls conforming to any recognised standard including ISO 27001 or the National Institute of Standards and Technology Cybersecurity Framework;\n(e) any regulatory investigation, enquiry, examination, inspection, hearing or proceeding brought by any data protection authority, supervisory authority, information commissioner or equivalent body in any jurisdiction, together with the costs of responding to any request for information from such a body, and together with any administrative fine or penalty however described;\n(f) any extortion demand, ransom payment, cryptocurrency transfer or negotiation fee made or incurred in response to a threat to a Computer System or to Data, and including the fees of any incident response firm, ransomware negotiator or public relations consultant engaged in connection with that threat;\n(g) any breach of contract, warranty, guarantee, service level agreement or licence term relating to the performance, security, availability or integrity of any Computer System or Data, whether that contract was entered into by the Insured as supplier or as customer;\n(h) the deliberate act of any employee, contractor or agent of the Insured taken with intent to cause a Cyber Incident, whether or not that person was acting within the scope of their employment or engagement, and whether or not the Insured had performed pre-engagement screening on that person.\n\nSECTION 3 - WRITE-BACK FOR PHYSICAL DAMAGE"
    },
    {
      "chunk_id": "4fa131d2878b9fbf::0003",
      "doc_id": "4fa131d2878b9fbf",
      "filename": "sample_endorsement_pack.pdf",
      "page": 2,
      "page_end": 2,
      "section_path": "ENDORSEMENT NO. 2 - CYBER AND DATA EXCLUSION > SECTION 2 - EXCLUSION WORDING > 2.",
      "clause_label": "2.",
      "score": 0.0318,
      "text": "to any action taken in controlling, preventing, suppressing or remediating any Cyber Act or Cyber Incident, and including the cost of any forensic investigation commissioned by the Insured or by any regulator, and including any sum paid or payable to a third party by way of settlement, judgment, award or contractual indemnity in respect of such an act or incident, whether or not the Insured admitted liability;\n(b) any loss of use, reduction in functionality, repair, replacement, restoration or reproduction of any Data, including any amount pertaining to the value of such Data, and including the cost of re-keying, re-entering or otherwise reconstituting Data from source documents where those documents themselves remain undamaged, and including any loss of profit consequent upon such loss of use;\n(c) the failure, malfunction, degradation, unavailability or interruption of any Computer System, whether owned or operated by the Insured or by any third party service provider, cloud host, managed service provider or telecommunications carrier upon which the Insured relies, and whether or not the Insured had a contractual right of recourse against that party;\n(d) the receipt, transmission, distribution or storage of any Malicious Code, whether or not that Malicious Code was introduced deliberately, negligently or inadvertently, and whether or not the Insured had in place anti-malware controls conforming to any recognised standard including ISO 27001 or the National Institute of Standards and Technology Cybersecurity Framework;"
    },
    {
      "chunk_id": "4fa131d2878b9fbf::0006",
      "doc_id": "4fa131d2878b9fbf",
      "filename": "sample_endorsement_pack.pdf",
      "page": 3,
      "page_end": 4,
      "section_path": "ENDORSEMENT NO. 3 - BUSINESS INTERRUPTION AMENDMENTS > GENERAL CONDITIONS",
      "clause_label": "GENERAL CONDITIONS",
      "score": 0.0317,
      "text": "GENERAL CONDITIONS\n\n1. Cancellation. Either party may cancel this policy by giving 60 days written notice to the other at its last known address. Where the Insurer cancels, a pro rata return of premium shall be made provided no claim has been notified during the Period of Insurance.\n\n2. Governing law. This policy shall be governed by and construed in accordance with the law of England and Wales, and the parties submit to the exclusive jurisdiction of the courts of England and Wales.\n\n3. Premium payment. The premium is due within 45 days of inception. Failure to pay within that period entitles the Insurer to cancel in accordance with General Condition 1 above.\n\nENDORSEMENT NO. 4 - SEQUENTIAL WATER INTRUSION EXCLUSION\nEffective from 1 February 2025. This endorsement is issued under reference END-2024-0417 and adopts the exclusion wording of Form HO-0304 edition 03-24, reproduced at clause 4.3 below, which supersedes and replaces any earlier edition of Form HO-0304 referenced in the Insured's document file.\n\n4.3 Exclusion Code E-17 - Sequential Water Intrusion Events\nExclusion Code E-17 (Form HO-0304, edition 03-24). This policy does not cover loss or damage arising from a second or subsequent Flood event at the same insured location where that event occurs within 60 consecutive days of an earlier Flood event at the same location, regardless of whether a claim was made for the earlier event. This exclusion applies in addition to, and does not narrow, the deductible and sub-limit provisions of clauses 2 and 3 above.\n\n4.4 Interaction with the Flood Defence Condition\nExclusion Code E-17 does not apply where the Insured can demonstrate that the flood barriers, non-return valves and sump pumps required by clause 4.1 were tested and in good working order in the 60 days immediately preceding the second or subsequent Flood event."
    },
    {
      "chunk_id": "4fa131d2878b9fbf::0001",
      "doc_id": "4fa131d2878b9fbf",
      "filename": "sample_endorsement_pack.pdf",
      "page": 1,
      "page_end": 2,
      "section_path": "ENDORSEMENT NO. 1 - FLOOD SUB-LIMIT AMENDMENT > 3. DEDUCTIBLE",
      "clause_label": "3. DEDUCTIBLE",
      "score": 0.0311,
      "text": "3. DEDUCTIBLE\nA deductible of GBP 250,000 each and every loss applies to loss or damage caused by Flood at any location within a Flood Zone. At all other locations the standard property deductible of GBP 50,000 each and every loss continues to apply.\n\nSECTION 4 - CONDITIONS APPLYING TO THIS ENDORSEMENT\n\n4.1 Flood Defence Maintenance\nThe Insured shall maintain all demountable flood barriers, non-return valves and sump pumps at each insured location in good and effective working order, and shall test them at intervals of not more than six months. A written record of each test shall be kept for a period of three years and produced to the Insurer on request.\n\n4.2 Exclusions\nNotwithstanding anything to the contrary in the policy, this endorsement does not cover loss, damage, cost or expense arising directly or indirectly out of:\n\n(a) subsidence, ground heave or landslip, whether or not caused or contributed to by Flood; (b) loss of or damage to growing crops, standing timber, or livestock in the open; (c) any property in the course of construction, erection or installation where the contract value exceeds GBP 1,000,000; (d) loss or damage to stock stored below ground level unless raised at least 150 millimetres above the finished floor level; (e) any fine, penalty or punitive damages levied by a regulator following a Flood event.\n\n4.2.1 Erosion of the sub-limit\nEach payment made under this endorsement, including any payment for professional fees and debris removal, erodes the annual aggregate sub-limit stated in clause 2. Once the annual aggregate sub-limit is exhausted no further payment shall be made under this endorsement for the remainder of the Period of Insurance."
    },
    {
      "chunk_id": "4fa131d2878b9fbf::0000",
      "doc_id": "4fa131d2878b9fbf",
      "filename": "sample_endorsement_pack.pdf",
      "page": 1,
      "page_end": 1,
      "section_path": "GLOBAL MANUFACTURING LTD",
      "clause_label": "GLOBAL MANUFACTURING LTD",
      "score": 0.0305,
      "text": "GLOBAL MANUFACTURING LTD\n\nCOMMERCIAL PROPERTY AND LIABILITY ENDORSEMENT PACK\nPolicy Number GML-2024-88213. Period of Insurance: 1 April 2024 to 31 March 2025, both dates inclusive at the address of the Insured. This pack records every endorsement attached to the policy and supersedes any endorsement schedule issued previously.\n\nENDORSEMENT NO. 1 - FLOOD SUB-LIMIT AMENDMENT\nEffective from 1 June 2024. In consideration of the additional premium of GBP 42,750 the following amendments are made to the Property Damage section of the policy.\n\n1. DEFINITIONS\n\n1.1 Flood means the escape of water from the normal confines of any natural or artificial watercourse, lake, reservoir, canal or dam, or inundation from the sea, whether driven by storm or otherwise.\n\n1.2 Flood Zone means any location identified as Zone 2 or Zone 3 on the Environment Agency Flood Map for Planning current at the inception of this endorsement.\n\n2. AMENDMENT TO LIMIT\nThe sub-limit applicable to loss or damage caused by Flood is amended from GBP 2,500,000 to GBP 5,000,000 in the annual aggregate. The revised sub-limit applies to all insured locations combined and is part of, and not in addition to, the policy limit of GBP 40,000,000 any one occurrence.\n\n3. DEDUCTIBLE\nA deductible of GBP 250,000 each and every loss applies to loss or damage caused by Flood at any location within a Flood Zone. At all other locations the standard property deductible of GBP 50,000 each and every loss continues to apply.\n\nSECTION 4 - CONDITIONS APPLYING TO THIS ENDORSEMENT"
    }
  ],
  "model": "stub:reading-comprehension-v1",
  "params": {
    "effort": "medium",
    "max_tokens": 16000
  },
  "output": {
    "claim_number": "[CLAIM NUMBER REDACTED]",
    "date_of_loss": "22 June 2026",
    "coverage_decision": "covered",
    "cited_exclusion_id": null,
    "excess_amount": null,
    "summary": "Notes match an insured peril: (f) any extortion demand, ransom payment, cryptocurrency transfer or negotiation fee made or incurred in response to a threat to a Computer System or to Data, and including the fees of any incident response firm, ransomware negotiator or public relations consultant engaged in connection with that threat;",
    "citations": [
      "4fa131d2878b9fbf::0004"
    ]
  },
  "output_notes": []
}
---
{
  "trace_id": "trc_00066",
  "created_at": "2026-08-30T21:31:44.690629+00:00",
  "feature": "claim_summary",
  "prompt_version": "claim-summary-v1",
  "input_redacted": "Claim [CLAIM NUMBER REDACTED]. Third flood-related payment this policy year at the insured's site, loss date 18 June 2026. Cumulative flood payments to date including this claim: GBP 3,209,205. Insured asks whether the annual aggregate flood sub-limit has been exhausted.",
  "redacted_fields": [
    "claim_number:CLM-2026-63425"
  ],
  "retrieval_mode": "hybrid_bm25_rrf",
  "retrieved": [
    {
      "chunk_id": "4fa131d2878b9fbf::0001",
      "doc_id": "4fa131d2878b9fbf",
      "filename": "sample_endorsement_pack.pdf",
      "page": 1,
      "page_end": 2,
      "section_path": "ENDORSEMENT NO. 1 - FLOOD SUB-LIMIT AMENDMENT > 3. DEDUCTIBLE",
      "clause_label": "3. DEDUCTIBLE",
      "score": 0.0325,
      "text": "3. DEDUCTIBLE\nA deductible of GBP 250,000 each and every loss applies to loss or damage caused by Flood at any location within a Flood Zone. At all other locations the standard property deductible of GBP 50,000 each and every loss continues to apply.\n\nSECTION 4 - CONDITIONS APPLYING TO THIS ENDORSEMENT\n\n4.1 Flood Defence Maintenance\nThe Insured shall maintain all demountable flood barriers, non-return valves and sump pumps at each insured location in good and effective working order, and shall test them at intervals of not more than six months. A written record of each test shall be kept for a period of three years and produced to the Insurer on request.\n\n4.2 Exclusions\nNotwithstanding anything to the contrary in the policy, this endorsement does not cover loss, damage, cost or expense arising directly or indirectly out of:\n\n(a) subsidence, ground heave or landslip, whether or not caused or contributed to by Flood; (b) loss of or damage to growing crops, standing timber, or livestock in the open; (c) any property in the course of construction, erection or installation where the contract value exceeds GBP 1,000,000; (d) loss or damage to stock stored below ground level unless raised at least 150 millimetres above the finished floor level; (e) any fine, penalty or punitive damages levied by a regulator following a Flood event.\n\n4.2.1 Erosion of the sub-limit\nEach payment made under this endorsement, including any payment for professional fees and debris removal, erodes the annual aggregate sub-limit stated in clause 2. Once the annual aggregate sub-limit is exhausted no further payment shall be made under this endorsement for the remainder of the Period of Insurance."
    },
    {
      "chunk_id": "4fa131d2878b9fbf::0000",
      "doc_id": "4fa131d2878b9fbf",
      "filename": "sample_endorsement_pack.pdf",
      "page": 1,
      "page_end": 1,
      "section_path": "GLOBAL MANUFACTURING LTD",
      "clause_label": "GLOBAL MANUFACTURING LTD",
      "score": 0.032,
      "text": "GLOBAL MANUFACTURING LTD\n\nCOMMERCIAL PROPERTY AND LIABILITY ENDORSEMENT PACK\nPolicy Number GML-2024-88213. Period of Insurance: 1 April 2024 to 31 March 2025, both dates inclusive at the address of the Insured. This pack records every endorsement attached to the policy and supersedes any endorsement schedule issued previously.\n\nENDORSEMENT NO. 1 - FLOOD SUB-LIMIT AMENDMENT\nEffective from 1 June 2024. In consideration of the additional premium of GBP 42,750 the following amendments are made to the Property Damage section of the policy.\n\n1. DEFINITIONS\n\n1.1 Flood means the escape of water from the normal confines of any natural or artificial watercourse, lake, reservoir, canal or dam, or inundation from the sea, whether driven by storm or otherwise.\n\n1.2 Flood Zone means any location identified as Zone 2 or Zone 3 on the Environment Agency Flood Map for Planning current at the inception of this endorsement.\n\n2. AMENDMENT TO LIMIT\nThe sub-limit applicable to loss or damage caused by Flood is amended from GBP 2,500,000 to GBP 5,000,000 in the annual aggregate. The revised sub-limit applies to all insured locations combined and is part of, and not in addition to, the policy limit of GBP 40,000,000 any one occurrence.\n\n3. DEDUCTIBLE\nA deductible of GBP 250,000 each and every loss applies to loss or damage caused by Flood at any location within a Flood Zone. At all other locations the standard property deductible of GBP 50,000 each and every loss continues to apply.\n\nSECTION 4 - CONDITIONS APPLYING TO THIS ENDORSEMENT"
    },
    {
      "chunk_id": "4fa131d2878b9fbf::0002",
      "doc_id": "4fa131d2878b9fbf",
      "filename": "sample_endorsement_pack.pdf",
      "page": 1,
      "page_end": 2,
      "section_path": "ENDORSEMENT NO. 1 - FLOOD SUB-LIMIT AMENDMENT > SECTION 4 - CONDITIONS APPLYING TO THIS ENDORSEMENT > 4.2 Exclusions > 4.2.1 Erosion of the sub-limit",
      "clause_label": "4.2.1 Erosion of the sub-limit",
      "score": 0.0313,
      "text": "4.2.1 Erosion of the sub-limit\nEach payment made under this endorsement, including any payment for professional fees and debris removal, erodes the annual aggregate sub-limit stated in clause 2. Once the annual aggregate sub-limit is exhausted no further payment shall be made under this endorsement for the remainder of the Period of Insurance.\n\nENDORSEMENT NO. 2 - CYBER AND DATA EXCLUSION\nEffective from inception. This endorsement applies to every section of the policy and replaces any cyber exclusion previously attached.\n\nSECTION 1 - SCOPE OF THE EXCLUSION\n\n1. This exclusion applies to all coverage afforded by the policy, including any extension, endorsement or memorandum, and applies irrespective of any other cause or event contributing concurrently or in any other sequence to the loss.\n\nSECTION 2 - EXCLUSION WORDING\n\n2. Notwithstanding any provision to the contrary within this policy or any endorsement thereto, this policy excludes any loss, damage, liability, claim, cost or expense of whatsoever nature directly or indirectly caused by, contributed to by, resulting from, arising out of or in connection with any of the following, regardless of any other cause or event contributing concurrently or in any other sequence thereto:\n(a) any Cyber Act or Cyber Incident, including but not limited to any action taken in controlling, preventing, suppressing or remediating any Cyber Act or Cyber Incident, and including the cost of any forensic investigation commissioned by the Insured or by any regulator, and including any sum paid or payable to a third party by way of settlement, judgment, award or contractual indemnity in respect of such an act or incident, whether or not the Insured admitted liability;"
    },
    {
      "chunk_id": "4fa131d2878b9fbf::0005",
      "doc_id": "4fa131d2878b9fbf",
      "filename": "sample_endorsement_pack.pdf",
      "page": 3,
      "page_end": 3,
      "section_path": "ENDORSEMENT NO. 2 - CYBER AND DATA EXCLUSION > SECTION 2 - EXCLUSION WORDING > 2.",
      "clause_label": "2.",
      "score": 0.0308,
      "text": "(h) the deliberate act of any employee, contractor or agent of the Insured taken with intent to cause a Cyber Incident, whether or not that person was acting within the scope of their employment or engagement, and whether or not the Insured had performed pre-engagement screening on that person.\n\nSECTION 3 - WRITE-BACK FOR PHYSICAL DAMAGE\n\n3. Subject to all other terms of the policy, this exclusion shall not apply to physical loss of or physical damage to insured property arising from fire or explosion which itself results from a Cyber Incident, provided that the fire or explosion is not the result of a Cyber Act committed with intent to cause physical damage.\n\nENDORSEMENT NO. 3 - BUSINESS INTERRUPTION AMENDMENTS\nEffective from 1 October 2024. The Business Interruption section is amended as set out below. All other terms, conditions and exclusions remain unaltered.\n\n1. WAITING PERIOD\nA waiting period of 72 consecutive hours applies to each and every claim under the Business Interruption section. No indemnity is payable in respect of any interruption that is remedied within the waiting period.\n\n2. INDEMNITY PERIOD\nThe maximum indemnity period is extended from 12 months to 18 months from the date on which the interruption begins.\n\n3. NOTIFICATION OF CLAIM\n3. The Insured shall give written notice to the Insurer of any event likely to give rise to a claim under this section within 30 days of that event becoming known to a director or to the risk manager of the Insured. Notice given to the broker alone does not constitute notice to the Insurer.\n\nGENERAL CONDITIONS\n\n1. Cancellation. Either party may cancel this policy by giving 60 days written notice to the other at its last known address. Where the Insurer cancels, a pro rata return of premium shall be made provided no claim has been notified during the Period of Insurance."
    },
    {
      "chunk_id": "5ccd70c8aadf500e::0000",
      "doc_id": "5ccd70c8aadf500e",
      "filename": "form_ho0304_archive.pdf",
      "page": 1,
      "page_end": 1,
      "section_path": "FORM LIBRARY - ARCHIVED WORDING ON FILE",
      "clause_label": "FORM LIBRARY - ARCHIVED WORDING ON FILE",
      "score": 0.0308,
      "text": "FORM LIBRARY - ARCHIVED WORDING ON FILE\nThis file retains prior editions of Form HO-0304 for audit and reference purposes against policy GML-2024-88213. The edition currently endorsed to the policy is 03-24 (see the waterdamage endorsement in the main endorsement pack for its reference number). Earlier editions below are retained for reference only and do not apply to a loss occurring after the date their text says they were superseded.\n\nFORM HO-0304 - EDITION 01-22\nEXCLUSION CODE E-17 - SEQUENTIAL WATER INTRUSION EVENTS (EDITION 01-22)\n\nExclusion Code E-17 (Form HO-0304, edition 01-22). This policy does not cover loss or damage arising from a second or subsequent Flood event at the same insured location where that event occurs within 30 consecutive days of an earlier Flood event at the same location. Superseded by edition 06-22 with effect from 1 June 2022.\n\nFORM HO-0304 - EDITION 06-22\nEXCLUSION CODE E-17 - SEQUENTIAL WATER INTRUSION EVENTS (EDITION 06-22)\n\nExclusion Code E-17 (Form HO-0304, edition 06-22). This policy does not cover loss or damage arising from a second or subsequent Flood event at the same insured location where that event occurs within 35 consecutive days of an earlier Flood event at the same location. Superseded by edition 09-23 with effect from 1 September 2023.\n\nFORM HO-0304 - EDITION 09-23\nEXCLUSION CODE E-17 - SEQUENTIAL WATER INTRUSION EVENTS (EDITION 09-23)\n\nExclusion Code E-17 (Form HO-0304, edition 09-23). This policy does not cover loss or damage arising from a second or subsequent Flood event at the same insured location where that event occurs within 45 consecutive days of an earlier Flood event at the same location, save that this exclusion does not apply to a Flood event caused solely by a named windstorm. Superseded by edition 01-24 with effect from 1 January 2024."
    }
  ],
  "model": "stub:reading-comprehension-v1",
  "params": {
    "effort": "medium",
    "max_tokens": 16000
  },
  "output": {
    "claim_number": "[CLAIM NUMBER REDACTED]",
    "date_of_loss": "18 June 2026",
    "coverage_decision": "denied",
    "cited_exclusion_id": "4.2",
    "excess_amount": null,
    "summary": "Notes describe circumstances matching an excluded scenario: Notwithstanding any provision to the contrary within this policy or any endorsement thereto, this policy excludes any loss, damage, liability, claim, cost or expense of whatsoever nature directly or indirectly caused by, contributed to by, resulting from, arising out of or in connection with any of the following, regardless of any other cause or event contributing concurrently or in any other sequence thereto:\n(a) any Cyber Act or Cyber Incident, including but not limited to any action taken in controlling, preventing, suppressing or remediating any Cyber Act or Cyber Incident, and including the cost of any forensic investigation commissioned by the Insured or by any regulator, and including any sum paid or payable to a third party by way of settlement, judgment, award or contractual indemnity in respect of such an act or incident, whether or not the Insured admitted liability;",
    "citations": [
      "4fa131d2878b9fbf::0002"
    ]
  },
  "output_notes": []
}
---
{
  "trace_id": "trc_00067",
  "created_at": "2026-08-30T21:31:44.704422+00:00",
  "feature": "claim_summary",
  "prompt_version": "claim-summary-v1",
  "input_redacted": "Claim [CLAIM NUMBER REDACTED]. Flood on 29 March 2026 damaged a new production line under construction at the insured's site; contract value for the works is GBP 1,989,464. Insured asks whether this falls within the flood sub-limit.",
  "redacted_fields": [
    "claim_number:CLM-2026-43793"
  ],
  "retrieval_mode": "hybrid_bm25_rrf",
  "retrieved": [
    {
      "chunk_id": "4fa131d2878b9fbf::0000",
      "doc_id": "4fa131d2878b9fbf",
      "filename": "sample_endorsement_pack.pdf",
      "page": 1,
      "page_end": 1,
      "section_path": "GLOBAL MANUFACTURING LTD",
      "clause_label": "GLOBAL MANUFACTURING LTD",
      "score": 0.0325,
      "text": "GLOBAL MANUFACTURING LTD\n\nCOMMERCIAL PROPERTY AND LIABILITY ENDORSEMENT PACK\nPolicy Number GML-2024-88213. Period of Insurance: 1 April 2024 to 31 March 2025, both dates inclusive at the address of the Insured. This pack records every endorsement attached to the policy and supersedes any endorsement schedule issued previously.\n\nENDORSEMENT NO. 1 - FLOOD SUB-LIMIT AMENDMENT\nEffective from 1 June 2024. In consideration of the additional premium of GBP 42,750 the following amendments are made to the Property Damage section of the policy.\n\n1. DEFINITIONS\n\n1.1 Flood means the escape of water from the normal confines of any natural or artificial watercourse, lake, reservoir, canal or dam, or inundation from the sea, whether driven by storm or otherwise.\n\n1.2 Flood Zone means any location identified as Zone 2 or Zone 3 on the Environment Agency Flood Map for Planning current at the inception of this endorsement.\n\n2. AMENDMENT TO LIMIT\nThe sub-limit applicable to loss or damage caused by Flood is amended from GBP 2,500,000 to GBP 5,000,000 in the annual aggregate. The revised sub-limit applies to all insured locations combined and is part of, and not in addition to, the policy limit of GBP 40,000,000 any one occurrence.\n\n3. DEDUCTIBLE\nA deductible of GBP 250,000 each and every loss applies to loss or damage caused by Flood at any location within a Flood Zone. At all other locations the standard property deductible of GBP 50,000 each and every loss continues to apply.\n\nSECTION 4 - CONDITIONS APPLYING TO THIS ENDORSEMENT"
    },
    {
      "chunk_id": "4fa131d2878b9fbf::0001",
      "doc_id": "4fa131d2878b9fbf",
      "filename": "sample_endorsement_pack.pdf",
      "page": 1,
      "page_end": 2,
      "section_path": "ENDORSEMENT NO. 1 - FLOOD SUB-LIMIT AMENDMENT > 3. DEDUCTIBLE",
      "clause_label": "3. DEDUCTIBLE",
      "score": 0.0325,
      "text": "3. DEDUCTIBLE\nA deductible of GBP 250,000 each and every loss applies to loss or damage caused by Flood at any location within a Flood Zone. At all other locations the standard property deductible of GBP 50,000 each and every loss continues to apply.\n\nSECTION 4 - CONDITIONS APPLYING TO THIS ENDORSEMENT\n\n4.1 Flood Defence Maintenance\nThe Insured shall maintain all demountable flood barriers, non-return valves and sump pumps at each insured location in good and effective working order, and shall test them at intervals of not more than six months. A written record of each test shall be kept for a period of three years and produced to the Insurer on request.\n\n4.2 Exclusions\nNotwithstanding anything to the contrary in the policy, this endorsement does not cover loss, damage, cost or expense arising directly or indirectly out of:\n\n(a) subsidence, ground heave or landslip, whether or not caused or contributed to by Flood; (b) loss of or damage to growing crops, standing timber, or livestock in the open; (c) any property in the course of construction, erection or installation where the contract value exceeds GBP 1,000,000; (d) loss or damage to stock stored below ground level unless raised at least 150 millimetres above the finished floor level; (e) any fine, penalty or punitive damages levied by a regulator following a Flood event.\n\n4.2.1 Erosion of the sub-limit\nEach payment made under this endorsement, including any payment for professional fees and debris removal, erodes the annual aggregate sub-limit stated in clause 2. Once the annual aggregate sub-limit is exhausted no further payment shall be made under this endorsement for the remainder of the Period of Insurance."
    },
    {
      "chunk_id": "5ccd70c8aadf500e::0001",
      "doc_id": "5ccd70c8aadf500e",
      "filename": "form_ho0304_archive.pdf",
      "page": 1,
      "page_end": 1,
      "section_path": "FORM HO-0304 - EDITION 01-24",
      "clause_label": "FORM HO-0304 - EDITION 01-24",
      "score": 0.0315,
      "text": "This policy does not cover loss or damage arising from a second or subsequent Flood event at the same insured location where that event occurs within 45 consecutive days of an earlier Flood event at the same location, save that this exclusion does not apply to a Flood event caused solely by a named windstorm. Superseded by edition 01-24 with effect from 1 January 2024.\n\nFORM HO-0304 - EDITION 01-24\nEXCLUSION CODE E-17 - SEQUENTIAL WATER INTRUSION EVENTS (EDITION 01-24)\n\nExclusion Code E-17 (Form HO-0304, edition 01-24). This policy does not cover loss or damage arising from a second or subsequent Flood event at the same insured location where that event occurs within 55 consecutive days of an earlier Flood event at the same location, save that this exclusion does not apply to a Flood event caused solely by a named windstorm. Superseded by edition 03-24 with effect from 1 February 2025."
    },
    {
      "chunk_id": "4fa131d2878b9fbf::0006",
      "doc_id": "4fa131d2878b9fbf",
      "filename": "sample_endorsement_pack.pdf",
      "page": 3,
      "page_end": 4,
      "section_path": "ENDORSEMENT NO. 3 - BUSINESS INTERRUPTION AMENDMENTS > GENERAL CONDITIONS",
      "clause_label": "GENERAL CONDITIONS",
      "score": 0.0313,
      "text": "GENERAL CONDITIONS\n\n1. Cancellation. Either party may cancel this policy by giving 60 days written notice to the other at its last known address. Where the Insurer cancels, a pro rata return of premium shall be made provided no claim has been notified during the Period of Insurance.\n\n2. Governing law. This policy shall be governed by and construed in accordance with the law of England and Wales, and the parties submit to the exclusive jurisdiction of the courts of England and Wales.\n\n3. Premium payment. The premium is due within 45 days of inception. Failure to pay within that period entitles the Insurer to cancel in accordance with General Condition 1 above.\n\nENDORSEMENT NO. 4 - SEQUENTIAL WATER INTRUSION EXCLUSION\nEffective from 1 February 2025. This endorsement is issued under reference END-2024-0417 and adopts the exclusion wording of Form HO-0304 edition 03-24, reproduced at clause 4.3 below, which supersedes and replaces any earlier edition of Form HO-0304 referenced in the Insured's document file.\n\n4.3 Exclusion Code E-17 - Sequential Water Intrusion Events\nExclusion Code E-17 (Form HO-0304, edition 03-24). This policy does not cover loss or damage arising from a second or subsequent Flood event at the same insured location where that event occurs within 60 consecutive days of an earlier Flood event at the same location, regardless of whether a claim was made for the earlier event. This exclusion applies in addition to, and does not narrow, the deductible and sub-limit provisions of clauses 2 and 3 above.\n\n4.4 Interaction with the Flood Defence Condition\nExclusion Code E-17 does not apply where the Insured can demonstrate that the flood barriers, non-return valves and sump pumps required by clause 4.1 were tested and in good working order in the 60 days immediately preceding the second or subsequent Flood event."
    },
    {
      "chunk_id": "5ccd70c8aadf500e::0000",
      "doc_id": "5ccd70c8aadf500e",
      "filename": "form_ho0304_archive.pdf",
      "page": 1,
      "page_end": 1,
      "section_path": "FORM LIBRARY - ARCHIVED WORDING ON FILE",
      "clause_label": "FORM LIBRARY - ARCHIVED WORDING ON FILE",
      "score": 0.031,
      "text": "FORM LIBRARY - ARCHIVED WORDING ON FILE\nThis file retains prior editions of Form HO-0304 for audit and reference purposes against policy GML-2024-88213. The edition currently endorsed to the policy is 03-24 (see the waterdamage endorsement in the main endorsement pack for its reference number). Earlier editions below are retained for reference only and do not apply to a loss occurring after the date their text says they were superseded.\n\nFORM HO-0304 - EDITION 01-22\nEXCLUSION CODE E-17 - SEQUENTIAL WATER INTRUSION EVENTS (EDITION 01-22)\n\nExclusion Code E-17 (Form HO-0304, edition 01-22). This policy does not cover loss or damage arising from a second or subsequent Flood event at the same insured location where that event occurs within 30 consecutive days of an earlier Flood event at the same location. Superseded by edition 06-22 with effect from 1 June 2022.\n\nFORM HO-0304 - EDITION 06-22\nEXCLUSION CODE E-17 - SEQUENTIAL WATER INTRUSION EVENTS (EDITION 06-22)\n\nExclusion Code E-17 (Form HO-0304, edition 06-22). This policy does not cover loss or damage arising from a second or subsequent Flood event at the same insured location where that event occurs within 35 consecutive days of an earlier Flood event at the same location. Superseded by edition 09-23 with effect from 1 September 2023.\n\nFORM HO-0304 - EDITION 09-23\nEXCLUSION CODE E-17 - SEQUENTIAL WATER INTRUSION EVENTS (EDITION 09-23)\n\nExclusion Code E-17 (Form HO-0304, edition 09-23). This policy does not cover loss or damage arising from a second or subsequent Flood event at the same insured location where that event occurs within 45 consecutive days of an earlier Flood event at the same location, save that this exclusion does not apply to a Flood event caused solely by a named windstorm. Superseded by edition 01-24 with effect from 1 January 2024."
    }
  ],
  "model": "stub:reading-comprehension-v1",
  "params": {
    "effort": "medium",
    "max_tokens": 16000
  },
  "output": {
    "claim_number": "[CLAIM NUMBER REDACTED]",
    "date_of_loss": "29 March 2026",
    "coverage_decision": "denied",
    "cited_exclusion_id": "4.1",
    "excess_amount": 250000.0,
    "summary": "Notes describe circumstances matching an excluded scenario: (c) any property in the course of construction, erection or installation where the contract value exceeds GBP 1,000,000;",
    "citations": [
      "4fa131d2878b9fbf::0001"
    ]
  },
  "output_notes": []
}
---
{
  "trace_id": "trc_00068",
  "created_at": "2026-08-30T21:31:44.716703+00:00",
  "feature": "claim_summary",
  "prompt_version": "claim-summary-v1",
  "input_redacted": "Claim [CLAIM NUMBER REDACTED]. Production interruption beginning 11 August 2026, fully resolved within 34 hours. Insured has submitted a business interruption claim for lost revenue during the outage.",
  "redacted_fields": [
    "claim_number:CLM-2026-38015"
  ],
  "retrieval_mode": "hybrid_bm25_rrf",
  "retrieved": [
    {
      "chunk_id": "4fa131d2878b9fbf::0005",
      "doc_id": "4fa131d2878b9fbf",
      "filename": "sample_endorsement_pack.pdf",
      "page": 3,
      "page_end": 3,
      "section_path": "ENDORSEMENT NO. 2 - CYBER AND DATA EXCLUSION > SECTION 2 - EXCLUSION WORDING > 2.",
      "clause_label": "2.",
      "score": 0.0328,
      "text": "(h) the deliberate act of any employee, contractor or agent of the Insured taken with intent to cause a Cyber Incident, whether or not that person was acting within the scope of their employment or engagement, and whether or not the Insured had performed pre-engagement screening on that person.\n\nSECTION 3 - WRITE-BACK FOR PHYSICAL DAMAGE\n\n3. Subject to all other terms of the policy, this exclusion shall not apply to physical loss of or physical damage to insured property arising from fire or explosion which itself results from a Cyber Incident, provided that the fire or explosion is not the result of a Cyber Act committed with intent to cause physical damage.\n\nENDORSEMENT NO. 3 - BUSINESS INTERRUPTION AMENDMENTS\nEffective from 1 October 2024. The Business Interruption section is amended as set out below. All other terms, conditions and exclusions remain unaltered.\n\n1. WAITING PERIOD\nA waiting period of 72 consecutive hours applies to each and every claim under the Business Interruption section. No indemnity is payable in respect of any interruption that is remedied within the waiting period.\n\n2. INDEMNITY PERIOD\nThe maximum indemnity period is extended from 12 months to 18 months from the date on which the interruption begins.\n\n3. NOTIFICATION OF CLAIM\n3. The Insured shall give written notice to the Insurer of any event likely to give rise to a claim under this section within 30 days of that event becoming known to a director or to the risk manager of the Insured. Notice given to the broker alone does not constitute notice to the Insurer.\n\nGENERAL CONDITIONS\n\n1. Cancellation. Either party may cancel this policy by giving 60 days written notice to the other at its last known address. Where the Insurer cancels, a pro rata return of premium shall be made provided no claim has been notified during the Period of Insurance."
    },
    {
      "chunk_id": "4fa131d2878b9fbf::0006",
      "doc_id": "4fa131d2878b9fbf",
      "filename": "sample_endorsement_pack.pdf",
      "page": 3,
      "page_end": 4,
      "section_path": "ENDORSEMENT NO. 3 - BUSINESS INTERRUPTION AMENDMENTS > GENERAL CONDITIONS",
      "clause_label": "GENERAL CONDITIONS",
      "score": 0.032,
      "text": "GENERAL CONDITIONS\n\n1. Cancellation. Either party may cancel this policy by giving 60 days written notice to the other at its last known address. Where the Insurer cancels, a pro rata return of premium shall be made provided no claim has been notified during the Period of Insurance.\n\n2. Governing law. This policy shall be governed by and construed in accordance with the law of England and Wales, and the parties submit to the exclusive jurisdiction of the courts of England and Wales.\n\n3. Premium payment. The premium is due within 45 days of inception. Failure to pay within that period entitles the Insurer to cancel in accordance with General Condition 1 above.\n\nENDORSEMENT NO. 4 - SEQUENTIAL WATER INTRUSION EXCLUSION\nEffective from 1 February 2025. This endorsement is issued under reference END-2024-0417 and adopts the exclusion wording of Form HO-0304 edition 03-24, reproduced at clause 4.3 below, which supersedes and replaces any earlier edition of Form HO-0304 referenced in the Insured's document file.\n\n4.3 Exclusion Code E-17 - Sequential Water Intrusion Events\nExclusion Code E-17 (Form HO-0304, edition 03-24). This policy does not cover loss or damage arising from a second or subsequent Flood event at the same insured location where that event occurs within 60 consecutive days of an earlier Flood event at the same location, regardless of whether a claim was made for the earlier event. This exclusion applies in addition to, and does not narrow, the deductible and sub-limit provisions of clauses 2 and 3 above.\n\n4.4 Interaction with the Flood Defence Condition\nExclusion Code E-17 does not apply where the Insured can demonstrate that the flood barriers, non-return valves and sump pumps required by clause 4.1 were tested and in good working order in the 60 days immediately preceding the second or subsequent Flood event."
    },
    {
      "chunk_id": "4fa131d2878b9fbf::0003",
      "doc_id": "4fa131d2878b9fbf",
      "filename": "sample_endorsement_pack.pdf",
      "page": 2,
      "page_end": 2,
      "section_path": "ENDORSEMENT NO. 2 - CYBER AND DATA EXCLUSION > SECTION 2 - EXCLUSION WORDING > 2.",
      "clause_label": "2.",
      "score": 0.0315,
      "text": "to any action taken in controlling, preventing, suppressing or remediating any Cyber Act or Cyber Incident, and including the cost of any forensic investigation commissioned by the Insured or by any regulator, and including any sum paid or payable to a third party by way of settlement, judgment, award or contractual indemnity in respect of such an act or incident, whether or not the Insured admitted liability;\n(b) any loss of use, reduction in functionality, repair, replacement, restoration or reproduction of any Data, including any amount pertaining to the value of such Data, and including the cost of re-keying, re-entering or otherwise reconstituting Data from source documents where those documents themselves remain undamaged, and including any loss of profit consequent upon such loss of use;\n(c) the failure, malfunction, degradation, unavailability or interruption of any Computer System, whether owned or operated by the Insured or by any third party service provider, cloud host, managed service provider or telecommunications carrier upon which the Insured relies, and whether or not the Insured had a contractual right of recourse against that party;\n(d) the receipt, transmission, distribution or storage of any Malicious Code, whether or not that Malicious Code was introduced deliberately, negligently or inadvertently, and whether or not the Insured had in place anti-malware controls conforming to any recognised standard including ISO 27001 or the National Institute of Standards and Technology Cybersecurity Framework;"
    },
    {
      "chunk_id": "5ccd70c8aadf500e::0001",
      "doc_id": "5ccd70c8aadf500e",
      "filename": "form_ho0304_archive.pdf",
      "page": 1,
      "page_end": 1,
      "section_path": "FORM HO-0304 - EDITION 01-24",
      "clause_label": "FORM HO-0304 - EDITION 01-24",
      "score": 0.031,
      "text": "This policy does not cover loss or damage arising from a second or subsequent Flood event at the same insured location where that event occurs within 45 consecutive days of an earlier Flood event at the same location, save that this exclusion does not apply to a Flood event caused solely by a named windstorm. Superseded by edition 01-24 with effect from 1 January 2024.\n\nFORM HO-0304 - EDITION 01-24\nEXCLUSION CODE E-17 - SEQUENTIAL WATER INTRUSION EVENTS (EDITION 01-24)\n\nExclusion Code E-17 (Form HO-0304, edition 01-24). This policy does not cover loss or damage arising from a second or subsequent Flood event at the same insured location where that event occurs within 55 consecutive days of an earlier Flood event at the same location, save that this exclusion does not apply to a Flood event caused solely by a named windstorm. Superseded by edition 03-24 with effect from 1 February 2025."
    },
    {
      "chunk_id": "4fa131d2878b9fbf::0002",
      "doc_id": "4fa131d2878b9fbf",
      "filename": "sample_endorsement_pack.pdf",
      "page": 1,
      "page_end": 2,
      "section_path": "ENDORSEMENT NO. 1 - FLOOD SUB-LIMIT AMENDMENT > SECTION 4 - CONDITIONS APPLYING TO THIS ENDORSEMENT > 4.2 Exclusions > 4.2.1 Erosion of the sub-limit",
      "clause_label": "4.2.1 Erosion of the sub-limit",
      "score": 0.0308,
      "text": "4.2.1 Erosion of the sub-limit\nEach payment made under this endorsement, including any payment for professional fees and debris removal, erodes the annual aggregate sub-limit stated in clause 2. Once the annual aggregate sub-limit is exhausted no further payment shall be made under this endorsement for the remainder of the Period of Insurance.\n\nENDORSEMENT NO. 2 - CYBER AND DATA EXCLUSION\nEffective from inception. This endorsement applies to every section of the policy and replaces any cyber exclusion previously attached.\n\nSECTION 1 - SCOPE OF THE EXCLUSION\n\n1. This exclusion applies to all coverage afforded by the policy, including any extension, endorsement or memorandum, and applies irrespective of any other cause or event contributing concurrently or in any other sequence to the loss.\n\nSECTION 2 - EXCLUSION WORDING\n\n2. Notwithstanding any provision to the contrary within this policy or any endorsement thereto, this policy excludes any loss, damage, liability, claim, cost or expense of whatsoever nature directly or indirectly caused by, contributed to by, resulting from, arising out of or in connection with any of the following, regardless of any other cause or event contributing concurrently or in any other sequence thereto:\n(a) any Cyber Act or Cyber Incident, including but not limited to any action taken in controlling, preventing, suppressing or remediating any Cyber Act or Cyber Incident, and including the cost of any forensic investigation commissioned by the Insured or by any regulator, and including any sum paid or payable to a third party by way of settlement, judgment, award or contractual indemnity in respect of such an act or incident, whether or not the Insured admitted liability;"
    }
  ],
  "model": "stub:reading-comprehension-v1",
  "params": {
    "effort": "medium",
    "max_tokens": 16000
  },
  "output": {
    "claim_number": "[CLAIM NUMBER REDACTED]",
    "date_of_loss": "11 August 2026",
    "coverage_decision": "covered",
    "cited_exclusion_id": null,
    "excess_amount": null,
    "summary": "Notes match an insured peril: WAITING PERIOD\nA waiting period of 72 consecutive hours applies to each and every claim under the Business Interruption section.",
    "citations": [
      "4fa131d2878b9fbf::0005"
    ]
  },
  "output_notes": []
}
---
{
  "trace_id": "trc_00069",
  "created_at": "2026-08-30T21:31:44.730299+00:00",
  "feature": "claim_summary",
  "prompt_version": "claim-summary-v1",
  "input_redacted": "Claim [CLAIM NUMBER REDACTED]. Water ingress at the insured's premises on 03 April 2026 after a burst water main nearby; the site is NOT within the mapped flood zone. Estimated damage GBP 65,539. Insured asks which deductible applies.",
  "redacted_fields": [
    "claim_number:CLM-2026-06418"
  ],
  "retrieval_mode": "hybrid_bm25_rrf",
  "retrieved": [
    {
      "chunk_id": "4fa131d2878b9fbf::0001",
      "doc_id": "4fa131d2878b9fbf",
      "filename": "sample_endorsement_pack.pdf",
      "page": 1,
      "page_end": 2,
      "section_path": "ENDORSEMENT NO. 1 - FLOOD SUB-LIMIT AMENDMENT > 3. DEDUCTIBLE",
      "clause_label": "3. DEDUCTIBLE",
      "score": 0.0325,
      "text": "3. DEDUCTIBLE\nA deductible of GBP 250,000 each and every loss applies to loss or damage caused by Flood at any location within a Flood Zone. At all other locations the standard property deductible of GBP 50,000 each and every loss continues to apply.\n\nSECTION 4 - CONDITIONS APPLYING TO THIS ENDORSEMENT\n\n4.1 Flood Defence Maintenance\nThe Insured shall maintain all demountable flood barriers, non-return valves and sump pumps at each insured location in good and effective working order, and shall test them at intervals of not more than six months. A written record of each test shall be kept for a period of three years and produced to the Insurer on request.\n\n4.2 Exclusions\nNotwithstanding anything to the contrary in the policy, this endorsement does not cover loss, damage, cost or expense arising directly or indirectly out of:\n\n(a) subsidence, ground heave or landslip, whether or not caused or contributed to by Flood; (b) loss of or damage to growing crops, standing timber, or livestock in the open; (c) any property in the course of construction, erection or installation where the contract value exceeds GBP 1,000,000; (d) loss or damage to stock stored below ground level unless raised at least 150 millimetres above the finished floor level; (e) any fine, penalty or punitive damages levied by a regulator following a Flood event.\n\n4.2.1 Erosion of the sub-limit\nEach payment made under this endorsement, including any payment for professional fees and debris removal, erodes the annual aggregate sub-limit stated in clause 2. Once the annual aggregate sub-limit is exhausted no further payment shall be made under this endorsement for the remainder of the Period of Insurance."
    },
    {
      "chunk_id": "4fa131d2878b9fbf::0000",
      "doc_id": "4fa131d2878b9fbf",
      "filename": "sample_endorsement_pack.pdf",
      "page": 1,
      "page_end": 1,
      "section_path": "GLOBAL MANUFACTURING LTD",
      "clause_label": "GLOBAL MANUFACTURING LTD",
      "score": 0.0325,
      "text": "GLOBAL MANUFACTURING LTD\n\nCOMMERCIAL PROPERTY AND LIABILITY ENDORSEMENT PACK\nPolicy Number GML-2024-88213. Period of Insurance: 1 April 2024 to 31 March 2025, both dates inclusive at the address of the Insured. This pack records every endorsement attached to the policy and supersedes any endorsement schedule issued previously.\n\nENDORSEMENT NO. 1 - FLOOD SUB-LIMIT AMENDMENT\nEffective from 1 June 2024. In consideration of the additional premium of GBP 42,750 the following amendments are made to the Property Damage section of the policy.\n\n1. DEFINITIONS\n\n1.1 Flood means the escape of water from the normal confines of any natural or artificial watercourse, lake, reservoir, canal or dam, or inundation from the sea, whether driven by storm or otherwise.\n\n1.2 Flood Zone means any location identified as Zone 2 or Zone 3 on the Environment Agency Flood Map for Planning current at the inception of this endorsement.\n\n2. AMENDMENT TO LIMIT\nThe sub-limit applicable to loss or damage caused by Flood is amended from GBP 2,500,000 to GBP 5,000,000 in the annual aggregate. The revised sub-limit applies to all insured locations combined and is part of, and not in addition to, the policy limit of GBP 40,000,000 any one occurrence.\n\n3. DEDUCTIBLE\nA deductible of GBP 250,000 each and every loss applies to loss or damage caused by Flood at any location within a Flood Zone. At all other locations the standard property deductible of GBP 50,000 each and every loss continues to apply.\n\nSECTION 4 - CONDITIONS APPLYING TO THIS ENDORSEMENT"
    },
    {
      "chunk_id": "5ccd70c8aadf500e::0001",
      "doc_id": "5ccd70c8aadf500e",
      "filename": "form_ho0304_archive.pdf",
      "page": 1,
      "page_end": 1,
      "section_path": "FORM HO-0304 - EDITION 01-24",
      "clause_label": "FORM HO-0304 - EDITION 01-24",
      "score": 0.0313,
      "text": "This policy does not cover loss or damage arising from a second or subsequent Flood event at the same insured location where that event occurs within 45 consecutive days of an earlier Flood event at the same location, save that this exclusion does not apply to a Flood event caused solely by a named windstorm. Superseded by edition 01-24 with effect from 1 January 2024.\n\nFORM HO-0304 - EDITION 01-24\nEXCLUSION CODE E-17 - SEQUENTIAL WATER INTRUSION EVENTS (EDITION 01-24)\n\nExclusion Code E-17 (Form HO-0304, edition 01-24). This policy does not cover loss or damage arising from a second or subsequent Flood event at the same insured location where that event occurs within 55 consecutive days of an earlier Flood event at the same location, save that this exclusion does not apply to a Flood event caused solely by a named windstorm. Superseded by edition 03-24 with effect from 1 February 2025."
    },
    {
      "chunk_id": "4fa131d2878b9fbf::0006",
      "doc_id": "4fa131d2878b9fbf",
      "filename": "sample_endorsement_pack.pdf",
      "page": 3,
      "page_end": 4,
      "section_path": "ENDORSEMENT NO. 3 - BUSINESS INTERRUPTION AMENDMENTS > GENERAL CONDITIONS",
      "clause_label": "GENERAL CONDITIONS",
      "score": 0.0313,
      "text": "GENERAL CONDITIONS\n\n1. Cancellation. Either party may cancel this policy by giving 60 days written notice to the other at its last known address. Where the Insurer cancels, a pro rata return of premium shall be made provided no claim has been notified during the Period of Insurance.\n\n2. Governing law. This policy shall be governed by and construed in accordance with the law of England and Wales, and the parties submit to the exclusive jurisdiction of the courts of England and Wales.\n\n3. Premium payment. The premium is due within 45 days of inception. Failure to pay within that period entitles the Insurer to cancel in accordance with General Condition 1 above.\n\nENDORSEMENT NO. 4 - SEQUENTIAL WATER INTRUSION EXCLUSION\nEffective from 1 February 2025. This endorsement is issued under reference END-2024-0417 and adopts the exclusion wording of Form HO-0304 edition 03-24, reproduced at clause 4.3 below, which supersedes and replaces any earlier edition of Form HO-0304 referenced in the Insured's document file.\n\n4.3 Exclusion Code E-17 - Sequential Water Intrusion Events\nExclusion Code E-17 (Form HO-0304, edition 03-24). This policy does not cover loss or damage arising from a second or subsequent Flood event at the same insured location where that event occurs within 60 consecutive days of an earlier Flood event at the same location, regardless of whether a claim was made for the earlier event. This exclusion applies in addition to, and does not narrow, the deductible and sub-limit provisions of clauses 2 and 3 above.\n\n4.4 Interaction with the Flood Defence Condition\nExclusion Code E-17 does not apply where the Insured can demonstrate that the flood barriers, non-return valves and sump pumps required by clause 4.1 were tested and in good working order in the 60 days immediately preceding the second or subsequent Flood event."
    },
    {
      "chunk_id": "5ccd70c8aadf500e::0000",
      "doc_id": "5ccd70c8aadf500e",
      "filename": "form_ho0304_archive.pdf",
      "page": 1,
      "page_end": 1,
      "section_path": "FORM LIBRARY - ARCHIVED WORDING ON FILE",
      "clause_label": "FORM LIBRARY - ARCHIVED WORDING ON FILE",
      "score": 0.0312,
      "text": "FORM LIBRARY - ARCHIVED WORDING ON FILE\nThis file retains prior editions of Form HO-0304 for audit and reference purposes against policy GML-2024-88213. The edition currently endorsed to the policy is 03-24 (see the waterdamage endorsement in the main endorsement pack for its reference number). Earlier editions below are retained for reference only and do not apply to a loss occurring after the date their text says they were superseded.\n\nFORM HO-0304 - EDITION 01-22\nEXCLUSION CODE E-17 - SEQUENTIAL WATER INTRUSION EVENTS (EDITION 01-22)\n\nExclusion Code E-17 (Form HO-0304, edition 01-22). This policy does not cover loss or damage arising from a second or subsequent Flood event at the same insured location where that event occurs within 30 consecutive days of an earlier Flood event at the same location. Superseded by edition 06-22 with effect from 1 June 2022.\n\nFORM HO-0304 - EDITION 06-22\nEXCLUSION CODE E-17 - SEQUENTIAL WATER INTRUSION EVENTS (EDITION 06-22)\n\nExclusion Code E-17 (Form HO-0304, edition 06-22). This policy does not cover loss or damage arising from a second or subsequent Flood event at the same insured location where that event occurs within 35 consecutive days of an earlier Flood event at the same location. Superseded by edition 09-23 with effect from 1 September 2023.\n\nFORM HO-0304 - EDITION 09-23\nEXCLUSION CODE E-17 - SEQUENTIAL WATER INTRUSION EVENTS (EDITION 09-23)\n\nExclusion Code E-17 (Form HO-0304, edition 09-23). This policy does not cover loss or damage arising from a second or subsequent Flood event at the same insured location where that event occurs within 45 consecutive days of an earlier Flood event at the same location, save that this exclusion does not apply to a Flood event caused solely by a named windstorm. Superseded by edition 01-24 with effect from 1 January 2024."
    }
  ],
  "model": "stub:reading-comprehension-v1",
  "params": {
    "effort": "medium",
    "max_tokens": 16000
  },
  "output": {
    "claim_number": "[CLAIM NUMBER REDACTED]",
    "date_of_loss": "03 April 2026",
    "coverage_decision": "covered",
    "cited_exclusion_id": null,
    "excess_amount": 250000.0,
    "summary": "Notes match an insured peril: DEDUCTIBLE\nA deductible of GBP 250,000 each and every loss applies to loss or damage caused by Flood at any location within a Flood Zone.",
    "citations": [
      "4fa131d2878b9fbf::0000"
    ]
  },
  "output_notes": []
}
---
{
  "trace_id": "trc_00070",
  "created_at": "2026-08-30T21:31:44.745581+00:00",
  "feature": "claim_summary",
  "prompt_version": "claim-summary-v1",
  "input_redacted": "Claim [CLAIM NUMBER REDACTED]. Following the flood event of 26 July 2026, the Environment Agency issued the insured a penalty notice of GBP 36,617 for a related discharge breach. Insured asks whether the penalty is covered.",
  "redacted_fields": [
    "claim_number:CLM-2026-25058"
  ],
  "retrieval_mode": "hybrid_bm25_rrf",
  "retrieved": [
    {
      "chunk_id": "4fa131d2878b9fbf::0000",
      "doc_id": "4fa131d2878b9fbf",
      "filename": "sample_endorsement_pack.pdf",
      "page": 1,
      "page_end": 1,
      "section_path": "GLOBAL MANUFACTURING LTD",
      "clause_label": "GLOBAL MANUFACTURING LTD",
      "score": 0.0328,
      "text": "GLOBAL MANUFACTURING LTD\n\nCOMMERCIAL PROPERTY AND LIABILITY ENDORSEMENT PACK\nPolicy Number GML-2024-88213. Period of Insurance: 1 April 2024 to 31 March 2025, both dates inclusive at the address of the Insured. This pack records every endorsement attached to the policy and supersedes any endorsement schedule issued previously.\n\nENDORSEMENT NO. 1 - FLOOD SUB-LIMIT AMENDMENT\nEffective from 1 June 2024. In consideration of the additional premium of GBP 42,750 the following amendments are made to the Property Damage section of the policy.\n\n1. DEFINITIONS\n\n1.1 Flood means the escape of water from the normal confines of any natural or artificial watercourse, lake, reservoir, canal or dam, or inundation from the sea, whether driven by storm or otherwise.\n\n1.2 Flood Zone means any location identified as Zone 2 or Zone 3 on the Environment Agency Flood Map for Planning current at the inception of this endorsement.\n\n2. AMENDMENT TO LIMIT\nThe sub-limit applicable to loss or damage caused by Flood is amended from GBP 2,500,000 to GBP 5,000,000 in the annual aggregate. The revised sub-limit applies to all insured locations combined and is part of, and not in addition to, the policy limit of GBP 40,000,000 any one occurrence.\n\n3. DEDUCTIBLE\nA deductible of GBP 250,000 each and every loss applies to loss or damage caused by Flood at any location within a Flood Zone. At all other locations the standard property deductible of GBP 50,000 each and every loss continues to apply.\n\nSECTION 4 - CONDITIONS APPLYING TO THIS ENDORSEMENT"
    },
    {
      "chunk_id": "4fa131d2878b9fbf::0001",
      "doc_id": "4fa131d2878b9fbf",
      "filename": "sample_endorsement_pack.pdf",
      "page": 1,
      "page_end": 2,
      "section_path": "ENDORSEMENT NO. 1 - FLOOD SUB-LIMIT AMENDMENT > 3. DEDUCTIBLE",
      "clause_label": "3. DEDUCTIBLE",
      "score": 0.0323,
      "text": "3. DEDUCTIBLE\nA deductible of GBP 250,000 each and every loss applies to loss or damage caused by Flood at any location within a Flood Zone. At all other locations the standard property deductible of GBP 50,000 each and every loss continues to apply.\n\nSECTION 4 - CONDITIONS APPLYING TO THIS ENDORSEMENT\n\n4.1 Flood Defence Maintenance\nThe Insured shall maintain all demountable flood barriers, non-return valves and sump pumps at each insured location in good and effective working order, and shall test them at intervals of not more than six months. A written record of each test shall be kept for a period of three years and produced to the Insurer on request.\n\n4.2 Exclusions\nNotwithstanding anything to the contrary in the policy, this endorsement does not cover loss, damage, cost or expense arising directly or indirectly out of:\n\n(a) subsidence, ground heave or landslip, whether or not caused or contributed to by Flood; (b) loss of or damage to growing crops, standing timber, or livestock in the open; (c) any property in the course of construction, erection or installation where the contract value exceeds GBP 1,000,000; (d) loss or damage to stock stored below ground level unless raised at least 150 millimetres above the finished floor level; (e) any fine, penalty or punitive damages levied by a regulator following a Flood event.\n\n4.2.1 Erosion of the sub-limit\nEach payment made under this endorsement, including any payment for professional fees and debris removal, erodes the annual aggregate sub-limit stated in clause 2. Once the annual aggregate sub-limit is exhausted no further payment shall be made under this endorsement for the remainder of the Period of Insurance."
    },
    {
      "chunk_id": "4fa131d2878b9fbf::0006",
      "doc_id": "4fa131d2878b9fbf",
      "filename": "sample_endorsement_pack.pdf",
      "page": 3,
      "page_end": 4,
      "section_path": "ENDORSEMENT NO. 3 - BUSINESS INTERRUPTION AMENDMENTS > GENERAL CONDITIONS",
      "clause_label": "GENERAL CONDITIONS",
      "score": 0.0313,
      "text": "GENERAL CONDITIONS\n\n1. Cancellation. Either party may cancel this policy by giving 60 days written notice to the other at its last known address. Where the Insurer cancels, a pro rata return of premium shall be made provided no claim has been notified during the Period of Insurance.\n\n2. Governing law. This policy shall be governed by and construed in accordance with the law of England and Wales, and the parties submit to the exclusive jurisdiction of the courts of England and Wales.\n\n3. Premium payment. The premium is due within 45 days of inception. Failure to pay within that period entitles the Insurer to cancel in accordance with General Condition 1 above.\n\nENDORSEMENT NO. 4 - SEQUENTIAL WATER INTRUSION EXCLUSION\nEffective from 1 February 2025. This endorsement is issued under reference END-2024-0417 and adopts the exclusion wording of Form HO-0304 edition 03-24, reproduced at clause 4.3 below, which supersedes and replaces any earlier edition of Form HO-0304 referenced in the Insured's document file.\n\n4.3 Exclusion Code E-17 - Sequential Water Intrusion Events\nExclusion Code E-17 (Form HO-0304, edition 03-24). This policy does not cover loss or damage arising from a second or subsequent Flood event at the same insured location where that event occurs within 60 consecutive days of an earlier Flood event at the same location, regardless of whether a claim was made for the earlier event. This exclusion applies in addition to, and does not narrow, the deductible and sub-limit provisions of clauses 2 and 3 above.\n\n4.4 Interaction with the Flood Defence Condition\nExclusion Code E-17 does not apply where the Insured can demonstrate that the flood barriers, non-return valves and sump pumps required by clause 4.1 were tested and in good working order in the 60 days immediately preceding the second or subsequent Flood event."
    },
    {
      "chunk_id": "5ccd70c8aadf500e::0001",
      "doc_id": "5ccd70c8aadf500e",
      "filename": "form_ho0304_archive.pdf",
      "page": 1,
      "page_end": 1,
      "section_path": "FORM HO-0304 - EDITION 01-24",
      "clause_label": "FORM HO-0304 - EDITION 01-24",
      "score": 0.0308,
      "text": "This policy does not cover loss or damage arising from a second or subsequent Flood event at the same insured location where that event occurs within 45 consecutive days of an earlier Flood event at the same location, save that this exclusion does not apply to a Flood event caused solely by a named windstorm. Superseded by edition 01-24 with effect from 1 January 2024.\n\nFORM HO-0304 - EDITION 01-24\nEXCLUSION CODE E-17 - SEQUENTIAL WATER INTRUSION EVENTS (EDITION 01-24)\n\nExclusion Code E-17 (Form HO-0304, edition 01-24). This policy does not cover loss or damage arising from a second or subsequent Flood event at the same insured location where that event occurs within 55 consecutive days of an earlier Flood event at the same location, save that this exclusion does not apply to a Flood event caused solely by a named windstorm. Superseded by edition 03-24 with effect from 1 February 2025."
    },
    {
      "chunk_id": "4fa131d2878b9fbf::0005",
      "doc_id": "4fa131d2878b9fbf",
      "filename": "sample_endorsement_pack.pdf",
      "page": 3,
      "page_end": 3,
      "section_path": "ENDORSEMENT NO. 2 - CYBER AND DATA EXCLUSION > SECTION 2 - EXCLUSION WORDING > 2.",
      "clause_label": "2.",
      "score": 0.0306,
      "text": "(h) the deliberate act of any employee, contractor or agent of the Insured taken with intent to cause a Cyber Incident, whether or not that person was acting within the scope of their employment or engagement, and whether or not the Insured had performed pre-engagement screening on that person.\n\nSECTION 3 - WRITE-BACK FOR PHYSICAL DAMAGE\n\n3. Subject to all other terms of the policy, this exclusion shall not apply to physical loss of or physical damage to insured property arising from fire or explosion which itself results from a Cyber Incident, provided that the fire or explosion is not the result of a Cyber Act committed with intent to cause physical damage.\n\nENDORSEMENT NO. 3 - BUSINESS INTERRUPTION AMENDMENTS\nEffective from 1 October 2024. The Business Interruption section is amended as set out below. All other terms, conditions and exclusions remain unaltered.\n\n1. WAITING PERIOD\nA waiting period of 72 consecutive hours applies to each and every claim under the Business Interruption section. No indemnity is payable in respect of any interruption that is remedied within the waiting period.\n\n2. INDEMNITY PERIOD\nThe maximum indemnity period is extended from 12 months to 18 months from the date on which the interruption begins.\n\n3. NOTIFICATION OF CLAIM\n3. The Insured shall give written notice to the Insurer of any event likely to give rise to a claim under this section within 30 days of that event becoming known to a director or to the risk manager of the Insured. Notice given to the broker alone does not constitute notice to the Insurer.\n\nGENERAL CONDITIONS\n\n1. Cancellation. Either party may cancel this policy by giving 60 days written notice to the other at its last known address. Where the Insurer cancels, a pro rata return of premium shall be made provided no claim has been notified during the Period of Insurance."
    }
  ],
  "model": "stub:reading-comprehension-v1",
  "params": {
    "effort": "medium",
    "max_tokens": 16000
  },
  "output": {
    "claim_number": "[CLAIM NUMBER REDACTED]",
    "date_of_loss": "26 July 2026",
    "coverage_decision": "covered",
    "cited_exclusion_id": null,
    "excess_amount": 250000.0,
    "summary": "Notes match an insured peril: 1.2 Flood Zone means any location identified as Zone 2 or Zone 3 on the Environment Agency Flood Map for Planning current at the inception of this endorsement.",
    "citations": [
      "4fa131d2878b9fbf::0000"
    ]
  },
  "output_notes": []
}
---
{
  "trace_id": "trc_00071",
  "created_at": "2026-08-30T21:31:44.760279+00:00",
  "feature": "claim_summary",
  "prompt_version": "claim-summary-v1",
  "input_redacted": "Claim [CLAIM NUMBER REDACTED]. Production interruption beginning 09 April 2026, lasting 194 hours before normal operations resumed. Insured claims GBP 600,118 in lost revenue.",
  "redacted_fields": [
    "claim_number:CLM-2026-49537"
  ],
  "retrieval_mode": "hybrid_bm25_rrf",
  "retrieved": [
    {
      "chunk_id": "4fa131d2878b9fbf::0000",
      "doc_id": "4fa131d2878b9fbf",
      "filename": "sample_endorsement_pack.pdf",
      "page": 1,
      "page_end": 1,
      "section_path": "GLOBAL MANUFACTURING LTD",
      "clause_label": "GLOBAL MANUFACTURING LTD",
      "score": 0.0323,
      "text": "GLOBAL MANUFACTURING LTD\n\nCOMMERCIAL PROPERTY AND LIABILITY ENDORSEMENT PACK\nPolicy Number GML-2024-88213. Period of Insurance: 1 April 2024 to 31 March 2025, both dates inclusive at the address of the Insured. This pack records every endorsement attached to the policy and supersedes any endorsement schedule issued previously.\n\nENDORSEMENT NO. 1 - FLOOD SUB-LIMIT AMENDMENT\nEffective from 1 June 2024. In consideration of the additional premium of GBP 42,750 the following amendments are made to the Property Damage section of the policy.\n\n1. DEFINITIONS\n\n1.1 Flood means the escape of water from the normal confines of any natural or artificial watercourse, lake, reservoir, canal or dam, or inundation from the sea, whether driven by storm or otherwise.\n\n1.2 Flood Zone means any location identified as Zone 2 or Zone 3 on the Environment Agency Flood Map for Planning current at the inception of this endorsement.\n\n2. AMENDMENT TO LIMIT\nThe sub-limit applicable to loss or damage caused by Flood is amended from GBP 2,500,000 to GBP 5,000,000 in the annual aggregate. The revised sub-limit applies to all insured locations combined and is part of, and not in addition to, the policy limit of GBP 40,000,000 any one occurrence.\n\n3. DEDUCTIBLE\nA deductible of GBP 250,000 each and every loss applies to loss or damage caused by Flood at any location within a Flood Zone. At all other locations the standard property deductible of GBP 50,000 each and every loss continues to apply.\n\nSECTION 4 - CONDITIONS APPLYING TO THIS ENDORSEMENT"
    },
    {
      "chunk_id": "4fa131d2878b9fbf::0005",
      "doc_id": "4fa131d2878b9fbf",
      "filename": "sample_endorsement_pack.pdf",
      "page": 3,
      "page_end": 3,
      "section_path": "ENDORSEMENT NO. 2 - CYBER AND DATA EXCLUSION > SECTION 2 - EXCLUSION WORDING > 2.",
      "clause_label": "2.",
      "score": 0.0323,
      "text": "(h) the deliberate act of any employee, contractor or agent of the Insured taken with intent to cause a Cyber Incident, whether or not that person was acting within the scope of their employment or engagement, and whether or not the Insured had performed pre-engagement screening on that person.\n\nSECTION 3 - WRITE-BACK FOR PHYSICAL DAMAGE\n\n3. Subject to all other terms of the policy, this exclusion shall not apply to physical loss of or physical damage to insured property arising from fire or explosion which itself results from a Cyber Incident, provided that the fire or explosion is not the result of a Cyber Act committed with intent to cause physical damage.\n\nENDORSEMENT NO. 3 - BUSINESS INTERRUPTION AMENDMENTS\nEffective from 1 October 2024. The Business Interruption section is amended as set out below. All other terms, conditions and exclusions remain unaltered.\n\n1. WAITING PERIOD\nA waiting period of 72 consecutive hours applies to each and every claim under the Business Interruption section. No indemnity is payable in respect of any interruption that is remedied within the waiting period.\n\n2. INDEMNITY PERIOD\nThe maximum indemnity period is extended from 12 months to 18 months from the date on which the interruption begins.\n\n3. NOTIFICATION OF CLAIM\n3. The Insured shall give written notice to the Insurer of any event likely to give rise to a claim under this section within 30 days of that event becoming known to a director or to the risk manager of the Insured. Notice given to the broker alone does not constitute notice to the Insurer.\n\nGENERAL CONDITIONS\n\n1. Cancellation. Either party may cancel this policy by giving 60 days written notice to the other at its last known address. Where the Insurer cancels, a pro rata return of premium shall be made provided no claim has been notified during the Period of Insurance."
    },
    {
      "chunk_id": "4fa131d2878b9fbf::0006",
      "doc_id": "4fa131d2878b9fbf",
      "filename": "sample_endorsement_pack.pdf",
      "page": 3,
      "page_end": 4,
      "section_path": "ENDORSEMENT NO. 3 - BUSINESS INTERRUPTION AMENDMENTS > GENERAL CONDITIONS",
      "clause_label": "GENERAL CONDITIONS",
      "score": 0.0318,
      "text": "GENERAL CONDITIONS\n\n1. Cancellation. Either party may cancel this policy by giving 60 days written notice to the other at its last known address. Where the Insurer cancels, a pro rata return of premium shall be made provided no claim has been notified during the Period of Insurance.\n\n2. Governing law. This policy shall be governed by and construed in accordance with the law of England and Wales, and the parties submit to the exclusive jurisdiction of the courts of England and Wales.\n\n3. Premium payment. The premium is due within 45 days of inception. Failure to pay within that period entitles the Insurer to cancel in accordance with General Condition 1 above.\n\nENDORSEMENT NO. 4 - SEQUENTIAL WATER INTRUSION EXCLUSION\nEffective from 1 February 2025. This endorsement is issued under reference END-2024-0417 and adopts the exclusion wording of Form HO-0304 edition 03-24, reproduced at clause 4.3 below, which supersedes and replaces any earlier edition of Form HO-0304 referenced in the Insured's document file.\n\n4.3 Exclusion Code E-17 - Sequential Water Intrusion Events\nExclusion Code E-17 (Form HO-0304, edition 03-24). This policy does not cover loss or damage arising from a second or subsequent Flood event at the same insured location where that event occurs within 60 consecutive days of an earlier Flood event at the same location, regardless of whether a claim was made for the earlier event. This exclusion applies in addition to, and does not narrow, the deductible and sub-limit provisions of clauses 2 and 3 above.\n\n4.4 Interaction with the Flood Defence Condition\nExclusion Code E-17 does not apply where the Insured can demonstrate that the flood barriers, non-return valves and sump pumps required by clause 4.1 were tested and in good working order in the 60 days immediately preceding the second or subsequent Flood event."
    },
    {
      "chunk_id": "4fa131d2878b9fbf::0001",
      "doc_id": "4fa131d2878b9fbf",
      "filename": "sample_endorsement_pack.pdf",
      "page": 1,
      "page_end": 2,
      "section_path": "ENDORSEMENT NO. 1 - FLOOD SUB-LIMIT AMENDMENT > 3. DEDUCTIBLE",
      "clause_label": "3. DEDUCTIBLE",
      "score": 0.0315,
      "text": "3. DEDUCTIBLE\nA deductible of GBP 250,000 each and every loss applies to loss or damage caused by Flood at any location within a Flood Zone. At all other locations the standard property deductible of GBP 50,000 each and every loss continues to apply.\n\nSECTION 4 - CONDITIONS APPLYING TO THIS ENDORSEMENT\n\n4.1 Flood Defence Maintenance\nThe Insured shall maintain all demountable flood barriers, non-return valves and sump pumps at each insured location in good and effective working order, and shall test them at intervals of not more than six months. A written record of each test shall be kept for a period of three years and produced to the Insurer on request.\n\n4.2 Exclusions\nNotwithstanding anything to the contrary in the policy, this endorsement does not cover loss, damage, cost or expense arising directly or indirectly out of:\n\n(a) subsidence, ground heave or landslip, whether or not caused or contributed to by Flood; (b) loss of or damage to growing crops, standing timber, or livestock in the open; (c) any property in the course of construction, erection or installation where the contract value exceeds GBP 1,000,000; (d) loss or damage to stock stored below ground level unless raised at least 150 millimetres above the finished floor level; (e) any fine, penalty or punitive damages levied by a regulator following a Flood event.\n\n4.2.1 Erosion of the sub-limit\nEach payment made under this endorsement, including any payment for professional fees and debris removal, erodes the annual aggregate sub-limit stated in clause 2. Once the annual aggregate sub-limit is exhausted no further payment shall be made under this endorsement for the remainder of the Period of Insurance."
    },
    {
      "chunk_id": "4fa131d2878b9fbf::0003",
      "doc_id": "4fa131d2878b9fbf",
      "filename": "sample_endorsement_pack.pdf",
      "page": 2,
      "page_end": 2,
      "section_path": "ENDORSEMENT NO. 2 - CYBER AND DATA EXCLUSION > SECTION 2 - EXCLUSION WORDING > 2.",
      "clause_label": "2.",
      "score": 0.0303,
      "text": "to any action taken in controlling, preventing, suppressing or remediating any Cyber Act or Cyber Incident, and including the cost of any forensic investigation commissioned by the Insured or by any regulator, and including any sum paid or payable to a third party by way of settlement, judgment, award or contractual indemnity in respect of such an act or incident, whether or not the Insured admitted liability;\n(b) any loss of use, reduction in functionality, repair, replacement, restoration or reproduction of any Data, including any amount pertaining to the value of such Data, and including the cost of re-keying, re-entering or otherwise reconstituting Data from source documents where those documents themselves remain undamaged, and including any loss of profit consequent upon such loss of use;\n(c) the failure, malfunction, degradation, unavailability or interruption of any Computer System, whether owned or operated by the Insured or by any third party service provider, cloud host, managed service provider or telecommunications carrier upon which the Insured relies, and whether or not the Insured had a contractual right of recourse against that party;\n(d) the receipt, transmission, distribution or storage of any Malicious Code, whether or not that Malicious Code was introduced deliberately, negligently or inadvertently, and whether or not the Insured had in place anti-malware controls conforming to any recognised standard including ISO 27001 or the National Institute of Standards and Technology Cybersecurity Framework;"
    }
  ],
  "model": "stub:reading-comprehension-v1",
  "params": {
    "effort": "medium",
    "max_tokens": 16000
  },
  "output": {
    "claim_number": "[CLAIM NUMBER REDACTED]",
    "date_of_loss": "09 April 2026",
    "coverage_decision": "covered",
    "cited_exclusion_id": null,
    "excess_amount": 250000.0,
    "summary": "Notes match an insured peril: The revised sub-limit applies to all insured locations combined and is part of, and not in addition to, the policy limit of GBP 40,000,000 any one occurrence.",
    "citations": [
      "4fa131d2878b9fbf::0000"
    ]
  },
  "output_notes": []
}
---
{
  "trace_id": "trc_00072",
  "created_at": "2026-08-30T21:31:44.775282+00:00",
  "feature": "claim_summary",
  "prompt_version": "claim-summary-v1",
  "input_redacted": "Claim [CLAIM NUMBER REDACTED]. A malicious intrusion into the insured's building-management system on 08 March 2026 caused an electrical fault that started a fire, causing physical damage to the premises estimated at GBP 1,296,948. No evidence the intrusion was intended to cause the fire.",
  "redacted_fields": [
    "claim_number:CLM-2026-38633"
  ],
  "retrieval_mode": "hybrid_bm25_rrf",
  "retrieved": [
    {
      "chunk_id": "4fa131d2878b9fbf::0005",
      "doc_id": "4fa131d2878b9fbf",
      "filename": "sample_endorsement_pack.pdf",
      "page": 3,
      "page_end": 3,
      "section_path": "ENDORSEMENT NO. 2 - CYBER AND DATA EXCLUSION > SECTION 2 - EXCLUSION WORDING > 2.",
      "clause_label": "2.",
      "score": 0.0323,
      "text": "(h) the deliberate act of any employee, contractor or agent of the Insured taken with intent to cause a Cyber Incident, whether or not that person was acting within the scope of their employment or engagement, and whether or not the Insured had performed pre-engagement screening on that person.\n\nSECTION 3 - WRITE-BACK FOR PHYSICAL DAMAGE\n\n3. Subject to all other terms of the policy, this exclusion shall not apply to physical loss of or physical damage to insured property arising from fire or explosion which itself results from a Cyber Incident, provided that the fire or explosion is not the result of a Cyber Act committed with intent to cause physical damage.\n\nENDORSEMENT NO. 3 - BUSINESS INTERRUPTION AMENDMENTS\nEffective from 1 October 2024. The Business Interruption section is amended as set out below. All other terms, conditions and exclusions remain unaltered.\n\n1. WAITING PERIOD\nA waiting period of 72 consecutive hours applies to each and every claim under the Business Interruption section. No indemnity is payable in respect of any interruption that is remedied within the waiting period.\n\n2. INDEMNITY PERIOD\nThe maximum indemnity period is extended from 12 months to 18 months from the date on which the interruption begins.\n\n3. NOTIFICATION OF CLAIM\n3. The Insured shall give written notice to the Insurer of any event likely to give rise to a claim under this section within 30 days of that event becoming known to a director or to the risk manager of the Insured. Notice given to the broker alone does not constitute notice to the Insurer.\n\nGENERAL CONDITIONS\n\n1. Cancellation. Either party may cancel this policy by giving 60 days written notice to the other at its last known address. Where the Insurer cancels, a pro rata return of premium shall be made provided no claim has been notified during the Period of Insurance."
    },
    {
      "chunk_id": "5ccd70c8aadf500e::0001",
      "doc_id": "5ccd70c8aadf500e",
      "filename": "form_ho0304_archive.pdf",
      "page": 1,
      "page_end": 1,
      "section_path": "FORM HO-0304 - EDITION 01-24",
      "clause_label": "FORM HO-0304 - EDITION 01-24",
      "score": 0.0315,
      "text": "This policy does not cover loss or damage arising from a second or subsequent Flood event at the same insured location where that event occurs within 45 consecutive days of an earlier Flood event at the same location, save that this exclusion does not apply to a Flood event caused solely by a named windstorm. Superseded by edition 01-24 with effect from 1 January 2024.\n\nFORM HO-0304 - EDITION 01-24\nEXCLUSION CODE E-17 - SEQUENTIAL WATER INTRUSION EVENTS (EDITION 01-24)\n\nExclusion Code E-17 (Form HO-0304, edition 01-24). This policy does not cover loss or damage arising from a second or subsequent Flood event at the same insured location where that event occurs within 55 consecutive days of an earlier Flood event at the same location, save that this exclusion does not apply to a Flood event caused solely by a named windstorm. Superseded by edition 03-24 with effect from 1 February 2025."
    },
    {
      "chunk_id": "4fa131d2878b9fbf::0000",
      "doc_id": "4fa131d2878b9fbf",
      "filename": "sample_endorsement_pack.pdf",
      "page": 1,
      "page_end": 1,
      "section_path": "GLOBAL MANUFACTURING LTD",
      "clause_label": "GLOBAL MANUFACTURING LTD",
      "score": 0.0315,
      "text": "GLOBAL MANUFACTURING LTD\n\nCOMMERCIAL PROPERTY AND LIABILITY ENDORSEMENT PACK\nPolicy Number GML-2024-88213. Period of Insurance: 1 April 2024 to 31 March 2025, both dates inclusive at the address of the Insured. This pack records every endorsement attached to the policy and supersedes any endorsement schedule issued previously.\n\nENDORSEMENT NO. 1 - FLOOD SUB-LIMIT AMENDMENT\nEffective from 1 June 2024. In consideration of the additional premium of GBP 42,750 the following amendments are made to the Property Damage section of the policy.\n\n1. DEFINITIONS\n\n1.1 Flood means the escape of water from the normal confines of any natural or artificial watercourse, lake, reservoir, canal or dam, or inundation from the sea, whether driven by storm or otherwise.\n\n1.2 Flood Zone means any location identified as Zone 2 or Zone 3 on the Environment Agency Flood Map for Planning current at the inception of this endorsement.\n\n2. AMENDMENT TO LIMIT\nThe sub-limit applicable to loss or damage caused by Flood is amended from GBP 2,500,000 to GBP 5,000,000 in the annual aggregate. The revised sub-limit applies to all insured locations combined and is part of, and not in addition to, the policy limit of GBP 40,000,000 any one occurrence.\n\n3. DEDUCTIBLE\nA deductible of GBP 250,000 each and every loss applies to loss or damage caused by Flood at any location within a Flood Zone. At all other locations the standard property deductible of GBP 50,000 each and every loss continues to apply.\n\nSECTION 4 - CONDITIONS APPLYING TO THIS ENDORSEMENT"
    },
    {
      "chunk_id": "4fa131d2878b9fbf::0001",
      "doc_id": "4fa131d2878b9fbf",
      "filename": "sample_endorsement_pack.pdf",
      "page": 1,
      "page_end": 2,
      "section_path": "ENDORSEMENT NO. 1 - FLOOD SUB-LIMIT AMENDMENT > 3. DEDUCTIBLE",
      "clause_label": "3. DEDUCTIBLE",
      "score": 0.0311,
      "text": "3. DEDUCTIBLE\nA deductible of GBP 250,000 each and every loss applies to loss or damage caused by Flood at any location within a Flood Zone. At all other locations the standard property deductible of GBP 50,000 each and every loss continues to apply.\n\nSECTION 4 - CONDITIONS APPLYING TO THIS ENDORSEMENT\n\n4.1 Flood Defence Maintenance\nThe Insured shall maintain all demountable flood barriers, non-return valves and sump pumps at each insured location in good and effective working order, and shall test them at intervals of not more than six months. A written record of each test shall be kept for a period of three years and produced to the Insurer on request.\n\n4.2 Exclusions\nNotwithstanding anything to the contrary in the policy, this endorsement does not cover loss, damage, cost or expense arising directly or indirectly out of:\n\n(a) subsidence, ground heave or landslip, whether or not caused or contributed to by Flood; (b) loss of or damage to growing crops, standing timber, or livestock in the open; (c) any property in the course of construction, erection or installation where the contract value exceeds GBP 1,000,000; (d) loss or damage to stock stored below ground level unless raised at least 150 millimetres above the finished floor level; (e) any fine, penalty or punitive damages levied by a regulator following a Flood event.\n\n4.2.1 Erosion of the sub-limit\nEach payment made under this endorsement, including any payment for professional fees and debris removal, erodes the annual aggregate sub-limit stated in clause 2. Once the annual aggregate sub-limit is exhausted no further payment shall be made under this endorsement for the remainder of the Period of Insurance."
    },
    {
      "chunk_id": "4fa131d2878b9fbf::0006",
      "doc_id": "4fa131d2878b9fbf",
      "filename": "sample_endorsement_pack.pdf",
      "page": 3,
      "page_end": 4,
      "section_path": "ENDORSEMENT NO. 3 - BUSINESS INTERRUPTION AMENDMENTS > GENERAL CONDITIONS",
      "clause_label": "GENERAL CONDITIONS",
      "score": 0.0308,
      "text": "GENERAL CONDITIONS\n\n1. Cancellation. Either party may cancel this policy by giving 60 days written notice to the other at its last known address. Where the Insurer cancels, a pro rata return of premium shall be made provided no claim has been notified during the Period of Insurance.\n\n2. Governing law. This policy shall be governed by and construed in accordance with the law of England and Wales, and the parties submit to the exclusive jurisdiction of the courts of England and Wales.\n\n3. Premium payment. The premium is due within 45 days of inception. Failure to pay within that period entitles the Insurer to cancel in accordance with General Condition 1 above.\n\nENDORSEMENT NO. 4 - SEQUENTIAL WATER INTRUSION EXCLUSION\nEffective from 1 February 2025. This endorsement is issued under reference END-2024-0417 and adopts the exclusion wording of Form HO-0304 edition 03-24, reproduced at clause 4.3 below, which supersedes and replaces any earlier edition of Form HO-0304 referenced in the Insured's document file.\n\n4.3 Exclusion Code E-17 - Sequential Water Intrusion Events\nExclusion Code E-17 (Form HO-0304, edition 03-24). This policy does not cover loss or damage arising from a second or subsequent Flood event at the same insured location where that event occurs within 60 consecutive days of an earlier Flood event at the same location, regardless of whether a claim was made for the earlier event. This exclusion applies in addition to, and does not narrow, the deductible and sub-limit provisions of clauses 2 and 3 above.\n\n4.4 Interaction with the Flood Defence Condition\nExclusion Code E-17 does not apply where the Insured can demonstrate that the flood barriers, non-return valves and sump pumps required by clause 4.1 were tested and in good working order in the 60 days immediately preceding the second or subsequent Flood event."
    }
  ],
  "model": "stub:reading-comprehension-v1",
  "params": {
    "effort": "medium",
    "max_tokens": 16000
  },
  "output": {
    "claim_number": "[CLAIM NUMBER REDACTED]",
    "date_of_loss": "08 March 2026",
    "coverage_decision": "covered",
    "cited_exclusion_id": null,
    "excess_amount": null,
    "summary": "Notes match an insured peril: Subject to all other terms of the policy, this exclusion shall not apply to physical loss of or physical damage to insured property arising from fire or explosion which itself results from a Cyber Incident, provided that the fire or explosion is not the result of a Cyber Act committed with intent to cause physical damage.",
    "citations": [
      "4fa131d2878b9fbf::0005"
    ]
  },
  "output_notes": []
}
---
{
  "trace_id": "trc_00073",
  "created_at": "2026-08-30T21:31:44.787948+00:00",
  "feature": "claim_summary",
  "prompt_version": "claim-summary-v1",
  "input_redacted": "Claim [CLAIM NUMBER REDACTED]. The insured's cloud hosting provider suffered an outage on 28 April 2026, taking the insured's ordering system offline for 36 hours. Insured claims lost sales of GBP 104,506.",
  "redacted_fields": [
    "claim_number:CLM-2026-52737"
  ],
  "retrieval_mode": "hybrid_bm25_rrf",
  "retrieved": [
    {
      "chunk_id": "4fa131d2878b9fbf::0003",
      "doc_id": "4fa131d2878b9fbf",
      "filename": "sample_endorsement_pack.pdf",
      "page": 2,
      "page_end": 2,
      "section_path": "ENDORSEMENT NO. 2 - CYBER AND DATA EXCLUSION > SECTION 2 - EXCLUSION WORDING > 2.",
      "clause_label": "2.",
      "score": 0.0328,
      "text": "to any action taken in controlling, preventing, suppressing or remediating any Cyber Act or Cyber Incident, and including the cost of any forensic investigation commissioned by the Insured or by any regulator, and including any sum paid or payable to a third party by way of settlement, judgment, award or contractual indemnity in respect of such an act or incident, whether or not the Insured admitted liability;\n(b) any loss of use, reduction in functionality, repair, replacement, restoration or reproduction of any Data, including any amount pertaining to the value of such Data, and including the cost of re-keying, re-entering or otherwise reconstituting Data from source documents where those documents themselves remain undamaged, and including any loss of profit consequent upon such loss of use;\n(c) the failure, malfunction, degradation, unavailability or interruption of any Computer System, whether owned or operated by the Insured or by any third party service provider, cloud host, managed service provider or telecommunications carrier upon which the Insured relies, and whether or not the Insured had a contractual right of recourse against that party;\n(d) the receipt, transmission, distribution or storage of any Malicious Code, whether or not that Malicious Code was introduced deliberately, negligently or inadvertently, and whether or not the Insured had in place anti-malware controls conforming to any recognised standard including ISO 27001 or the National Institute of Standards and Technology Cybersecurity Framework;"
    },
    {
      "chunk_id": "4fa131d2878b9fbf::0006",
      "doc_id": "4fa131d2878b9fbf",
      "filename": "sample_endorsement_pack.pdf",
      "page": 3,
      "page_end": 4,
      "section_path": "ENDORSEMENT NO. 3 - BUSINESS INTERRUPTION AMENDMENTS > GENERAL CONDITIONS",
      "clause_label": "GENERAL CONDITIONS",
      "score": 0.0323,
      "text": "GENERAL CONDITIONS\n\n1. Cancellation. Either party may cancel this policy by giving 60 days written notice to the other at its last known address. Where the Insurer cancels, a pro rata return of premium shall be made provided no claim has been notified during the Period of Insurance.\n\n2. Governing law. This policy shall be governed by and construed in accordance with the law of England and Wales, and the parties submit to the exclusive jurisdiction of the courts of England and Wales.\n\n3. Premium payment. The premium is due within 45 days of inception. Failure to pay within that period entitles the Insurer to cancel in accordance with General Condition 1 above.\n\nENDORSEMENT NO. 4 - SEQUENTIAL WATER INTRUSION EXCLUSION\nEffective from 1 February 2025. This endorsement is issued under reference END-2024-0417 and adopts the exclusion wording of Form HO-0304 edition 03-24, reproduced at clause 4.3 below, which supersedes and replaces any earlier edition of Form HO-0304 referenced in the Insured's document file.\n\n4.3 Exclusion Code E-17 - Sequential Water Intrusion Events\nExclusion Code E-17 (Form HO-0304, edition 03-24). This policy does not cover loss or damage arising from a second or subsequent Flood event at the same insured location where that event occurs within 60 consecutive days of an earlier Flood event at the same location, regardless of whether a claim was made for the earlier event. This exclusion applies in addition to, and does not narrow, the deductible and sub-limit provisions of clauses 2 and 3 above.\n\n4.4 Interaction with the Flood Defence Condition\nExclusion Code E-17 does not apply where the Insured can demonstrate that the flood barriers, non-return valves and sump pumps required by clause 4.1 were tested and in good working order in the 60 days immediately preceding the second or subsequent Flood event."
    },
    {
      "chunk_id": "4fa131d2878b9fbf::0000",
      "doc_id": "4fa131d2878b9fbf",
      "filename": "sample_endorsement_pack.pdf",
      "page": 1,
      "page_end": 1,
      "section_path": "GLOBAL MANUFACTURING LTD",
      "clause_label": "GLOBAL MANUFACTURING LTD",
      "score": 0.0315,
      "text": "GLOBAL MANUFACTURING LTD\n\nCOMMERCIAL PROPERTY AND LIABILITY ENDORSEMENT PACK\nPolicy Number GML-2024-88213. Period of Insurance: 1 April 2024 to 31 March 2025, both dates inclusive at the address of the Insured. This pack records every endorsement attached to the policy and supersedes any endorsement schedule issued previously.\n\nENDORSEMENT NO. 1 - FLOOD SUB-LIMIT AMENDMENT\nEffective from 1 June 2024. In consideration of the additional premium of GBP 42,750 the following amendments are made to the Property Damage section of the policy.\n\n1. DEFINITIONS\n\n1.1 Flood means the escape of water from the normal confines of any natural or artificial watercourse, lake, reservoir, canal or dam, or inundation from the sea, whether driven by storm or otherwise.\n\n1.2 Flood Zone means any location identified as Zone 2 or Zone 3 on the Environment Agency Flood Map for Planning current at the inception of this endorsement.\n\n2. AMENDMENT TO LIMIT\nThe sub-limit applicable to loss or damage caused by Flood is amended from GBP 2,500,000 to GBP 5,000,000 in the annual aggregate. The revised sub-limit applies to all insured locations combined and is part of, and not in addition to, the policy limit of GBP 40,000,000 any one occurrence.\n\n3. DEDUCTIBLE\nA deductible of GBP 250,000 each and every loss applies to loss or damage caused by Flood at any location within a Flood Zone. At all other locations the standard property deductible of GBP 50,000 each and every loss continues to apply.\n\nSECTION 4 - CONDITIONS APPLYING TO THIS ENDORSEMENT"
    },
    {
      "chunk_id": "4fa131d2878b9fbf::0005",
      "doc_id": "4fa131d2878b9fbf",
      "filename": "sample_endorsement_pack.pdf",
      "page": 3,
      "page_end": 3,
      "section_path": "ENDORSEMENT NO. 2 - CYBER AND DATA EXCLUSION > SECTION 2 - EXCLUSION WORDING > 2.",
      "clause_label": "2.",
      "score": 0.031,
      "text": "(h) the deliberate act of any employee, contractor or agent of the Insured taken with intent to cause a Cyber Incident, whether or not that person was acting within the scope of their employment or engagement, and whether or not the Insured had performed pre-engagement screening on that person.\n\nSECTION 3 - WRITE-BACK FOR PHYSICAL DAMAGE\n\n3. Subject to all other terms of the policy, this exclusion shall not apply to physical loss of or physical damage to insured property arising from fire or explosion which itself results from a Cyber Incident, provided that the fire or explosion is not the result of a Cyber Act committed with intent to cause physical damage.\n\nENDORSEMENT NO. 3 - BUSINESS INTERRUPTION AMENDMENTS\nEffective from 1 October 2024. The Business Interruption section is amended as set out below. All other terms, conditions and exclusions remain unaltered.\n\n1. WAITING PERIOD\nA waiting period of 72 consecutive hours applies to each and every claim under the Business Interruption section. No indemnity is payable in respect of any interruption that is remedied within the waiting period.\n\n2. INDEMNITY PERIOD\nThe maximum indemnity period is extended from 12 months to 18 months from the date on which the interruption begins.\n\n3. NOTIFICATION OF CLAIM\n3. The Insured shall give written notice to the Insurer of any event likely to give rise to a claim under this section within 30 days of that event becoming known to a director or to the risk manager of the Insured. Notice given to the broker alone does not constitute notice to the Insurer.\n\nGENERAL CONDITIONS\n\n1. Cancellation. Either party may cancel this policy by giving 60 days written notice to the other at its last known address. Where the Insurer cancels, a pro rata return of premium shall be made provided no claim has been notified during the Period of Insurance."
    },
    {
      "chunk_id": "4fa131d2878b9fbf::0001",
      "doc_id": "4fa131d2878b9fbf",
      "filename": "sample_endorsement_pack.pdf",
      "page": 1,
      "page_end": 2,
      "section_path": "ENDORSEMENT NO. 1 - FLOOD SUB-LIMIT AMENDMENT > 3. DEDUCTIBLE",
      "clause_label": "3. DEDUCTIBLE",
      "score": 0.0308,
      "text": "3. DEDUCTIBLE\nA deductible of GBP 250,000 each and every loss applies to loss or damage caused by Flood at any location within a Flood Zone. At all other locations the standard property deductible of GBP 50,000 each and every loss continues to apply.\n\nSECTION 4 - CONDITIONS APPLYING TO THIS ENDORSEMENT\n\n4.1 Flood Defence Maintenance\nThe Insured shall maintain all demountable flood barriers, non-return valves and sump pumps at each insured location in good and effective working order, and shall test them at intervals of not more than six months. A written record of each test shall be kept for a period of three years and produced to the Insurer on request.\n\n4.2 Exclusions\nNotwithstanding anything to the contrary in the policy, this endorsement does not cover loss, damage, cost or expense arising directly or indirectly out of:\n\n(a) subsidence, ground heave or landslip, whether or not caused or contributed to by Flood; (b) loss of or damage to growing crops, standing timber, or livestock in the open; (c) any property in the course of construction, erection or installation where the contract value exceeds GBP 1,000,000; (d) loss or damage to stock stored below ground level unless raised at least 150 millimetres above the finished floor level; (e) any fine, penalty or punitive damages levied by a regulator following a Flood event.\n\n4.2.1 Erosion of the sub-limit\nEach payment made under this endorsement, including any payment for professional fees and debris removal, erodes the annual aggregate sub-limit stated in clause 2. Once the annual aggregate sub-limit is exhausted no further payment shall be made under this endorsement for the remainder of the Period of Insurance."
    }
  ],
  "model": "stub:reading-comprehension-v1",
  "params": {
    "effort": "medium",
    "max_tokens": 16000
  },
  "output": {
    "claim_number": "[CLAIM NUMBER REDACTED]",
    "date_of_loss": "28 April 2026",
    "coverage_decision": "covered",
    "cited_exclusion_id": null,
    "excess_amount": null,
    "summary": "Notes match an insured peril: (c) the failure, malfunction, degradation, unavailability or interruption of any Computer System, whether owned or operated by the Insured or by any third party service provider, cloud host, managed service provider or telecommunications carrier upon which the Insured relies, and whether or not the Insured had a contractual right of recourse against that party;",
    "citations": [
      "4fa131d2878b9fbf::0003"
    ]
  },
  "output_notes": []
}
---
{
  "trace_id": "trc_00074",
  "created_at": "2026-08-30T21:31:44.800795+00:00",
  "feature": "claim_summary",
  "prompt_version": "claim-summary-v1",
  "input_redacted": "Claim [CLAIM NUMBER REDACTED]. Business interruption event on 10 August 2026; the insured's risk manager only notified the Insurer 52 days later. Claimed amount GBP 178,270. Insured asks whether the late notice affects the claim.",
  "redacted_fields": [
    "claim_number:CLM-2026-09817"
  ],
  "retrieval_mode": "hybrid_bm25_rrf",
  "retrieved": [
    {
      "chunk_id": "4fa131d2878b9fbf::0006",
      "doc_id": "4fa131d2878b9fbf",
      "filename": "sample_endorsement_pack.pdf",
      "page": 3,
      "page_end": 4,
      "section_path": "ENDORSEMENT NO. 3 - BUSINESS INTERRUPTION AMENDMENTS > GENERAL CONDITIONS",
      "clause_label": "GENERAL CONDITIONS",
      "score": 0.0325,
      "text": "GENERAL CONDITIONS\n\n1. Cancellation. Either party may cancel this policy by giving 60 days written notice to the other at its last known address. Where the Insurer cancels, a pro rata return of premium shall be made provided no claim has been notified during the Period of Insurance.\n\n2. Governing law. This policy shall be governed by and construed in accordance with the law of England and Wales, and the parties submit to the exclusive jurisdiction of the courts of England and Wales.\n\n3. Premium payment. The premium is due within 45 days of inception. Failure to pay within that period entitles the Insurer to cancel in accordance with General Condition 1 above.\n\nENDORSEMENT NO. 4 - SEQUENTIAL WATER INTRUSION EXCLUSION\nEffective from 1 February 2025. This endorsement is issued under reference END-2024-0417 and adopts the exclusion wording of Form HO-0304 edition 03-24, reproduced at clause 4.3 below, which supersedes and replaces any earlier edition of Form HO-0304 referenced in the Insured's document file.\n\n4.3 Exclusion Code E-17 - Sequential Water Intrusion Events\nExclusion Code E-17 (Form HO-0304, edition 03-24). This policy does not cover loss or damage arising from a second or subsequent Flood event at the same insured location where that event occurs within 60 consecutive days of an earlier Flood event at the same location, regardless of whether a claim was made for the earlier event. This exclusion applies in addition to, and does not narrow, the deductible and sub-limit provisions of clauses 2 and 3 above.\n\n4.4 Interaction with the Flood Defence Condition\nExclusion Code E-17 does not apply where the Insured can demonstrate that the flood barriers, non-return valves and sump pumps required by clause 4.1 were tested and in good working order in the 60 days immediately preceding the second or subsequent Flood event."
    },
    {
      "chunk_id": "4fa131d2878b9fbf::0005",
      "doc_id": "4fa131d2878b9fbf",
      "filename": "sample_endorsement_pack.pdf",
      "page": 3,
      "page_end": 3,
      "section_path": "ENDORSEMENT NO. 2 - CYBER AND DATA EXCLUSION > SECTION 2 - EXCLUSION WORDING > 2.",
      "clause_label": "2.",
      "score": 0.0325,
      "text": "(h) the deliberate act of any employee, contractor or agent of the Insured taken with intent to cause a Cyber Incident, whether or not that person was acting within the scope of their employment or engagement, and whether or not the Insured had performed pre-engagement screening on that person.\n\nSECTION 3 - WRITE-BACK FOR PHYSICAL DAMAGE\n\n3. Subject to all other terms of the policy, this exclusion shall not apply to physical loss of or physical damage to insured property arising from fire or explosion which itself results from a Cyber Incident, provided that the fire or explosion is not the result of a Cyber Act committed with intent to cause physical damage.\n\nENDORSEMENT NO. 3 - BUSINESS INTERRUPTION AMENDMENTS\nEffective from 1 October 2024. The Business Interruption section is amended as set out below. All other terms, conditions and exclusions remain unaltered.\n\n1. WAITING PERIOD\nA waiting period of 72 consecutive hours applies to each and every claim under the Business Interruption section. No indemnity is payable in respect of any interruption that is remedied within the waiting period.\n\n2. INDEMNITY PERIOD\nThe maximum indemnity period is extended from 12 months to 18 months from the date on which the interruption begins.\n\n3. NOTIFICATION OF CLAIM\n3. The Insured shall give written notice to the Insurer of any event likely to give rise to a claim under this section within 30 days of that event becoming known to a director or to the risk manager of the Insured. Notice given to the broker alone does not constitute notice to the Insurer.\n\nGENERAL CONDITIONS\n\n1. Cancellation. Either party may cancel this policy by giving 60 days written notice to the other at its last known address. Where the Insurer cancels, a pro rata return of premium shall be made provided no claim has been notified during the Period of Insurance."
    },
    {
      "chunk_id": "5ccd70c8aadf500e::0001",
      "doc_id": "5ccd70c8aadf500e",
      "filename": "form_ho0304_archive.pdf",
      "page": 1,
      "page_end": 1,
      "section_path": "FORM HO-0304 - EDITION 01-24",
      "clause_label": "FORM HO-0304 - EDITION 01-24",
      "score": 0.031,
      "text": "This policy does not cover loss or damage arising from a second or subsequent Flood event at the same insured location where that event occurs within 45 consecutive days of an earlier Flood event at the same location, save that this exclusion does not apply to a Flood event caused solely by a named windstorm. Superseded by edition 01-24 with effect from 1 January 2024.\n\nFORM HO-0304 - EDITION 01-24\nEXCLUSION CODE E-17 - SEQUENTIAL WATER INTRUSION EVENTS (EDITION 01-24)\n\nExclusion Code E-17 (Form HO-0304, edition 01-24). This policy does not cover loss or damage arising from a second or subsequent Flood event at the same insured location where that event occurs within 55 consecutive days of an earlier Flood event at the same location, save that this exclusion does not apply to a Flood event caused solely by a named windstorm. Superseded by edition 03-24 with effect from 1 February 2025."
    },
    {
      "chunk_id": "4fa131d2878b9fbf::0000",
      "doc_id": "4fa131d2878b9fbf",
      "filename": "sample_endorsement_pack.pdf",
      "page": 1,
      "page_end": 1,
      "section_path": "GLOBAL MANUFACTURING LTD",
      "clause_label": "GLOBAL MANUFACTURING LTD",
      "score": 0.031,
      "text": "GLOBAL MANUFACTURING LTD\n\nCOMMERCIAL PROPERTY AND LIABILITY ENDORSEMENT PACK\nPolicy Number GML-2024-88213. Period of Insurance: 1 April 2024 to 31 March 2025, both dates inclusive at the address of the Insured. This pack records every endorsement attached to the policy and supersedes any endorsement schedule issued previously.\n\nENDORSEMENT NO. 1 - FLOOD SUB-LIMIT AMENDMENT\nEffective from 1 June 2024. In consideration of the additional premium of GBP 42,750 the following amendments are made to the Property Damage section of the policy.\n\n1. DEFINITIONS\n\n1.1 Flood means the escape of water from the normal confines of any natural or artificial watercourse, lake, reservoir, canal or dam, or inundation from the sea, whether driven by storm or otherwise.\n\n1.2 Flood Zone means any location identified as Zone 2 or Zone 3 on the Environment Agency Flood Map for Planning current at the inception of this endorsement.\n\n2. AMENDMENT TO LIMIT\nThe sub-limit applicable to loss or damage caused by Flood is amended from GBP 2,500,000 to GBP 5,000,000 in the annual aggregate. The revised sub-limit applies to all insured locations combined and is part of, and not in addition to, the policy limit of GBP 40,000,000 any one occurrence.\n\n3. DEDUCTIBLE\nA deductible of GBP 250,000 each and every loss applies to loss or damage caused by Flood at any location within a Flood Zone. At all other locations the standard property deductible of GBP 50,000 each and every loss continues to apply.\n\nSECTION 4 - CONDITIONS APPLYING TO THIS ENDORSEMENT"
    },
    {
      "chunk_id": "4fa131d2878b9fbf::0003",
      "doc_id": "4fa131d2878b9fbf",
      "filename": "sample_endorsement_pack.pdf",
      "page": 2,
      "page_end": 2,
      "section_path": "ENDORSEMENT NO. 2 - CYBER AND DATA EXCLUSION > SECTION 2 - EXCLUSION WORDING > 2.",
      "clause_label": "2.",
      "score": 0.0306,
      "text": "to any action taken in controlling, preventing, suppressing or remediating any Cyber Act or Cyber Incident, and including the cost of any forensic investigation commissioned by the Insured or by any regulator, and including any sum paid or payable to a third party by way of settlement, judgment, award or contractual indemnity in respect of such an act or incident, whether or not the Insured admitted liability;\n(b) any loss of use, reduction in functionality, repair, replacement, restoration or reproduction of any Data, including any amount pertaining to the value of such Data, and including the cost of re-keying, re-entering or otherwise reconstituting Data from source documents where those documents themselves remain undamaged, and including any loss of profit consequent upon such loss of use;\n(c) the failure, malfunction, degradation, unavailability or interruption of any Computer System, whether owned or operated by the Insured or by any third party service provider, cloud host, managed service provider or telecommunications carrier upon which the Insured relies, and whether or not the Insured had a contractual right of recourse against that party;\n(d) the receipt, transmission, distribution or storage of any Malicious Code, whether or not that Malicious Code was introduced deliberately, negligently or inadvertently, and whether or not the Insured had in place anti-malware controls conforming to any recognised standard including ISO 27001 or the National Institute of Standards and Technology Cybersecurity Framework;"
    }
  ],
  "model": "stub:reading-comprehension-v1",
  "params": {
    "effort": "medium",
    "max_tokens": 16000
  },
  "output": {
    "claim_number": "[CLAIM NUMBER REDACTED]",
    "date_of_loss": "10 August 2026",
    "coverage_decision": "denied",
    "cited_exclusion_id": "h",
    "excess_amount": null,
    "summary": "Notes describe circumstances matching an excluded scenario: The Insured shall give written notice to the Insurer of any event likely to give rise to a claim under this section within 30 days of that event becoming known to a director or to the risk manager of the Insured.",
    "citations": [
      "4fa131d2878b9fbf::0005"
    ]
  },
  "output_notes": []
}
---
{
  "trace_id": "trc_00075",
  "created_at": "2026-08-30T21:31:44.815892+00:00",
  "feature": "claim_summary",
  "prompt_version": "claim-summary-v1",
  "input_redacted": "Claim [CLAIM NUMBER REDACTED]. Ransomware incident on 06 June 2026 encrypted the insured's order management system; insured paid a ransom of GBP 486,945 in cryptocurrency to restore access. Insured asks whether the ransom payment is covered.",
  "redacted_fields": [
    "claim_number:CLM-2026-86602"
  ],
  "retrieval_mode": "hybrid_bm25_rrf",
  "retrieved": [
    {
      "chunk_id": "4fa131d2878b9fbf::0004",
      "doc_id": "4fa131d2878b9fbf",
      "filename": "sample_endorsement_pack.pdf",
      "page": 2,
      "page_end": 3,
      "section_path": "ENDORSEMENT NO. 2 - CYBER AND DATA EXCLUSION > SECTION 2 - EXCLUSION WORDING > 2.",
      "clause_label": "2.",
      "score": 0.0328,
      "text": "(d) the receipt, transmission, distribution or storage of any Malicious Code, whether or not that Malicious Code was introduced deliberately, negligently or inadvertently, and whether or not the Insured had in place anti-malware controls conforming to any recognised standard including ISO 27001 or the National Institute of Standards and Technology Cybersecurity Framework;\n(e) any regulatory investigation, enquiry, examination, inspection, hearing or proceeding brought by any data protection authority, supervisory authority, information commissioner or equivalent body in any jurisdiction, together with the costs of responding to any request for information from such a body, and together with any administrative fine or penalty however described;\n(f) any extortion demand, ransom payment, cryptocurrency transfer or negotiation fee made or incurred in response to a threat to a Computer System or to Data, and including the fees of any incident response firm, ransomware negotiator or public relations consultant engaged in connection with that threat;\n(g) any breach of contract, warranty, guarantee, service level agreement or licence term relating to the performance, security, availability or integrity of any Computer System or Data, whether that contract was entered into by the Insured as supplier or as customer;\n(h) the deliberate act of any employee, contractor or agent of the Insured taken with intent to cause a Cyber Incident, whether or not that person was acting within the scope of their employment or engagement, and whether or not the Insured had performed pre-engagement screening on that person.\n\nSECTION 3 - WRITE-BACK FOR PHYSICAL DAMAGE"
    },
    {
      "chunk_id": "4fa131d2878b9fbf::0003",
      "doc_id": "4fa131d2878b9fbf",
      "filename": "sample_endorsement_pack.pdf",
      "page": 2,
      "page_end": 2,
      "section_path": "ENDORSEMENT NO. 2 - CYBER AND DATA EXCLUSION > SECTION 2 - EXCLUSION WORDING > 2.",
      "clause_label": "2.",
      "score": 0.0318,
      "text": "to any action taken in controlling, preventing, suppressing or remediating any Cyber Act or Cyber Incident, and including the cost of any forensic investigation commissioned by the Insured or by any regulator, and including any sum paid or payable to a third party by way of settlement, judgment, award or contractual indemnity in respect of such an act or incident, whether or not the Insured admitted liability;\n(b) any loss of use, reduction in functionality, repair, replacement, restoration or reproduction of any Data, including any amount pertaining to the value of such Data, and including the cost of re-keying, re-entering or otherwise reconstituting Data from source documents where those documents themselves remain undamaged, and including any loss of profit consequent upon such loss of use;\n(c) the failure, malfunction, degradation, unavailability or interruption of any Computer System, whether owned or operated by the Insured or by any third party service provider, cloud host, managed service provider or telecommunications carrier upon which the Insured relies, and whether or not the Insured had a contractual right of recourse against that party;\n(d) the receipt, transmission, distribution or storage of any Malicious Code, whether or not that Malicious Code was introduced deliberately, negligently or inadvertently, and whether or not the Insured had in place anti-malware controls conforming to any recognised standard including ISO 27001 or the National Institute of Standards and Technology Cybersecurity Framework;"
    },
    {
      "chunk_id": "4fa131d2878b9fbf::0006",
      "doc_id": "4fa131d2878b9fbf",
      "filename": "sample_endorsement_pack.pdf",
      "page": 3,
      "page_end": 4,
      "section_path": "ENDORSEMENT NO. 3 - BUSINESS INTERRUPTION AMENDMENTS > GENERAL CONDITIONS",
      "clause_label": "GENERAL CONDITIONS",
      "score": 0.0317,
      "text": "GENERAL CONDITIONS\n\n1. Cancellation. Either party may cancel this policy by giving 60 days written notice to the other at its last known address. Where the Insurer cancels, a pro rata return of premium shall be made provided no claim has been notified during the Period of Insurance.\n\n2. Governing law. This policy shall be governed by and construed in accordance with the law of England and Wales, and the parties submit to the exclusive jurisdiction of the courts of England and Wales.\n\n3. Premium payment. The premium is due within 45 days of inception. Failure to pay within that period entitles the Insurer to cancel in accordance with General Condition 1 above.\n\nENDORSEMENT NO. 4 - SEQUENTIAL WATER INTRUSION EXCLUSION\nEffective from 1 February 2025. This endorsement is issued under reference END-2024-0417 and adopts the exclusion wording of Form HO-0304 edition 03-24, reproduced at clause 4.3 below, which supersedes and replaces any earlier edition of Form HO-0304 referenced in the Insured's document file.\n\n4.3 Exclusion Code E-17 - Sequential Water Intrusion Events\nExclusion Code E-17 (Form HO-0304, edition 03-24). This policy does not cover loss or damage arising from a second or subsequent Flood event at the same insured location where that event occurs within 60 consecutive days of an earlier Flood event at the same location, regardless of whether a claim was made for the earlier event. This exclusion applies in addition to, and does not narrow, the deductible and sub-limit provisions of clauses 2 and 3 above.\n\n4.4 Interaction with the Flood Defence Condition\nExclusion Code E-17 does not apply where the Insured can demonstrate that the flood barriers, non-return valves and sump pumps required by clause 4.1 were tested and in good working order in the 60 days immediately preceding the second or subsequent Flood event."
    },
    {
      "chunk_id": "4fa131d2878b9fbf::0001",
      "doc_id": "4fa131d2878b9fbf",
      "filename": "sample_endorsement_pack.pdf",
      "page": 1,
      "page_end": 2,
      "section_path": "ENDORSEMENT NO. 1 - FLOOD SUB-LIMIT AMENDMENT > 3. DEDUCTIBLE",
      "clause_label": "3. DEDUCTIBLE",
      "score": 0.0308,
      "text": "3. DEDUCTIBLE\nA deductible of GBP 250,000 each and every loss applies to loss or damage caused by Flood at any location within a Flood Zone. At all other locations the standard property deductible of GBP 50,000 each and every loss continues to apply.\n\nSECTION 4 - CONDITIONS APPLYING TO THIS ENDORSEMENT\n\n4.1 Flood Defence Maintenance\nThe Insured shall maintain all demountable flood barriers, non-return valves and sump pumps at each insured location in good and effective working order, and shall test them at intervals of not more than six months. A written record of each test shall be kept for a period of three years and produced to the Insurer on request.\n\n4.2 Exclusions\nNotwithstanding anything to the contrary in the policy, this endorsement does not cover loss, damage, cost or expense arising directly or indirectly out of:\n\n(a) subsidence, ground heave or landslip, whether or not caused or contributed to by Flood; (b) loss of or damage to growing crops, standing timber, or livestock in the open; (c) any property in the course of construction, erection or installation where the contract value exceeds GBP 1,000,000; (d) loss or damage to stock stored below ground level unless raised at least 150 millimetres above the finished floor level; (e) any fine, penalty or punitive damages levied by a regulator following a Flood event.\n\n4.2.1 Erosion of the sub-limit\nEach payment made under this endorsement, including any payment for professional fees and debris removal, erodes the annual aggregate sub-limit stated in clause 2. Once the annual aggregate sub-limit is exhausted no further payment shall be made under this endorsement for the remainder of the Period of Insurance."
    },
    {
      "chunk_id": "4fa131d2878b9fbf::0000",
      "doc_id": "4fa131d2878b9fbf",
      "filename": "sample_endorsement_pack.pdf",
      "page": 1,
      "page_end": 1,
      "section_path": "GLOBAL MANUFACTURING LTD",
      "clause_label": "GLOBAL MANUFACTURING LTD",
      "score": 0.0303,
      "text": "GLOBAL MANUFACTURING LTD\n\nCOMMERCIAL PROPERTY AND LIABILITY ENDORSEMENT PACK\nPolicy Number GML-2024-88213. Period of Insurance: 1 April 2024 to 31 March 2025, both dates inclusive at the address of the Insured. This pack records every endorsement attached to the policy and supersedes any endorsement schedule issued previously.\n\nENDORSEMENT NO. 1 - FLOOD SUB-LIMIT AMENDMENT\nEffective from 1 June 2024. In consideration of the additional premium of GBP 42,750 the following amendments are made to the Property Damage section of the policy.\n\n1. DEFINITIONS\n\n1.1 Flood means the escape of water from the normal confines of any natural or artificial watercourse, lake, reservoir, canal or dam, or inundation from the sea, whether driven by storm or otherwise.\n\n1.2 Flood Zone means any location identified as Zone 2 or Zone 3 on the Environment Agency Flood Map for Planning current at the inception of this endorsement.\n\n2. AMENDMENT TO LIMIT\nThe sub-limit applicable to loss or damage caused by Flood is amended from GBP 2,500,000 to GBP 5,000,000 in the annual aggregate. The revised sub-limit applies to all insured locations combined and is part of, and not in addition to, the policy limit of GBP 40,000,000 any one occurrence.\n\n3. DEDUCTIBLE\nA deductible of GBP 250,000 each and every loss applies to loss or damage caused by Flood at any location within a Flood Zone. At all other locations the standard property deductible of GBP 50,000 each and every loss continues to apply.\n\nSECTION 4 - CONDITIONS APPLYING TO THIS ENDORSEMENT"
    }
  ],
  "model": "stub:reading-comprehension-v1",
  "params": {
    "effort": "medium",
    "max_tokens": 16000
  },
  "output": {
    "claim_number": "[CLAIM NUMBER REDACTED]",
    "date_of_loss": "06 June 2026",
    "coverage_decision": "covered",
    "cited_exclusion_id": null,
    "excess_amount": null,
    "summary": "Notes match an insured peril: (f) any extortion demand, ransom payment, cryptocurrency transfer or negotiation fee made or incurred in response to a threat to a Computer System or to Data, and including the fees of any incident response firm, ransomware negotiator or public relations consultant engaged in connection with that threat;",
    "citations": [
      "4fa131d2878b9fbf::0004"
    ]
  },
  "output_notes": []
}
---
{
  "trace_id": "trc_00076",
  "created_at": "2026-08-30T21:31:44.828730+00:00",
  "feature": "claim_summary",
  "prompt_version": "claim-summary-v1",
  "input_redacted": "Claim [CLAIM NUMBER REDACTED]. Flood loss on 05 April 2026. During the claim visit the loss adjuster found the insured's sump pumps had not been tested in the preceding nine months, against the six-month testing condition. No test log was produced. Estimated damage GBP 203,570. Insured asks whether this affects the claim.",
  "redacted_fields": [
    "claim_number:CLM-2026-85027"
  ],
  "retrieval_mode": "hybrid_bm25_rrf",
  "retrieved": [
    {
      "chunk_id": "4fa131d2878b9fbf::0001",
      "doc_id": "4fa131d2878b9fbf",
      "filename": "sample_endorsement_pack.pdf",
      "page": 1,
      "page_end": 2,
      "section_path": "ENDORSEMENT NO. 1 - FLOOD SUB-LIMIT AMENDMENT > 3. DEDUCTIBLE",
      "clause_label": "3. DEDUCTIBLE",
      "score": 0.0325,
      "text": "3. DEDUCTIBLE\nA deductible of GBP 250,000 each and every loss applies to loss or damage caused by Flood at any location within a Flood Zone. At all other locations the standard property deductible of GBP 50,000 each and every loss continues to apply.\n\nSECTION 4 - CONDITIONS APPLYING TO THIS ENDORSEMENT\n\n4.1 Flood Defence Maintenance\nThe Insured shall maintain all demountable flood barriers, non-return valves and sump pumps at each insured location in good and effective working order, and shall test them at intervals of not more than six months. A written record of each test shall be kept for a period of three years and produced to the Insurer on request.\n\n4.2 Exclusions\nNotwithstanding anything to the contrary in the policy, this endorsement does not cover loss, damage, cost or expense arising directly or indirectly out of:\n\n(a) subsidence, ground heave or landslip, whether or not caused or contributed to by Flood; (b) loss of or damage to growing crops, standing timber, or livestock in the open; (c) any property in the course of construction, erection or installation where the contract value exceeds GBP 1,000,000; (d) loss or damage to stock stored below ground level unless raised at least 150 millimetres above the finished floor level; (e) any fine, penalty or punitive damages levied by a regulator following a Flood event.\n\n4.2.1 Erosion of the sub-limit\nEach payment made under this endorsement, including any payment for professional fees and debris removal, erodes the annual aggregate sub-limit stated in clause 2. Once the annual aggregate sub-limit is exhausted no further payment shall be made under this endorsement for the remainder of the Period of Insurance."
    },
    {
      "chunk_id": "4fa131d2878b9fbf::0000",
      "doc_id": "4fa131d2878b9fbf",
      "filename": "sample_endorsement_pack.pdf",
      "page": 1,
      "page_end": 1,
      "section_path": "GLOBAL MANUFACTURING LTD",
      "clause_label": "GLOBAL MANUFACTURING LTD",
      "score": 0.032,
      "text": "GLOBAL MANUFACTURING LTD\n\nCOMMERCIAL PROPERTY AND LIABILITY ENDORSEMENT PACK\nPolicy Number GML-2024-88213. Period of Insurance: 1 April 2024 to 31 March 2025, both dates inclusive at the address of the Insured. This pack records every endorsement attached to the policy and supersedes any endorsement schedule issued previously.\n\nENDORSEMENT NO. 1 - FLOOD SUB-LIMIT AMENDMENT\nEffective from 1 June 2024. In consideration of the additional premium of GBP 42,750 the following amendments are made to the Property Damage section of the policy.\n\n1. DEFINITIONS\n\n1.1 Flood means the escape of water from the normal confines of any natural or artificial watercourse, lake, reservoir, canal or dam, or inundation from the sea, whether driven by storm or otherwise.\n\n1.2 Flood Zone means any location identified as Zone 2 or Zone 3 on the Environment Agency Flood Map for Planning current at the inception of this endorsement.\n\n2. AMENDMENT TO LIMIT\nThe sub-limit applicable to loss or damage caused by Flood is amended from GBP 2,500,000 to GBP 5,000,000 in the annual aggregate. The revised sub-limit applies to all insured locations combined and is part of, and not in addition to, the policy limit of GBP 40,000,000 any one occurrence.\n\n3. DEDUCTIBLE\nA deductible of GBP 250,000 each and every loss applies to loss or damage caused by Flood at any location within a Flood Zone. At all other locations the standard property deductible of GBP 50,000 each and every loss continues to apply.\n\nSECTION 4 - CONDITIONS APPLYING TO THIS ENDORSEMENT"
    },
    {
      "chunk_id": "4fa131d2878b9fbf::0006",
      "doc_id": "4fa131d2878b9fbf",
      "filename": "sample_endorsement_pack.pdf",
      "page": 3,
      "page_end": 4,
      "section_path": "ENDORSEMENT NO. 3 - BUSINESS INTERRUPTION AMENDMENTS > GENERAL CONDITIONS",
      "clause_label": "GENERAL CONDITIONS",
      "score": 0.0318,
      "text": "GENERAL CONDITIONS\n\n1. Cancellation. Either party may cancel this policy by giving 60 days written notice to the other at its last known address. Where the Insurer cancels, a pro rata return of premium shall be made provided no claim has been notified during the Period of Insurance.\n\n2. Governing law. This policy shall be governed by and construed in accordance with the law of England and Wales, and the parties submit to the exclusive jurisdiction of the courts of England and Wales.\n\n3. Premium payment. The premium is due within 45 days of inception. Failure to pay within that period entitles the Insurer to cancel in accordance with General Condition 1 above.\n\nENDORSEMENT NO. 4 - SEQUENTIAL WATER INTRUSION EXCLUSION\nEffective from 1 February 2025. This endorsement is issued under reference END-2024-0417 and adopts the exclusion wording of Form HO-0304 edition 03-24, reproduced at clause 4.3 below, which supersedes and replaces any earlier edition of Form HO-0304 referenced in the Insured's document file.\n\n4.3 Exclusion Code E-17 - Sequential Water Intrusion Events\nExclusion Code E-17 (Form HO-0304, edition 03-24). This policy does not cover loss or damage arising from a second or subsequent Flood event at the same insured location where that event occurs within 60 consecutive days of an earlier Flood event at the same location, regardless of whether a claim was made for the earlier event. This exclusion applies in addition to, and does not narrow, the deductible and sub-limit provisions of clauses 2 and 3 above.\n\n4.4 Interaction with the Flood Defence Condition\nExclusion Code E-17 does not apply where the Insured can demonstrate that the flood barriers, non-return valves and sump pumps required by clause 4.1 were tested and in good working order in the 60 days immediately preceding the second or subsequent Flood event."
    },
    {
      "chunk_id": "5ccd70c8aadf500e::0001",
      "doc_id": "5ccd70c8aadf500e",
      "filename": "form_ho0304_archive.pdf",
      "page": 1,
      "page_end": 1,
      "section_path": "FORM HO-0304 - EDITION 01-24",
      "clause_label": "FORM HO-0304 - EDITION 01-24",
      "score": 0.0313,
      "text": "This policy does not cover loss or damage arising from a second or subsequent Flood event at the same insured location where that event occurs within 45 consecutive days of an earlier Flood event at the same location, save that this exclusion does not apply to a Flood event caused solely by a named windstorm. Superseded by edition 01-24 with effect from 1 January 2024.\n\nFORM HO-0304 - EDITION 01-24\nEXCLUSION CODE E-17 - SEQUENTIAL WATER INTRUSION EVENTS (EDITION 01-24)\n\nExclusion Code E-17 (Form HO-0304, edition 01-24). This policy does not cover loss or damage arising from a second or subsequent Flood event at the same insured location where that event occurs within 55 consecutive days of an earlier Flood event at the same location, save that this exclusion does not apply to a Flood event caused solely by a named windstorm. Superseded by edition 03-24 with effect from 1 February 2025."
    },
    {
      "chunk_id": "5ccd70c8aadf500e::0000",
      "doc_id": "5ccd70c8aadf500e",
      "filename": "form_ho0304_archive.pdf",
      "page": 1,
      "page_end": 1,
      "section_path": "FORM LIBRARY - ARCHIVED WORDING ON FILE",
      "clause_label": "FORM LIBRARY - ARCHIVED WORDING ON FILE",
      "score": 0.0308,
      "text": "FORM LIBRARY - ARCHIVED WORDING ON FILE\nThis file retains prior editions of Form HO-0304 for audit and reference purposes against policy GML-2024-88213. The edition currently endorsed to the policy is 03-24 (see the waterdamage endorsement in the main endorsement pack for its reference number). Earlier editions below are retained for reference only and do not apply to a loss occurring after the date their text says they were superseded.\n\nFORM HO-0304 - EDITION 01-22\nEXCLUSION CODE E-17 - SEQUENTIAL WATER INTRUSION EVENTS (EDITION 01-22)\n\nExclusion Code E-17 (Form HO-0304, edition 01-22). This policy does not cover loss or damage arising from a second or subsequent Flood event at the same insured location where that event occurs within 30 consecutive days of an earlier Flood event at the same location. Superseded by edition 06-22 with effect from 1 June 2022.\n\nFORM HO-0304 - EDITION 06-22\nEXCLUSION CODE E-17 - SEQUENTIAL WATER INTRUSION EVENTS (EDITION 06-22)\n\nExclusion Code E-17 (Form HO-0304, edition 06-22). This policy does not cover loss or damage arising from a second or subsequent Flood event at the same insured location where that event occurs within 35 consecutive days of an earlier Flood event at the same location. Superseded by edition 09-23 with effect from 1 September 2023.\n\nFORM HO-0304 - EDITION 09-23\nEXCLUSION CODE E-17 - SEQUENTIAL WATER INTRUSION EVENTS (EDITION 09-23)\n\nExclusion Code E-17 (Form HO-0304, edition 09-23). This policy does not cover loss or damage arising from a second or subsequent Flood event at the same insured location where that event occurs within 45 consecutive days of an earlier Flood event at the same location, save that this exclusion does not apply to a Flood event caused solely by a named windstorm. Superseded by edition 01-24 with effect from 1 January 2024."
    }
  ],
  "model": "stub:reading-comprehension-v1",
  "params": {
    "effort": "medium",
    "max_tokens": 16000
  },
  "output": {
    "claim_number": "[CLAIM NUMBER REDACTED]",
    "date_of_loss": "05 April 2026",
    "coverage_decision": "denied",
    "cited_exclusion_id": "4.3",
    "excess_amount": null,
    "summary": "Notes describe circumstances matching an excluded scenario: This policy does not cover loss or damage arising from a second or subsequent Flood event at the same insured location where that event occurs within 60 consecutive days of an earlier Flood event at the same location, regardless of whether a claim was made for the earlier event.",
    "citations": [
      "4fa131d2878b9fbf::0006"
    ]
  },
  "output_notes": []
}
---
{
  "trace_id": "trc_00077",
  "created_at": "2026-08-30T21:31:44.841041+00:00",
  "feature": "claim_summary",
  "prompt_version": "claim-summary-v1",
  "input_redacted": "Claim [CLAIM NUMBER REDACTED]. Insured [CLAIMANT NAME REDACTED] reports flood damage to the ground floor of the insured premises on 20 August 2026, following prolonged heavy rainfall. The site is within the mapped flood zone. Estimated repair cost GBP 161,976. No prior flood claim at this location in the last 12 months.",
  "redacted_fields": [
    "name:Mr. Marchetti",
    "claim_number:CLM-2026-59605"
  ],
  "retrieval_mode": "hybrid_bm25_rrf",
  "retrieved": [
    {
      "chunk_id": "4fa131d2878b9fbf::0000",
      "doc_id": "4fa131d2878b9fbf",
      "filename": "sample_endorsement_pack.pdf",
      "page": 1,
      "page_end": 1,
      "section_path": "GLOBAL MANUFACTURING LTD",
      "clause_label": "GLOBAL MANUFACTURING LTD",
      "score": 0.0325,
      "text": "GLOBAL MANUFACTURING LTD\n\nCOMMERCIAL PROPERTY AND LIABILITY ENDORSEMENT PACK\nPolicy Number GML-2024-88213. Period of Insurance: 1 April 2024 to 31 March 2025, both dates inclusive at the address of the Insured. This pack records every endorsement attached to the policy and supersedes any endorsement schedule issued previously.\n\nENDORSEMENT NO. 1 - FLOOD SUB-LIMIT AMENDMENT\nEffective from 1 June 2024. In consideration of the additional premium of GBP 42,750 the following amendments are made to the Property Damage section of the policy.\n\n1. DEFINITIONS\n\n1.1 Flood means the escape of water from the normal confines of any natural or artificial watercourse, lake, reservoir, canal or dam, or inundation from the sea, whether driven by storm or otherwise.\n\n1.2 Flood Zone means any location identified as Zone 2 or Zone 3 on the Environment Agency Flood Map for Planning current at the inception of this endorsement.\n\n2. AMENDMENT TO LIMIT\nThe sub-limit applicable to loss or damage caused by Flood is amended from GBP 2,500,000 to GBP 5,000,000 in the annual aggregate. The revised sub-limit applies to all insured locations combined and is part of, and not in addition to, the policy limit of GBP 40,000,000 any one occurrence.\n\n3. DEDUCTIBLE\nA deductible of GBP 250,000 each and every loss applies to loss or damage caused by Flood at any location within a Flood Zone. At all other locations the standard property deductible of GBP 50,000 each and every loss continues to apply.\n\nSECTION 4 - CONDITIONS APPLYING TO THIS ENDORSEMENT"
    },
    {
      "chunk_id": "4fa131d2878b9fbf::0001",
      "doc_id": "4fa131d2878b9fbf",
      "filename": "sample_endorsement_pack.pdf",
      "page": 1,
      "page_end": 2,
      "section_path": "ENDORSEMENT NO. 1 - FLOOD SUB-LIMIT AMENDMENT > 3. DEDUCTIBLE",
      "clause_label": "3. DEDUCTIBLE",
      "score": 0.0325,
      "text": "3. DEDUCTIBLE\nA deductible of GBP 250,000 each and every loss applies to loss or damage caused by Flood at any location within a Flood Zone. At all other locations the standard property deductible of GBP 50,000 each and every loss continues to apply.\n\nSECTION 4 - CONDITIONS APPLYING TO THIS ENDORSEMENT\n\n4.1 Flood Defence Maintenance\nThe Insured shall maintain all demountable flood barriers, non-return valves and sump pumps at each insured location in good and effective working order, and shall test them at intervals of not more than six months. A written record of each test shall be kept for a period of three years and produced to the Insurer on request.\n\n4.2 Exclusions\nNotwithstanding anything to the contrary in the policy, this endorsement does not cover loss, damage, cost or expense arising directly or indirectly out of:\n\n(a) subsidence, ground heave or landslip, whether or not caused or contributed to by Flood; (b) loss of or damage to growing crops, standing timber, or livestock in the open; (c) any property in the course of construction, erection or installation where the contract value exceeds GBP 1,000,000; (d) loss or damage to stock stored below ground level unless raised at least 150 millimetres above the finished floor level; (e) any fine, penalty or punitive damages levied by a regulator following a Flood event.\n\n4.2.1 Erosion of the sub-limit\nEach payment made under this endorsement, including any payment for professional fees and debris removal, erodes the annual aggregate sub-limit stated in clause 2. Once the annual aggregate sub-limit is exhausted no further payment shall be made under this endorsement for the remainder of the Period of Insurance."
    },
    {
      "chunk_id": "4fa131d2878b9fbf::0006",
      "doc_id": "4fa131d2878b9fbf",
      "filename": "sample_endorsement_pack.pdf",
      "page": 3,
      "page_end": 4,
      "section_path": "ENDORSEMENT NO. 3 - BUSINESS INTERRUPTION AMENDMENTS > GENERAL CONDITIONS",
      "clause_label": "GENERAL CONDITIONS",
      "score": 0.0312,
      "text": "GENERAL CONDITIONS\n\n1. Cancellation. Either party may cancel this policy by giving 60 days written notice to the other at its last known address. Where the Insurer cancels, a pro rata return of premium shall be made provided no claim has been notified during the Period of Insurance.\n\n2. Governing law. This policy shall be governed by and construed in accordance with the law of England and Wales, and the parties submit to the exclusive jurisdiction of the courts of England and Wales.\n\n3. Premium payment. The premium is due within 45 days of inception. Failure to pay within that period entitles the Insurer to cancel in accordance with General Condition 1 above.\n\nENDORSEMENT NO. 4 - SEQUENTIAL WATER INTRUSION EXCLUSION\nEffective from 1 February 2025. This endorsement is issued under reference END-2024-0417 and adopts the exclusion wording of Form HO-0304 edition 03-24, reproduced at clause 4.3 below, which supersedes and replaces any earlier edition of Form HO-0304 referenced in the Insured's document file.\n\n4.3 Exclusion Code E-17 - Sequential Water Intrusion Events\nExclusion Code E-17 (Form HO-0304, edition 03-24). This policy does not cover loss or damage arising from a second or subsequent Flood event at the same insured location where that event occurs within 60 consecutive days of an earlier Flood event at the same location, regardless of whether a claim was made for the earlier event. This exclusion applies in addition to, and does not narrow, the deductible and sub-limit provisions of clauses 2 and 3 above.\n\n4.4 Interaction with the Flood Defence Condition\nExclusion Code E-17 does not apply where the Insured can demonstrate that the flood barriers, non-return valves and sump pumps required by clause 4.1 were tested and in good working order in the 60 days immediately preceding the second or subsequent Flood event."
    },
    {
      "chunk_id": "5ccd70c8aadf500e::0001",
      "doc_id": "5ccd70c8aadf500e",
      "filename": "form_ho0304_archive.pdf",
      "page": 1,
      "page_end": 1,
      "section_path": "FORM HO-0304 - EDITION 01-24",
      "clause_label": "FORM HO-0304 - EDITION 01-24",
      "score": 0.031,
      "text": "This policy does not cover loss or damage arising from a second or subsequent Flood event at the same insured location where that event occurs within 45 consecutive days of an earlier Flood event at the same location, save that this exclusion does not apply to a Flood event caused solely by a named windstorm. Superseded by edition 01-24 with effect from 1 January 2024.\n\nFORM HO-0304 - EDITION 01-24\nEXCLUSION CODE E-17 - SEQUENTIAL WATER INTRUSION EVENTS (EDITION 01-24)\n\nExclusion Code E-17 (Form HO-0304, edition 01-24). This policy does not cover loss or damage arising from a second or subsequent Flood event at the same insured location where that event occurs within 55 consecutive days of an earlier Flood event at the same location, save that this exclusion does not apply to a Flood event caused solely by a named windstorm. Superseded by edition 03-24 with effect from 1 February 2025."
    },
    {
      "chunk_id": "4fa131d2878b9fbf::0005",
      "doc_id": "4fa131d2878b9fbf",
      "filename": "sample_endorsement_pack.pdf",
      "page": 3,
      "page_end": 3,
      "section_path": "ENDORSEMENT NO. 2 - CYBER AND DATA EXCLUSION > SECTION 2 - EXCLUSION WORDING > 2.",
      "clause_label": "2.",
      "score": 0.0308,
      "text": "(h) the deliberate act of any employee, contractor or agent of the Insured taken with intent to cause a Cyber Incident, whether or not that person was acting within the scope of their employment or engagement, and whether or not the Insured had performed pre-engagement screening on that person.\n\nSECTION 3 - WRITE-BACK FOR PHYSICAL DAMAGE\n\n3. Subject to all other terms of the policy, this exclusion shall not apply to physical loss of or physical damage to insured property arising from fire or explosion which itself results from a Cyber Incident, provided that the fire or explosion is not the result of a Cyber Act committed with intent to cause physical damage.\n\nENDORSEMENT NO. 3 - BUSINESS INTERRUPTION AMENDMENTS\nEffective from 1 October 2024. The Business Interruption section is amended as set out below. All other terms, conditions and exclusions remain unaltered.\n\n1. WAITING PERIOD\nA waiting period of 72 consecutive hours applies to each and every claim under the Business Interruption section. No indemnity is payable in respect of any interruption that is remedied within the waiting period.\n\n2. INDEMNITY PERIOD\nThe maximum indemnity period is extended from 12 months to 18 months from the date on which the interruption begins.\n\n3. NOTIFICATION OF CLAIM\n3. The Insured shall give written notice to the Insurer of any event likely to give rise to a claim under this section within 30 days of that event becoming known to a director or to the risk manager of the Insured. Notice given to the broker alone does not constitute notice to the Insurer.\n\nGENERAL CONDITIONS\n\n1. Cancellation. Either party may cancel this policy by giving 60 days written notice to the other at its last known address. Where the Insurer cancels, a pro rata return of premium shall be made provided no claim has been notified during the Period of Insurance."
    }
  ],
  "model": "stub:reading-comprehension-v1",
  "params": {
    "effort": "medium",
    "max_tokens": 16000
  },
  "output": {
    "claim_number": "[CLAIM NUMBER REDACTED]",
    "date_of_loss": "20 August 2026",
    "coverage_decision": "denied",
    "cited_exclusion_id": "4.1",
    "excess_amount": 250000.0,
    "summary": "Notes describe circumstances matching an excluded scenario: DEDUCTIBLE\nA deductible of GBP 250,000 each and every loss applies to loss or damage caused by Flood at any location within a Flood Zone.",
    "citations": [
      "4fa131d2878b9fbf::0001"
    ]
  },
  "output_notes": []
}
---
{
  "trace_id": "trc_00078",
  "created_at": "2026-08-30T21:31:44.853051+00:00",
  "feature": "claim_summary",
  "prompt_version": "claim-summary-v1",
  "input_redacted": "Claim [CLAIM NUMBER REDACTED]. Flood on 05 August 2026 damaged a new production line under construction at the insured's site; contract value for the works is GBP 2,215,571. Insured asks whether this falls within the flood sub-limit.",
  "redacted_fields": [
    "claim_number:CLM-2026-85057"
  ],
  "retrieval_mode": "hybrid_bm25_rrf",
  "retrieved": [
    {
      "chunk_id": "4fa131d2878b9fbf::0001",
      "doc_id": "4fa131d2878b9fbf",
      "filename": "sample_endorsement_pack.pdf",
      "page": 1,
      "page_end": 2,
      "section_path": "ENDORSEMENT NO. 1 - FLOOD SUB-LIMIT AMENDMENT > 3. DEDUCTIBLE",
      "clause_label": "3. DEDUCTIBLE",
      "score": 0.0325,
      "text": "3. DEDUCTIBLE\nA deductible of GBP 250,000 each and every loss applies to loss or damage caused by Flood at any location within a Flood Zone. At all other locations the standard property deductible of GBP 50,000 each and every loss continues to apply.\n\nSECTION 4 - CONDITIONS APPLYING TO THIS ENDORSEMENT\n\n4.1 Flood Defence Maintenance\nThe Insured shall maintain all demountable flood barriers, non-return valves and sump pumps at each insured location in good and effective working order, and shall test them at intervals of not more than six months. A written record of each test shall be kept for a period of three years and produced to the Insurer on request.\n\n4.2 Exclusions\nNotwithstanding anything to the contrary in the policy, this endorsement does not cover loss, damage, cost or expense arising directly or indirectly out of:\n\n(a) subsidence, ground heave or landslip, whether or not caused or contributed to by Flood; (b) loss of or damage to growing crops, standing timber, or livestock in the open; (c) any property in the course of construction, erection or installation where the contract value exceeds GBP 1,000,000; (d) loss or damage to stock stored below ground level unless raised at least 150 millimetres above the finished floor level; (e) any fine, penalty or punitive damages levied by a regulator following a Flood event.\n\n4.2.1 Erosion of the sub-limit\nEach payment made under this endorsement, including any payment for professional fees and debris removal, erodes the annual aggregate sub-limit stated in clause 2. Once the annual aggregate sub-limit is exhausted no further payment shall be made under this endorsement for the remainder of the Period of Insurance."
    },
    {
      "chunk_id": "4fa131d2878b9fbf::0000",
      "doc_id": "4fa131d2878b9fbf",
      "filename": "sample_endorsement_pack.pdf",
      "page": 1,
      "page_end": 1,
      "section_path": "GLOBAL MANUFACTURING LTD",
      "clause_label": "GLOBAL MANUFACTURING LTD",
      "score": 0.0323,
      "text": "GLOBAL MANUFACTURING LTD\n\nCOMMERCIAL PROPERTY AND LIABILITY ENDORSEMENT PACK\nPolicy Number GML-2024-88213. Period of Insurance: 1 April 2024 to 31 March 2025, both dates inclusive at the address of the Insured. This pack records every endorsement attached to the policy and supersedes any endorsement schedule issued previously.\n\nENDORSEMENT NO. 1 - FLOOD SUB-LIMIT AMENDMENT\nEffective from 1 June 2024. In consideration of the additional premium of GBP 42,750 the following amendments are made to the Property Damage section of the policy.\n\n1. DEFINITIONS\n\n1.1 Flood means the escape of water from the normal confines of any natural or artificial watercourse, lake, reservoir, canal or dam, or inundation from the sea, whether driven by storm or otherwise.\n\n1.2 Flood Zone means any location identified as Zone 2 or Zone 3 on the Environment Agency Flood Map for Planning current at the inception of this endorsement.\n\n2. AMENDMENT TO LIMIT\nThe sub-limit applicable to loss or damage caused by Flood is amended from GBP 2,500,000 to GBP 5,000,000 in the annual aggregate. The revised sub-limit applies to all insured locations combined and is part of, and not in addition to, the policy limit of GBP 40,000,000 any one occurrence.\n\n3. DEDUCTIBLE\nA deductible of GBP 250,000 each and every loss applies to loss or damage caused by Flood at any location within a Flood Zone. At all other locations the standard property deductible of GBP 50,000 each and every loss continues to apply.\n\nSECTION 4 - CONDITIONS APPLYING TO THIS ENDORSEMENT"
    },
    {
      "chunk_id": "4fa131d2878b9fbf::0006",
      "doc_id": "4fa131d2878b9fbf",
      "filename": "sample_endorsement_pack.pdf",
      "page": 3,
      "page_end": 4,
      "section_path": "ENDORSEMENT NO. 3 - BUSINESS INTERRUPTION AMENDMENTS > GENERAL CONDITIONS",
      "clause_label": "GENERAL CONDITIONS",
      "score": 0.0315,
      "text": "GENERAL CONDITIONS\n\n1. Cancellation. Either party may cancel this policy by giving 60 days written notice to the other at its last known address. Where the Insurer cancels, a pro rata return of premium shall be made provided no claim has been notified during the Period of Insurance.\n\n2. Governing law. This policy shall be governed by and construed in accordance with the law of England and Wales, and the parties submit to the exclusive jurisdiction of the courts of England and Wales.\n\n3. Premium payment. The premium is due within 45 days of inception. Failure to pay within that period entitles the Insurer to cancel in accordance with General Condition 1 above.\n\nENDORSEMENT NO. 4 - SEQUENTIAL WATER INTRUSION EXCLUSION\nEffective from 1 February 2025. This endorsement is issued under reference END-2024-0417 and adopts the exclusion wording of Form HO-0304 edition 03-24, reproduced at clause 4.3 below, which supersedes and replaces any earlier edition of Form HO-0304 referenced in the Insured's document file.\n\n4.3 Exclusion Code E-17 - Sequential Water Intrusion Events\nExclusion Code E-17 (Form HO-0304, edition 03-24). This policy does not cover loss or damage arising from a second or subsequent Flood event at the same insured location where that event occurs within 60 consecutive days of an earlier Flood event at the same location, regardless of whether a claim was made for the earlier event. This exclusion applies in addition to, and does not narrow, the deductible and sub-limit provisions of clauses 2 and 3 above.\n\n4.4 Interaction with the Flood Defence Condition\nExclusion Code E-17 does not apply where the Insured can demonstrate that the flood barriers, non-return valves and sump pumps required by clause 4.1 were tested and in good working order in the 60 days immediately preceding the second or subsequent Flood event."
    },
    {
      "chunk_id": "5ccd70c8aadf500e::0001",
      "doc_id": "5ccd70c8aadf500e",
      "filename": "form_ho0304_archive.pdf",
      "page": 1,
      "page_end": 1,
      "section_path": "FORM HO-0304 - EDITION 01-24",
      "clause_label": "FORM HO-0304 - EDITION 01-24",
      "score": 0.031,
      "text": "This policy does not cover loss or damage arising from a second or subsequent Flood event at the same insured location where that event occurs within 45 consecutive days of an earlier Flood event at the same location, save that this exclusion does not apply to a Flood event caused solely by a named windstorm. Superseded by edition 01-24 with effect from 1 January 2024.\n\nFORM HO-0304 - EDITION 01-24\nEXCLUSION CODE E-17 - SEQUENTIAL WATER INTRUSION EVENTS (EDITION 01-24)\n\nExclusion Code E-17 (Form HO-0304, edition 01-24). This policy does not cover loss or damage arising from a second or subsequent Flood event at the same insured location where that event occurs within 55 consecutive days of an earlier Flood event at the same location, save that this exclusion does not apply to a Flood event caused solely by a named windstorm. Superseded by edition 03-24 with effect from 1 February 2025."
    },
    {
      "chunk_id": "5ccd70c8aadf500e::0000",
      "doc_id": "5ccd70c8aadf500e",
      "filename": "form_ho0304_archive.pdf",
      "page": 1,
      "page_end": 1,
      "section_path": "FORM LIBRARY - ARCHIVED WORDING ON FILE",
      "clause_label": "FORM LIBRARY - ARCHIVED WORDING ON FILE",
      "score": 0.0303,
      "text": "FORM LIBRARY - ARCHIVED WORDING ON FILE\nThis file retains prior editions of Form HO-0304 for audit and reference purposes against policy GML-2024-88213. The edition currently endorsed to the policy is 03-24 (see the waterdamage endorsement in the main endorsement pack for its reference number). Earlier editions below are retained for reference only and do not apply to a loss occurring after the date their text says they were superseded.\n\nFORM HO-0304 - EDITION 01-22\nEXCLUSION CODE E-17 - SEQUENTIAL WATER INTRUSION EVENTS (EDITION 01-22)\n\nExclusion Code E-17 (Form HO-0304, edition 01-22). This policy does not cover loss or damage arising from a second or subsequent Flood event at the same insured location where that event occurs within 30 consecutive days of an earlier Flood event at the same location. Superseded by edition 06-22 with effect from 1 June 2022.\n\nFORM HO-0304 - EDITION 06-22\nEXCLUSION CODE E-17 - SEQUENTIAL WATER INTRUSION EVENTS (EDITION 06-22)\n\nExclusion Code E-17 (Form HO-0304, edition 06-22). This policy does not cover loss or damage arising from a second or subsequent Flood event at the same insured location where that event occurs within 35 consecutive days of an earlier Flood event at the same location. Superseded by edition 09-23 with effect from 1 September 2023.\n\nFORM HO-0304 - EDITION 09-23\nEXCLUSION CODE E-17 - SEQUENTIAL WATER INTRUSION EVENTS (EDITION 09-23)\n\nExclusion Code E-17 (Form HO-0304, edition 09-23). This policy does not cover loss or damage arising from a second or subsequent Flood event at the same insured location where that event occurs within 45 consecutive days of an earlier Flood event at the same location, save that this exclusion does not apply to a Flood event caused solely by a named windstorm. Superseded by edition 01-24 with effect from 1 January 2024."
    }
  ],
  "model": "stub:reading-comprehension-v1",
  "params": {
    "effort": "medium",
    "max_tokens": 16000
  },
  "output": {
    "claim_number": "[CLAIM NUMBER REDACTED]",
    "date_of_loss": "05 August 2026",
    "coverage_decision": "denied",
    "cited_exclusion_id": "4.1",
    "excess_amount": 250000.0,
    "summary": "Notes describe circumstances matching an excluded scenario: (c) any property in the course of construction, erection or installation where the contract value exceeds GBP 1,000,000;",
    "citations": [
      "4fa131d2878b9fbf::0001"
    ]
  },
  "output_notes": []
}
---
{
  "trace_id": "trc_00079",
  "created_at": "2026-08-30T21:31:44.863900+00:00",
  "feature": "claim_summary",
  "prompt_version": "claim-summary-v1",
  "input_redacted": "Claim [CLAIM NUMBER REDACTED]. Interruption beginning 03 August 2026 has now continued for 20 months with operations still not fully restored. Cumulative claimed loss to date: GBP 2,782,470.",
  "redacted_fields": [
    "claim_number:CLM-2026-19783"
  ],
  "retrieval_mode": "hybrid_bm25_rrf",
  "retrieved": [
    {
      "chunk_id": "4fa131d2878b9fbf::0005",
      "doc_id": "4fa131d2878b9fbf",
      "filename": "sample_endorsement_pack.pdf",
      "page": 3,
      "page_end": 3,
      "section_path": "ENDORSEMENT NO. 2 - CYBER AND DATA EXCLUSION > SECTION 2 - EXCLUSION WORDING > 2.",
      "clause_label": "2.",
      "score": 0.0325,
      "text": "(h) the deliberate act of any employee, contractor or agent of the Insured taken with intent to cause a Cyber Incident, whether or not that person was acting within the scope of their employment or engagement, and whether or not the Insured had performed pre-engagement screening on that person.\n\nSECTION 3 - WRITE-BACK FOR PHYSICAL DAMAGE\n\n3. Subject to all other terms of the policy, this exclusion shall not apply to physical loss of or physical damage to insured property arising from fire or explosion which itself results from a Cyber Incident, provided that the fire or explosion is not the result of a Cyber Act committed with intent to cause physical damage.\n\nENDORSEMENT NO. 3 - BUSINESS INTERRUPTION AMENDMENTS\nEffective from 1 October 2024. The Business Interruption section is amended as set out below. All other terms, conditions and exclusions remain unaltered.\n\n1. WAITING PERIOD\nA waiting period of 72 consecutive hours applies to each and every claim under the Business Interruption section. No indemnity is payable in respect of any interruption that is remedied within the waiting period.\n\n2. INDEMNITY PERIOD\nThe maximum indemnity period is extended from 12 months to 18 months from the date on which the interruption begins.\n\n3. NOTIFICATION OF CLAIM\n3. The Insured shall give written notice to the Insurer of any event likely to give rise to a claim under this section within 30 days of that event becoming known to a director or to the risk manager of the Insured. Notice given to the broker alone does not constitute notice to the Insurer.\n\nGENERAL CONDITIONS\n\n1. Cancellation. Either party may cancel this policy by giving 60 days written notice to the other at its last known address. Where the Insurer cancels, a pro rata return of premium shall be made provided no claim has been notified during the Period of Insurance."
    },
    {
      "chunk_id": "4fa131d2878b9fbf::0000",
      "doc_id": "4fa131d2878b9fbf",
      "filename": "sample_endorsement_pack.pdf",
      "page": 1,
      "page_end": 1,
      "section_path": "GLOBAL MANUFACTURING LTD",
      "clause_label": "GLOBAL MANUFACTURING LTD",
      "score": 0.0318,
      "text": "GLOBAL MANUFACTURING LTD\n\nCOMMERCIAL PROPERTY AND LIABILITY ENDORSEMENT PACK\nPolicy Number GML-2024-88213. Period of Insurance: 1 April 2024 to 31 March 2025, both dates inclusive at the address of the Insured. This pack records every endorsement attached to the policy and supersedes any endorsement schedule issued previously.\n\nENDORSEMENT NO. 1 - FLOOD SUB-LIMIT AMENDMENT\nEffective from 1 June 2024. In consideration of the additional premium of GBP 42,750 the following amendments are made to the Property Damage section of the policy.\n\n1. DEFINITIONS\n\n1.1 Flood means the escape of water from the normal confines of any natural or artificial watercourse, lake, reservoir, canal or dam, or inundation from the sea, whether driven by storm or otherwise.\n\n1.2 Flood Zone means any location identified as Zone 2 or Zone 3 on the Environment Agency Flood Map for Planning current at the inception of this endorsement.\n\n2. AMENDMENT TO LIMIT\nThe sub-limit applicable to loss or damage caused by Flood is amended from GBP 2,500,000 to GBP 5,000,000 in the annual aggregate. The revised sub-limit applies to all insured locations combined and is part of, and not in addition to, the policy limit of GBP 40,000,000 any one occurrence.\n\n3. DEDUCTIBLE\nA deductible of GBP 250,000 each and every loss applies to loss or damage caused by Flood at any location within a Flood Zone. At all other locations the standard property deductible of GBP 50,000 each and every loss continues to apply.\n\nSECTION 4 - CONDITIONS APPLYING TO THIS ENDORSEMENT"
    },
    {
      "chunk_id": "4fa131d2878b9fbf::0006",
      "doc_id": "4fa131d2878b9fbf",
      "filename": "sample_endorsement_pack.pdf",
      "page": 3,
      "page_end": 4,
      "section_path": "ENDORSEMENT NO. 3 - BUSINESS INTERRUPTION AMENDMENTS > GENERAL CONDITIONS",
      "clause_label": "GENERAL CONDITIONS",
      "score": 0.0315,
      "text": "GENERAL CONDITIONS\n\n1. Cancellation. Either party may cancel this policy by giving 60 days written notice to the other at its last known address. Where the Insurer cancels, a pro rata return of premium shall be made provided no claim has been notified during the Period of Insurance.\n\n2. Governing law. This policy shall be governed by and construed in accordance with the law of England and Wales, and the parties submit to the exclusive jurisdiction of the courts of England and Wales.\n\n3. Premium payment. The premium is due within 45 days of inception. Failure to pay within that period entitles the Insurer to cancel in accordance with General Condition 1 above.\n\nENDORSEMENT NO. 4 - SEQUENTIAL WATER INTRUSION EXCLUSION\nEffective from 1 February 2025. This endorsement is issued under reference END-2024-0417 and adopts the exclusion wording of Form HO-0304 edition 03-24, reproduced at clause 4.3 below, which supersedes and replaces any earlier edition of Form HO-0304 referenced in the Insured's document file.\n\n4.3 Exclusion Code E-17 - Sequential Water Intrusion Events\nExclusion Code E-17 (Form HO-0304, edition 03-24). This policy does not cover loss or damage arising from a second or subsequent Flood event at the same insured location where that event occurs within 60 consecutive days of an earlier Flood event at the same location, regardless of whether a claim was made for the earlier event. This exclusion applies in addition to, and does not narrow, the deductible and sub-limit provisions of clauses 2 and 3 above.\n\n4.4 Interaction with the Flood Defence Condition\nExclusion Code E-17 does not apply where the Insured can demonstrate that the flood barriers, non-return valves and sump pumps required by clause 4.1 were tested and in good working order in the 60 days immediately preceding the second or subsequent Flood event."
    },
    {
      "chunk_id": "4fa131d2878b9fbf::0001",
      "doc_id": "4fa131d2878b9fbf",
      "filename": "sample_endorsement_pack.pdf",
      "page": 1,
      "page_end": 2,
      "section_path": "ENDORSEMENT NO. 1 - FLOOD SUB-LIMIT AMENDMENT > 3. DEDUCTIBLE",
      "clause_label": "3. DEDUCTIBLE",
      "score": 0.0313,
      "text": "3. DEDUCTIBLE\nA deductible of GBP 250,000 each and every loss applies to loss or damage caused by Flood at any location within a Flood Zone. At all other locations the standard property deductible of GBP 50,000 each and every loss continues to apply.\n\nSECTION 4 - CONDITIONS APPLYING TO THIS ENDORSEMENT\n\n4.1 Flood Defence Maintenance\nThe Insured shall maintain all demountable flood barriers, non-return valves and sump pumps at each insured location in good and effective working order, and shall test them at intervals of not more than six months. A written record of each test shall be kept for a period of three years and produced to the Insurer on request.\n\n4.2 Exclusions\nNotwithstanding anything to the contrary in the policy, this endorsement does not cover loss, damage, cost or expense arising directly or indirectly out of:\n\n(a) subsidence, ground heave or landslip, whether or not caused or contributed to by Flood; (b) loss of or damage to growing crops, standing timber, or livestock in the open; (c) any property in the course of construction, erection or installation where the contract value exceeds GBP 1,000,000; (d) loss or damage to stock stored below ground level unless raised at least 150 millimetres above the finished floor level; (e) any fine, penalty or punitive damages levied by a regulator following a Flood event.\n\n4.2.1 Erosion of the sub-limit\nEach payment made under this endorsement, including any payment for professional fees and debris removal, erodes the annual aggregate sub-limit stated in clause 2. Once the annual aggregate sub-limit is exhausted no further payment shall be made under this endorsement for the remainder of the Period of Insurance."
    },
    {
      "chunk_id": "5ccd70c8aadf500e::0000",
      "doc_id": "5ccd70c8aadf500e",
      "filename": "form_ho0304_archive.pdf",
      "page": 1,
      "page_end": 1,
      "section_path": "FORM LIBRARY - ARCHIVED WORDING ON FILE",
      "clause_label": "FORM LIBRARY - ARCHIVED WORDING ON FILE",
      "score": 0.0308,
      "text": "FORM LIBRARY - ARCHIVED WORDING ON FILE\nThis file retains prior editions of Form HO-0304 for audit and reference purposes against policy GML-2024-88213. The edition currently endorsed to the policy is 03-24 (see the waterdamage endorsement in the main endorsement pack for its reference number). Earlier editions below are retained for reference only and do not apply to a loss occurring after the date their text says they were superseded.\n\nFORM HO-0304 - EDITION 01-22\nEXCLUSION CODE E-17 - SEQUENTIAL WATER INTRUSION EVENTS (EDITION 01-22)\n\nExclusion Code E-17 (Form HO-0304, edition 01-22). This policy does not cover loss or damage arising from a second or subsequent Flood event at the same insured location where that event occurs within 30 consecutive days of an earlier Flood event at the same location. Superseded by edition 06-22 with effect from 1 June 2022.\n\nFORM HO-0304 - EDITION 06-22\nEXCLUSION CODE E-17 - SEQUENTIAL WATER INTRUSION EVENTS (EDITION 06-22)\n\nExclusion Code E-17 (Form HO-0304, edition 06-22). This policy does not cover loss or damage arising from a second or subsequent Flood event at the same insured location where that event occurs within 35 consecutive days of an earlier Flood event at the same location. Superseded by edition 09-23 with effect from 1 September 2023.\n\nFORM HO-0304 - EDITION 09-23\nEXCLUSION CODE E-17 - SEQUENTIAL WATER INTRUSION EVENTS (EDITION 09-23)\n\nExclusion Code E-17 (Form HO-0304, edition 09-23). This policy does not cover loss or damage arising from a second or subsequent Flood event at the same insured location where that event occurs within 45 consecutive days of an earlier Flood event at the same location, save that this exclusion does not apply to a Flood event caused solely by a named windstorm. Superseded by edition 01-24 with effect from 1 January 2024."
    }
  ],
  "model": "stub:reading-comprehension-v1",
  "params": {
    "effort": "medium",
    "max_tokens": 16000
  },
  "output": {
    "claim_number": "[CLAIM NUMBER REDACTED]",
    "date_of_loss": "03 August 2026",
    "coverage_decision": "denied",
    "cited_exclusion_id": "h",
    "excess_amount": null,
    "summary": "Notes describe circumstances matching an excluded scenario: INDEMNITY PERIOD\nThe maximum indemnity period is extended from 12 months to 18 months from the date on which the interruption begins.",
    "citations": [
      "4fa131d2878b9fbf::0005"
    ]
  },
  "output_notes": []
}
---
{
  "trace_id": "trc_00080",
  "created_at": "2026-08-30T21:31:44.877140+00:00",
  "feature": "claim_summary",
  "prompt_version": "claim-summary-v1",
  "input_redacted": "Claim [CLAIM NUMBER REDACTED]. Ransomware incident on 17 July 2026 encrypted the insured's order management system; insured paid a ransom of GBP 360,599 in cryptocurrency to restore access. Insured asks whether the ransom payment is covered.",
  "redacted_fields": [
    "claim_number:CLM-2026-85289"
  ],
  "retrieval_mode": "hybrid_bm25_rrf",
  "retrieved": [
    {
      "chunk_id": "4fa131d2878b9fbf::0004",
      "doc_id": "4fa131d2878b9fbf",
      "filename": "sample_endorsement_pack.pdf",
      "page": 2,
      "page_end": 3,
      "section_path": "ENDORSEMENT NO. 2 - CYBER AND DATA EXCLUSION > SECTION 2 - EXCLUSION WORDING > 2.",
      "clause_label": "2.",
      "score": 0.0328,
      "text": "(d) the receipt, transmission, distribution or storage of any Malicious Code, whether or not that Malicious Code was introduced deliberately, negligently or inadvertently, and whether or not the Insured had in place anti-malware controls conforming to any recognised standard including ISO 27001 or the National Institute of Standards and Technology Cybersecurity Framework;\n(e) any regulatory investigation, enquiry, examination, inspection, hearing or proceeding brought by any data protection authority, supervisory authority, information commissioner or equivalent body in any jurisdiction, together with the costs of responding to any request for information from such a body, and together with any administrative fine or penalty however described;\n(f) any extortion demand, ransom payment, cryptocurrency transfer or negotiation fee made or incurred in response to a threat to a Computer System or to Data, and including the fees of any incident response firm, ransomware negotiator or public relations consultant engaged in connection with that threat;\n(g) any breach of contract, warranty, guarantee, service level agreement or licence term relating to the performance, security, availability or integrity of any Computer System or Data, whether that contract was entered into by the Insured as supplier or as customer;\n(h) the deliberate act of any employee, contractor or agent of the Insured taken with intent to cause a Cyber Incident, whether or not that person was acting within the scope of their employment or engagement, and whether or not the Insured had performed pre-engagement screening on that person.\n\nSECTION 3 - WRITE-BACK FOR PHYSICAL DAMAGE"
    },
    {
      "chunk_id": "4fa131d2878b9fbf::0003",
      "doc_id": "4fa131d2878b9fbf",
      "filename": "sample_endorsement_pack.pdf",
      "page": 2,
      "page_end": 2,
      "section_path": "ENDORSEMENT NO. 2 - CYBER AND DATA EXCLUSION > SECTION 2 - EXCLUSION WORDING > 2.",
      "clause_label": "2.",
      "score": 0.0318,
      "text": "to any action taken in controlling, preventing, suppressing or remediating any Cyber Act or Cyber Incident, and including the cost of any forensic investigation commissioned by the Insured or by any regulator, and including any sum paid or payable to a third party by way of settlement, judgment, award or contractual indemnity in respect of such an act or incident, whether or not the Insured admitted liability;\n(b) any loss of use, reduction in functionality, repair, replacement, restoration or reproduction of any Data, including any amount pertaining to the value of such Data, and including the cost of re-keying, re-entering or otherwise reconstituting Data from source documents where those documents themselves remain undamaged, and including any loss of profit consequent upon such loss of use;\n(c) the failure, malfunction, degradation, unavailability or interruption of any Computer System, whether owned or operated by the Insured or by any third party service provider, cloud host, managed service provider or telecommunications carrier upon which the Insured relies, and whether or not the Insured had a contractual right of recourse against that party;\n(d) the receipt, transmission, distribution or storage of any Malicious Code, whether or not that Malicious Code was introduced deliberately, negligently or inadvertently, and whether or not the Insured had in place anti-malware controls conforming to any recognised standard including ISO 27001 or the National Institute of Standards and Technology Cybersecurity Framework;"
    },
    {
      "chunk_id": "4fa131d2878b9fbf::0006",
      "doc_id": "4fa131d2878b9fbf",
      "filename": "sample_endorsement_pack.pdf",
      "page": 3,
      "page_end": 4,
      "section_path": "ENDORSEMENT NO. 3 - BUSINESS INTERRUPTION AMENDMENTS > GENERAL CONDITIONS",
      "clause_label": "GENERAL CONDITIONS",
      "score": 0.0317,
      "text": "GENERAL CONDITIONS\n\n1. Cancellation. Either party may cancel this policy by giving 60 days written notice to the other at its last known address. Where the Insurer cancels, a pro rata return of premium shall be made provided no claim has been notified during the Period of Insurance.\n\n2. Governing law. This policy shall be governed by and construed in accordance with the law of England and Wales, and the parties submit to the exclusive jurisdiction of the courts of England and Wales.\n\n3. Premium payment. The premium is due within 45 days of inception. Failure to pay within that period entitles the Insurer to cancel in accordance with General Condition 1 above.\n\nENDORSEMENT NO. 4 - SEQUENTIAL WATER INTRUSION EXCLUSION\nEffective from 1 February 2025. This endorsement is issued under reference END-2024-0417 and adopts the exclusion wording of Form HO-0304 edition 03-24, reproduced at clause 4.3 below, which supersedes and replaces any earlier edition of Form HO-0304 referenced in the Insured's document file.\n\n4.3 Exclusion Code E-17 - Sequential Water Intrusion Events\nExclusion Code E-17 (Form HO-0304, edition 03-24). This policy does not cover loss or damage arising from a second or subsequent Flood event at the same insured location where that event occurs within 60 consecutive days of an earlier Flood event at the same location, regardless of whether a claim was made for the earlier event. This exclusion applies in addition to, and does not narrow, the deductible and sub-limit provisions of clauses 2 and 3 above.\n\n4.4 Interaction with the Flood Defence Condition\nExclusion Code E-17 does not apply where the Insured can demonstrate that the flood barriers, non-return valves and sump pumps required by clause 4.1 were tested and in good working order in the 60 days immediately preceding the second or subsequent Flood event."
    },
    {
      "chunk_id": "4fa131d2878b9fbf::0001",
      "doc_id": "4fa131d2878b9fbf",
      "filename": "sample_endorsement_pack.pdf",
      "page": 1,
      "page_end": 2,
      "section_path": "ENDORSEMENT NO. 1 - FLOOD SUB-LIMIT AMENDMENT > 3. DEDUCTIBLE",
      "clause_label": "3. DEDUCTIBLE",
      "score": 0.0308,
      "text": "3. DEDUCTIBLE\nA deductible of GBP 250,000 each and every loss applies to loss or damage caused by Flood at any location within a Flood Zone. At all other locations the standard property deductible of GBP 50,000 each and every loss continues to apply.\n\nSECTION 4 - CONDITIONS APPLYING TO THIS ENDORSEMENT\n\n4.1 Flood Defence Maintenance\nThe Insured shall maintain all demountable flood barriers, non-return valves and sump pumps at each insured location in good and effective working order, and shall test them at intervals of not more than six months. A written record of each test shall be kept for a period of three years and produced to the Insurer on request.\n\n4.2 Exclusions\nNotwithstanding anything to the contrary in the policy, this endorsement does not cover loss, damage, cost or expense arising directly or indirectly out of:\n\n(a) subsidence, ground heave or landslip, whether or not caused or contributed to by Flood; (b) loss of or damage to growing crops, standing timber, or livestock in the open; (c) any property in the course of construction, erection or installation where the contract value exceeds GBP 1,000,000; (d) loss or damage to stock stored below ground level unless raised at least 150 millimetres above the finished floor level; (e) any fine, penalty or punitive damages levied by a regulator following a Flood event.\n\n4.2.1 Erosion of the sub-limit\nEach payment made under this endorsement, including any payment for professional fees and debris removal, erodes the annual aggregate sub-limit stated in clause 2. Once the annual aggregate sub-limit is exhausted no further payment shall be made under this endorsement for the remainder of the Period of Insurance."
    },
    {
      "chunk_id": "4fa131d2878b9fbf::0000",
      "doc_id": "4fa131d2878b9fbf",
      "filename": "sample_endorsement_pack.pdf",
      "page": 1,
      "page_end": 1,
      "section_path": "GLOBAL MANUFACTURING LTD",
      "clause_label": "GLOBAL MANUFACTURING LTD",
      "score": 0.0306,
      "text": "GLOBAL MANUFACTURING LTD\n\nCOMMERCIAL PROPERTY AND LIABILITY ENDORSEMENT PACK\nPolicy Number GML-2024-88213. Period of Insurance: 1 April 2024 to 31 March 2025, both dates inclusive at the address of the Insured. This pack records every endorsement attached to the policy and supersedes any endorsement schedule issued previously.\n\nENDORSEMENT NO. 1 - FLOOD SUB-LIMIT AMENDMENT\nEffective from 1 June 2024. In consideration of the additional premium of GBP 42,750 the following amendments are made to the Property Damage section of the policy.\n\n1. DEFINITIONS\n\n1.1 Flood means the escape of water from the normal confines of any natural or artificial watercourse, lake, reservoir, canal or dam, or inundation from the sea, whether driven by storm or otherwise.\n\n1.2 Flood Zone means any location identified as Zone 2 or Zone 3 on the Environment Agency Flood Map for Planning current at the inception of this endorsement.\n\n2. AMENDMENT TO LIMIT\nThe sub-limit applicable to loss or damage caused by Flood is amended from GBP 2,500,000 to GBP 5,000,000 in the annual aggregate. The revised sub-limit applies to all insured locations combined and is part of, and not in addition to, the policy limit of GBP 40,000,000 any one occurrence.\n\n3. DEDUCTIBLE\nA deductible of GBP 250,000 each and every loss applies to loss or damage caused by Flood at any location within a Flood Zone. At all other locations the standard property deductible of GBP 50,000 each and every loss continues to apply.\n\nSECTION 4 - CONDITIONS APPLYING TO THIS ENDORSEMENT"
    }
  ],
  "model": "stub:reading-comprehension-v1",
  "params": {
    "effort": "medium",
    "max_tokens": 16000
  },
  "output": {
    "claim_number": "[CLAIM NUMBER REDACTED]",
    "date_of_loss": "17 July 2026",
    "coverage_decision": "covered",
    "cited_exclusion_id": null,
    "excess_amount": null,
    "summary": "Notes match an insured peril: (f) any extortion demand, ransom payment, cryptocurrency transfer or negotiation fee made or incurred in response to a threat to a Computer System or to Data, and including the fees of any incident response firm, ransomware negotiator or public relations consultant engaged in connection with that threat;",
    "citations": [
      "4fa131d2878b9fbf::0004"
    ]
  },
  "output_notes": []
}
---
{
  "trace_id": "trc_00081",
  "created_at": "2026-08-30T21:31:44.889374+00:00",
  "feature": "claim_summary",
  "prompt_version": "claim-summary-v1",
  "input_redacted": "Claim [CLAIM NUMBER REDACTED]. Insured reports water damage to stock stored on the warehouse floor, discovered 09 July 2026 following heavy rainfall. Stock was not raised above floor level. Estimated damage GBP 233,751.",
  "redacted_fields": [
    "claim_number:CLM-2026-79401"
  ],
  "retrieval_mode": "hybrid_bm25_rrf",
  "retrieved": [
    {
      "chunk_id": "4fa131d2878b9fbf::0000",
      "doc_id": "4fa131d2878b9fbf",
      "filename": "sample_endorsement_pack.pdf",
      "page": 1,
      "page_end": 1,
      "section_path": "GLOBAL MANUFACTURING LTD",
      "clause_label": "GLOBAL MANUFACTURING LTD",
      "score": 0.0325,
      "text": "GLOBAL MANUFACTURING LTD\n\nCOMMERCIAL PROPERTY AND LIABILITY ENDORSEMENT PACK\nPolicy Number GML-2024-88213. Period of Insurance: 1 April 2024 to 31 March 2025, both dates inclusive at the address of the Insured. This pack records every endorsement attached to the policy and supersedes any endorsement schedule issued previously.\n\nENDORSEMENT NO. 1 - FLOOD SUB-LIMIT AMENDMENT\nEffective from 1 June 2024. In consideration of the additional premium of GBP 42,750 the following amendments are made to the Property Damage section of the policy.\n\n1. DEFINITIONS\n\n1.1 Flood means the escape of water from the normal confines of any natural or artificial watercourse, lake, reservoir, canal or dam, or inundation from the sea, whether driven by storm or otherwise.\n\n1.2 Flood Zone means any location identified as Zone 2 or Zone 3 on the Environment Agency Flood Map for Planning current at the inception of this endorsement.\n\n2. AMENDMENT TO LIMIT\nThe sub-limit applicable to loss or damage caused by Flood is amended from GBP 2,500,000 to GBP 5,000,000 in the annual aggregate. The revised sub-limit applies to all insured locations combined and is part of, and not in addition to, the policy limit of GBP 40,000,000 any one occurrence.\n\n3. DEDUCTIBLE\nA deductible of GBP 250,000 each and every loss applies to loss or damage caused by Flood at any location within a Flood Zone. At all other locations the standard property deductible of GBP 50,000 each and every loss continues to apply.\n\nSECTION 4 - CONDITIONS APPLYING TO THIS ENDORSEMENT"
    },
    {
      "chunk_id": "4fa131d2878b9fbf::0001",
      "doc_id": "4fa131d2878b9fbf",
      "filename": "sample_endorsement_pack.pdf",
      "page": 1,
      "page_end": 2,
      "section_path": "ENDORSEMENT NO. 1 - FLOOD SUB-LIMIT AMENDMENT > 3. DEDUCTIBLE",
      "clause_label": "3. DEDUCTIBLE",
      "score": 0.0318,
      "text": "3. DEDUCTIBLE\nA deductible of GBP 250,000 each and every loss applies to loss or damage caused by Flood at any location within a Flood Zone. At all other locations the standard property deductible of GBP 50,000 each and every loss continues to apply.\n\nSECTION 4 - CONDITIONS APPLYING TO THIS ENDORSEMENT\n\n4.1 Flood Defence Maintenance\nThe Insured shall maintain all demountable flood barriers, non-return valves and sump pumps at each insured location in good and effective working order, and shall test them at intervals of not more than six months. A written record of each test shall be kept for a period of three years and produced to the Insurer on request.\n\n4.2 Exclusions\nNotwithstanding anything to the contrary in the policy, this endorsement does not cover loss, damage, cost or expense arising directly or indirectly out of:\n\n(a) subsidence, ground heave or landslip, whether or not caused or contributed to by Flood; (b) loss of or damage to growing crops, standing timber, or livestock in the open; (c) any property in the course of construction, erection or installation where the contract value exceeds GBP 1,000,000; (d) loss or damage to stock stored below ground level unless raised at least 150 millimetres above the finished floor level; (e) any fine, penalty or punitive damages levied by a regulator following a Flood event.\n\n4.2.1 Erosion of the sub-limit\nEach payment made under this endorsement, including any payment for professional fees and debris removal, erodes the annual aggregate sub-limit stated in clause 2. Once the annual aggregate sub-limit is exhausted no further payment shall be made under this endorsement for the remainder of the Period of Insurance."
    },
    {
      "chunk_id": "5ccd70c8aadf500e::0000",
      "doc_id": "5ccd70c8aadf500e",
      "filename": "form_ho0304_archive.pdf",
      "page": 1,
      "page_end": 1,
      "section_path": "FORM LIBRARY - ARCHIVED WORDING ON FILE",
      "clause_label": "FORM LIBRARY - ARCHIVED WORDING ON FILE",
      "score": 0.0313,
      "text": "FORM LIBRARY - ARCHIVED WORDING ON FILE\nThis file retains prior editions of Form HO-0304 for audit and reference purposes against policy GML-2024-88213. The edition currently endorsed to the policy is 03-24 (see the waterdamage endorsement in the main endorsement pack for its reference number). Earlier editions below are retained for reference only and do not apply to a loss occurring after the date their text says they were superseded.\n\nFORM HO-0304 - EDITION 01-22\nEXCLUSION CODE E-17 - SEQUENTIAL WATER INTRUSION EVENTS (EDITION 01-22)\n\nExclusion Code E-17 (Form HO-0304, edition 01-22). This policy does not cover loss or damage arising from a second or subsequent Flood event at the same insured location where that event occurs within 30 consecutive days of an earlier Flood event at the same location. Superseded by edition 06-22 with effect from 1 June 2022.\n\nFORM HO-0304 - EDITION 06-22\nEXCLUSION CODE E-17 - SEQUENTIAL WATER INTRUSION EVENTS (EDITION 06-22)\n\nExclusion Code E-17 (Form HO-0304, edition 06-22). This policy does not cover loss or damage arising from a second or subsequent Flood event at the same insured location where that event occurs within 35 consecutive days of an earlier Flood event at the same location. Superseded by edition 09-23 with effect from 1 September 2023.\n\nFORM HO-0304 - EDITION 09-23\nEXCLUSION CODE E-17 - SEQUENTIAL WATER INTRUSION EVENTS (EDITION 09-23)\n\nExclusion Code E-17 (Form HO-0304, edition 09-23). This policy does not cover loss or damage arising from a second or subsequent Flood event at the same insured location where that event occurs within 45 consecutive days of an earlier Flood event at the same location, save that this exclusion does not apply to a Flood event caused solely by a named windstorm. Superseded by edition 01-24 with effect from 1 January 2024."
    },
    {
      "chunk_id": "4fa131d2878b9fbf::0006",
      "doc_id": "4fa131d2878b9fbf",
      "filename": "sample_endorsement_pack.pdf",
      "page": 3,
      "page_end": 4,
      "section_path": "ENDORSEMENT NO. 3 - BUSINESS INTERRUPTION AMENDMENTS > GENERAL CONDITIONS",
      "clause_label": "GENERAL CONDITIONS",
      "score": 0.0313,
      "text": "GENERAL CONDITIONS\n\n1. Cancellation. Either party may cancel this policy by giving 60 days written notice to the other at its last known address. Where the Insurer cancels, a pro rata return of premium shall be made provided no claim has been notified during the Period of Insurance.\n\n2. Governing law. This policy shall be governed by and construed in accordance with the law of England and Wales, and the parties submit to the exclusive jurisdiction of the courts of England and Wales.\n\n3. Premium payment. The premium is due within 45 days of inception. Failure to pay within that period entitles the Insurer to cancel in accordance with General Condition 1 above.\n\nENDORSEMENT NO. 4 - SEQUENTIAL WATER INTRUSION EXCLUSION\nEffective from 1 February 2025. This endorsement is issued under reference END-2024-0417 and adopts the exclusion wording of Form HO-0304 edition 03-24, reproduced at clause 4.3 below, which supersedes and replaces any earlier edition of Form HO-0304 referenced in the Insured's document file.\n\n4.3 Exclusion Code E-17 - Sequential Water Intrusion Events\nExclusion Code E-17 (Form HO-0304, edition 03-24). This policy does not cover loss or damage arising from a second or subsequent Flood event at the same insured location where that event occurs within 60 consecutive days of an earlier Flood event at the same location, regardless of whether a claim was made for the earlier event. This exclusion applies in addition to, and does not narrow, the deductible and sub-limit provisions of clauses 2 and 3 above.\n\n4.4 Interaction with the Flood Defence Condition\nExclusion Code E-17 does not apply where the Insured can demonstrate that the flood barriers, non-return valves and sump pumps required by clause 4.1 were tested and in good working order in the 60 days immediately preceding the second or subsequent Flood event."
    },
    {
      "chunk_id": "4fa131d2878b9fbf::0005",
      "doc_id": "4fa131d2878b9fbf",
      "filename": "sample_endorsement_pack.pdf",
      "page": 3,
      "page_end": 3,
      "section_path": "ENDORSEMENT NO. 2 - CYBER AND DATA EXCLUSION > SECTION 2 - EXCLUSION WORDING > 2.",
      "clause_label": "2.",
      "score": 0.0306,
      "text": "(h) the deliberate act of any employee, contractor or agent of the Insured taken with intent to cause a Cyber Incident, whether or not that person was acting within the scope of their employment or engagement, and whether or not the Insured had performed pre-engagement screening on that person.\n\nSECTION 3 - WRITE-BACK FOR PHYSICAL DAMAGE\n\n3. Subject to all other terms of the policy, this exclusion shall not apply to physical loss of or physical damage to insured property arising from fire or explosion which itself results from a Cyber Incident, provided that the fire or explosion is not the result of a Cyber Act committed with intent to cause physical damage.\n\nENDORSEMENT NO. 3 - BUSINESS INTERRUPTION AMENDMENTS\nEffective from 1 October 2024. The Business Interruption section is amended as set out below. All other terms, conditions and exclusions remain unaltered.\n\n1. WAITING PERIOD\nA waiting period of 72 consecutive hours applies to each and every claim under the Business Interruption section. No indemnity is payable in respect of any interruption that is remedied within the waiting period.\n\n2. INDEMNITY PERIOD\nThe maximum indemnity period is extended from 12 months to 18 months from the date on which the interruption begins.\n\n3. NOTIFICATION OF CLAIM\n3. The Insured shall give written notice to the Insurer of any event likely to give rise to a claim under this section within 30 days of that event becoming known to a director or to the risk manager of the Insured. Notice given to the broker alone does not constitute notice to the Insurer.\n\nGENERAL CONDITIONS\n\n1. Cancellation. Either party may cancel this policy by giving 60 days written notice to the other at its last known address. Where the Insurer cancels, a pro rata return of premium shall be made provided no claim has been notified during the Period of Insurance."
    }
  ],
  "model": "stub:reading-comprehension-v1",
  "params": {
    "effort": "medium",
    "max_tokens": 16000
  },
  "output": {
    "claim_number": "[CLAIM NUMBER REDACTED]",
    "date_of_loss": "09 July 2026",
    "coverage_decision": "denied",
    "cited_exclusion_id": "4.1",
    "excess_amount": 250000.0,
    "summary": "Notes describe circumstances matching an excluded scenario: (d) loss or damage to stock stored below ground level unless raised at least 150 millimetres above the finished floor level;",
    "citations": [
      "4fa131d2878b9fbf::0001"
    ]
  },
  "output_notes": []
}
---
{
  "trace_id": "trc_00082",
  "created_at": "2026-08-30T21:31:44.902314+00:00",
  "feature": "claim_summary",
  "prompt_version": "claim-summary-v1",
  "input_redacted": "Claim [CLAIM NUMBER REDACTED]. A malicious intrusion into the insured's building-management system on 03 March 2026 caused an electrical fault that started a fire, causing physical damage to the premises estimated at GBP 1,309,045. No evidence the intrusion was intended to cause the fire.",
  "redacted_fields": [
    "claim_number:CLM-2026-99846"
  ],
  "retrieval_mode": "hybrid_bm25_rrf",
  "retrieved": [
    {
      "chunk_id": "4fa131d2878b9fbf::0005",
      "doc_id": "4fa131d2878b9fbf",
      "filename": "sample_endorsement_pack.pdf",
      "page": 3,
      "page_end": 3,
      "section_path": "ENDORSEMENT NO. 2 - CYBER AND DATA EXCLUSION > SECTION 2 - EXCLUSION WORDING > 2.",
      "clause_label": "2.",
      "score": 0.0323,
      "text": "(h) the deliberate act of any employee, contractor or agent of the Insured taken with intent to cause a Cyber Incident, whether or not that person was acting within the scope of their employment or engagement, and whether or not the Insured had performed pre-engagement screening on that person.\n\nSECTION 3 - WRITE-BACK FOR PHYSICAL DAMAGE\n\n3. Subject to all other terms of the policy, this exclusion shall not apply to physical loss of or physical damage to insured property arising from fire or explosion which itself results from a Cyber Incident, provided that the fire or explosion is not the result of a Cyber Act committed with intent to cause physical damage.\n\nENDORSEMENT NO. 3 - BUSINESS INTERRUPTION AMENDMENTS\nEffective from 1 October 2024. The Business Interruption section is amended as set out below. All other terms, conditions and exclusions remain unaltered.\n\n1. WAITING PERIOD\nA waiting period of 72 consecutive hours applies to each and every claim under the Business Interruption section. No indemnity is payable in respect of any interruption that is remedied within the waiting period.\n\n2. INDEMNITY PERIOD\nThe maximum indemnity period is extended from 12 months to 18 months from the date on which the interruption begins.\n\n3. NOTIFICATION OF CLAIM\n3. The Insured shall give written notice to the Insurer of any event likely to give rise to a claim under this section within 30 days of that event becoming known to a director or to the risk manager of the Insured. Notice given to the broker alone does not constitute notice to the Insurer.\n\nGENERAL CONDITIONS\n\n1. Cancellation. Either party may cancel this policy by giving 60 days written notice to the other at its last known address. Where the Insurer cancels, a pro rata return of premium shall be made provided no claim has been notified during the Period of Insurance."
    },
    {
      "chunk_id": "5ccd70c8aadf500e::0001",
      "doc_id": "5ccd70c8aadf500e",
      "filename": "form_ho0304_archive.pdf",
      "page": 1,
      "page_end": 1,
      "section_path": "FORM HO-0304 - EDITION 01-24",
      "clause_label": "FORM HO-0304 - EDITION 01-24",
      "score": 0.0315,
      "text": "This policy does not cover loss or damage arising from a second or subsequent Flood event at the same insured location where that event occurs within 45 consecutive days of an earlier Flood event at the same location, save that this exclusion does not apply to a Flood event caused solely by a named windstorm. Superseded by edition 01-24 with effect from 1 January 2024.\n\nFORM HO-0304 - EDITION 01-24\nEXCLUSION CODE E-17 - SEQUENTIAL WATER INTRUSION EVENTS (EDITION 01-24)\n\nExclusion Code E-17 (Form HO-0304, edition 01-24). This policy does not cover loss or damage arising from a second or subsequent Flood event at the same insured location where that event occurs within 55 consecutive days of an earlier Flood event at the same location, save that this exclusion does not apply to a Flood event caused solely by a named windstorm. Superseded by edition 03-24 with effect from 1 February 2025."
    },
    {
      "chunk_id": "4fa131d2878b9fbf::0000",
      "doc_id": "4fa131d2878b9fbf",
      "filename": "sample_endorsement_pack.pdf",
      "page": 1,
      "page_end": 1,
      "section_path": "GLOBAL MANUFACTURING LTD",
      "clause_label": "GLOBAL MANUFACTURING LTD",
      "score": 0.0315,
      "text": "GLOBAL MANUFACTURING LTD\n\nCOMMERCIAL PROPERTY AND LIABILITY ENDORSEMENT PACK\nPolicy Number GML-2024-88213. Period of Insurance: 1 April 2024 to 31 March 2025, both dates inclusive at the address of the Insured. This pack records every endorsement attached to the policy and supersedes any endorsement schedule issued previously.\n\nENDORSEMENT NO. 1 - FLOOD SUB-LIMIT AMENDMENT\nEffective from 1 June 2024. In consideration of the additional premium of GBP 42,750 the following amendments are made to the Property Damage section of the policy.\n\n1. DEFINITIONS\n\n1.1 Flood means the escape of water from the normal confines of any natural or artificial watercourse, lake, reservoir, canal or dam, or inundation from the sea, whether driven by storm or otherwise.\n\n1.2 Flood Zone means any location identified as Zone 2 or Zone 3 on the Environment Agency Flood Map for Planning current at the inception of this endorsement.\n\n2. AMENDMENT TO LIMIT\nThe sub-limit applicable to loss or damage caused by Flood is amended from GBP 2,500,000 to GBP 5,000,000 in the annual aggregate. The revised sub-limit applies to all insured locations combined and is part of, and not in addition to, the policy limit of GBP 40,000,000 any one occurrence.\n\n3. DEDUCTIBLE\nA deductible of GBP 250,000 each and every loss applies to loss or damage caused by Flood at any location within a Flood Zone. At all other locations the standard property deductible of GBP 50,000 each and every loss continues to apply.\n\nSECTION 4 - CONDITIONS APPLYING TO THIS ENDORSEMENT"
    },
    {
      "chunk_id": "4fa131d2878b9fbf::0001",
      "doc_id": "4fa131d2878b9fbf",
      "filename": "sample_endorsement_pack.pdf",
      "page": 1,
      "page_end": 2,
      "section_path": "ENDORSEMENT NO. 1 - FLOOD SUB-LIMIT AMENDMENT > 3. DEDUCTIBLE",
      "clause_label": "3. DEDUCTIBLE",
      "score": 0.0311,
      "text": "3. DEDUCTIBLE\nA deductible of GBP 250,000 each and every loss applies to loss or damage caused by Flood at any location within a Flood Zone. At all other locations the standard property deductible of GBP 50,000 each and every loss continues to apply.\n\nSECTION 4 - CONDITIONS APPLYING TO THIS ENDORSEMENT\n\n4.1 Flood Defence Maintenance\nThe Insured shall maintain all demountable flood barriers, non-return valves and sump pumps at each insured location in good and effective working order, and shall test them at intervals of not more than six months. A written record of each test shall be kept for a period of three years and produced to the Insurer on request.\n\n4.2 Exclusions\nNotwithstanding anything to the contrary in the policy, this endorsement does not cover loss, damage, cost or expense arising directly or indirectly out of:\n\n(a) subsidence, ground heave or landslip, whether or not caused or contributed to by Flood; (b) loss of or damage to growing crops, standing timber, or livestock in the open; (c) any property in the course of construction, erection or installation where the contract value exceeds GBP 1,000,000; (d) loss or damage to stock stored below ground level unless raised at least 150 millimetres above the finished floor level; (e) any fine, penalty or punitive damages levied by a regulator following a Flood event.\n\n4.2.1 Erosion of the sub-limit\nEach payment made under this endorsement, including any payment for professional fees and debris removal, erodes the annual aggregate sub-limit stated in clause 2. Once the annual aggregate sub-limit is exhausted no further payment shall be made under this endorsement for the remainder of the Period of Insurance."
    },
    {
      "chunk_id": "4fa131d2878b9fbf::0006",
      "doc_id": "4fa131d2878b9fbf",
      "filename": "sample_endorsement_pack.pdf",
      "page": 3,
      "page_end": 4,
      "section_path": "ENDORSEMENT NO. 3 - BUSINESS INTERRUPTION AMENDMENTS > GENERAL CONDITIONS",
      "clause_label": "GENERAL CONDITIONS",
      "score": 0.0308,
      "text": "GENERAL CONDITIONS\n\n1. Cancellation. Either party may cancel this policy by giving 60 days written notice to the other at its last known address. Where the Insurer cancels, a pro rata return of premium shall be made provided no claim has been notified during the Period of Insurance.\n\n2. Governing law. This policy shall be governed by and construed in accordance with the law of England and Wales, and the parties submit to the exclusive jurisdiction of the courts of England and Wales.\n\n3. Premium payment. The premium is due within 45 days of inception. Failure to pay within that period entitles the Insurer to cancel in accordance with General Condition 1 above.\n\nENDORSEMENT NO. 4 - SEQUENTIAL WATER INTRUSION EXCLUSION\nEffective from 1 February 2025. This endorsement is issued under reference END-2024-0417 and adopts the exclusion wording of Form HO-0304 edition 03-24, reproduced at clause 4.3 below, which supersedes and replaces any earlier edition of Form HO-0304 referenced in the Insured's document file.\n\n4.3 Exclusion Code E-17 - Sequential Water Intrusion Events\nExclusion Code E-17 (Form HO-0304, edition 03-24). This policy does not cover loss or damage arising from a second or subsequent Flood event at the same insured location where that event occurs within 60 consecutive days of an earlier Flood event at the same location, regardless of whether a claim was made for the earlier event. This exclusion applies in addition to, and does not narrow, the deductible and sub-limit provisions of clauses 2 and 3 above.\n\n4.4 Interaction with the Flood Defence Condition\nExclusion Code E-17 does not apply where the Insured can demonstrate that the flood barriers, non-return valves and sump pumps required by clause 4.1 were tested and in good working order in the 60 days immediately preceding the second or subsequent Flood event."
    }
  ],
  "model": "stub:reading-comprehension-v1",
  "params": {
    "effort": "medium",
    "max_tokens": 16000
  },
  "output": {
    "claim_number": "[CLAIM NUMBER REDACTED]",
    "date_of_loss": "03 March 2026",
    "coverage_decision": "denied",
    "cited_exclusion_id": "h",
    "excess_amount": null,
    "summary": "Notes describe circumstances matching an excluded scenario: Subject to all other terms of the policy, this exclusion shall not apply to physical loss of or physical damage to insured property arising from fire or explosion which itself results from a Cyber Incident, provided that the fire or explosion is not the result of a Cyber Act committed with intent to cause physical damage.",
    "citations": [
      "4fa131d2878b9fbf::0005"
    ]
  },
  "output_notes": []
}
---
{
  "trace_id": "trc_00083",
  "created_at": "2026-08-30T21:31:44.915156+00:00",
  "feature": "claim_summary",
  "prompt_version": "claim-summary-v1",
  "input_redacted": "Claim [CLAIM NUMBER REDACTED]. Flood loss on 07 August 2026. During the claim visit the loss adjuster found the insured's sump pumps had not been tested in the preceding nine months, against the six-month testing condition. No test log was produced. Estimated damage GBP 377,891. Insured asks whether this affects the claim.",
  "redacted_fields": [
    "claim_number:CLM-2026-84887"
  ],
  "retrieval_mode": "hybrid_bm25_rrf",
  "retrieved": [
    {
      "chunk_id": "4fa131d2878b9fbf::0001",
      "doc_id": "4fa131d2878b9fbf",
      "filename": "sample_endorsement_pack.pdf",
      "page": 1,
      "page_end": 2,
      "section_path": "ENDORSEMENT NO. 1 - FLOOD SUB-LIMIT AMENDMENT > 3. DEDUCTIBLE",
      "clause_label": "3. DEDUCTIBLE",
      "score": 0.0325,
      "text": "3. DEDUCTIBLE\nA deductible of GBP 250,000 each and every loss applies to loss or damage caused by Flood at any location within a Flood Zone. At all other locations the standard property deductible of GBP 50,000 each and every loss continues to apply.\n\nSECTION 4 - CONDITIONS APPLYING TO THIS ENDORSEMENT\n\n4.1 Flood Defence Maintenance\nThe Insured shall maintain all demountable flood barriers, non-return valves and sump pumps at each insured location in good and effective working order, and shall test them at intervals of not more than six months. A written record of each test shall be kept for a period of three years and produced to the Insurer on request.\n\n4.2 Exclusions\nNotwithstanding anything to the contrary in the policy, this endorsement does not cover loss, damage, cost or expense arising directly or indirectly out of:\n\n(a) subsidence, ground heave or landslip, whether or not caused or contributed to by Flood; (b) loss of or damage to growing crops, standing timber, or livestock in the open; (c) any property in the course of construction, erection or installation where the contract value exceeds GBP 1,000,000; (d) loss or damage to stock stored below ground level unless raised at least 150 millimetres above the finished floor level; (e) any fine, penalty or punitive damages levied by a regulator following a Flood event.\n\n4.2.1 Erosion of the sub-limit\nEach payment made under this endorsement, including any payment for professional fees and debris removal, erodes the annual aggregate sub-limit stated in clause 2. Once the annual aggregate sub-limit is exhausted no further payment shall be made under this endorsement for the remainder of the Period of Insurance."
    },
    {
      "chunk_id": "4fa131d2878b9fbf::0006",
      "doc_id": "4fa131d2878b9fbf",
      "filename": "sample_endorsement_pack.pdf",
      "page": 3,
      "page_end": 4,
      "section_path": "ENDORSEMENT NO. 3 - BUSINESS INTERRUPTION AMENDMENTS > GENERAL CONDITIONS",
      "clause_label": "GENERAL CONDITIONS",
      "score": 0.0318,
      "text": "GENERAL CONDITIONS\n\n1. Cancellation. Either party may cancel this policy by giving 60 days written notice to the other at its last known address. Where the Insurer cancels, a pro rata return of premium shall be made provided no claim has been notified during the Period of Insurance.\n\n2. Governing law. This policy shall be governed by and construed in accordance with the law of England and Wales, and the parties submit to the exclusive jurisdiction of the courts of England and Wales.\n\n3. Premium payment. The premium is due within 45 days of inception. Failure to pay within that period entitles the Insurer to cancel in accordance with General Condition 1 above.\n\nENDORSEMENT NO. 4 - SEQUENTIAL WATER INTRUSION EXCLUSION\nEffective from 1 February 2025. This endorsement is issued under reference END-2024-0417 and adopts the exclusion wording of Form HO-0304 edition 03-24, reproduced at clause 4.3 below, which supersedes and replaces any earlier edition of Form HO-0304 referenced in the Insured's document file.\n\n4.3 Exclusion Code E-17 - Sequential Water Intrusion Events\nExclusion Code E-17 (Form HO-0304, edition 03-24). This policy does not cover loss or damage arising from a second or subsequent Flood event at the same insured location where that event occurs within 60 consecutive days of an earlier Flood event at the same location, regardless of whether a claim was made for the earlier event. This exclusion applies in addition to, and does not narrow, the deductible and sub-limit provisions of clauses 2 and 3 above.\n\n4.4 Interaction with the Flood Defence Condition\nExclusion Code E-17 does not apply where the Insured can demonstrate that the flood barriers, non-return valves and sump pumps required by clause 4.1 were tested and in good working order in the 60 days immediately preceding the second or subsequent Flood event."
    },
    {
      "chunk_id": "4fa131d2878b9fbf::0000",
      "doc_id": "4fa131d2878b9fbf",
      "filename": "sample_endorsement_pack.pdf",
      "page": 1,
      "page_end": 1,
      "section_path": "GLOBAL MANUFACTURING LTD",
      "clause_label": "GLOBAL MANUFACTURING LTD",
      "score": 0.0318,
      "text": "GLOBAL MANUFACTURING LTD\n\nCOMMERCIAL PROPERTY AND LIABILITY ENDORSEMENT PACK\nPolicy Number GML-2024-88213. Period of Insurance: 1 April 2024 to 31 March 2025, both dates inclusive at the address of the Insured. This pack records every endorsement attached to the policy and supersedes any endorsement schedule issued previously.\n\nENDORSEMENT NO. 1 - FLOOD SUB-LIMIT AMENDMENT\nEffective from 1 June 2024. In consideration of the additional premium of GBP 42,750 the following amendments are made to the Property Damage section of the policy.\n\n1. DEFINITIONS\n\n1.1 Flood means the escape of water from the normal confines of any natural or artificial watercourse, lake, reservoir, canal or dam, or inundation from the sea, whether driven by storm or otherwise.\n\n1.2 Flood Zone means any location identified as Zone 2 or Zone 3 on the Environment Agency Flood Map for Planning current at the inception of this endorsement.\n\n2. AMENDMENT TO LIMIT\nThe sub-limit applicable to loss or damage caused by Flood is amended from GBP 2,500,000 to GBP 5,000,000 in the annual aggregate. The revised sub-limit applies to all insured locations combined and is part of, and not in addition to, the policy limit of GBP 40,000,000 any one occurrence.\n\n3. DEDUCTIBLE\nA deductible of GBP 250,000 each and every loss applies to loss or damage caused by Flood at any location within a Flood Zone. At all other locations the standard property deductible of GBP 50,000 each and every loss continues to apply.\n\nSECTION 4 - CONDITIONS APPLYING TO THIS ENDORSEMENT"
    },
    {
      "chunk_id": "5ccd70c8aadf500e::0001",
      "doc_id": "5ccd70c8aadf500e",
      "filename": "form_ho0304_archive.pdf",
      "page": 1,
      "page_end": 1,
      "section_path": "FORM HO-0304 - EDITION 01-24",
      "clause_label": "FORM HO-0304 - EDITION 01-24",
      "score": 0.0313,
      "text": "This policy does not cover loss or damage arising from a second or subsequent Flood event at the same insured location where that event occurs within 45 consecutive days of an earlier Flood event at the same location, save that this exclusion does not apply to a Flood event caused solely by a named windstorm. Superseded by edition 01-24 with effect from 1 January 2024.\n\nFORM HO-0304 - EDITION 01-24\nEXCLUSION CODE E-17 - SEQUENTIAL WATER INTRUSION EVENTS (EDITION 01-24)\n\nExclusion Code E-17 (Form HO-0304, edition 01-24). This policy does not cover loss or damage arising from a second or subsequent Flood event at the same insured location where that event occurs within 55 consecutive days of an earlier Flood event at the same location, save that this exclusion does not apply to a Flood event caused solely by a named windstorm. Superseded by edition 03-24 with effect from 1 February 2025."
    },
    {
      "chunk_id": "4fa131d2878b9fbf::0005",
      "doc_id": "4fa131d2878b9fbf",
      "filename": "sample_endorsement_pack.pdf",
      "page": 3,
      "page_end": 3,
      "section_path": "ENDORSEMENT NO. 2 - CYBER AND DATA EXCLUSION > SECTION 2 - EXCLUSION WORDING > 2.",
      "clause_label": "2.",
      "score": 0.0308,
      "text": "(h) the deliberate act of any employee, contractor or agent of the Insured taken with intent to cause a Cyber Incident, whether or not that person was acting within the scope of their employment or engagement, and whether or not the Insured had performed pre-engagement screening on that person.\n\nSECTION 3 - WRITE-BACK FOR PHYSICAL DAMAGE\n\n3. Subject to all other terms of the policy, this exclusion shall not apply to physical loss of or physical damage to insured property arising from fire or explosion which itself results from a Cyber Incident, provided that the fire or explosion is not the result of a Cyber Act committed with intent to cause physical damage.\n\nENDORSEMENT NO. 3 - BUSINESS INTERRUPTION AMENDMENTS\nEffective from 1 October 2024. The Business Interruption section is amended as set out below. All other terms, conditions and exclusions remain unaltered.\n\n1. WAITING PERIOD\nA waiting period of 72 consecutive hours applies to each and every claim under the Business Interruption section. No indemnity is payable in respect of any interruption that is remedied within the waiting period.\n\n2. INDEMNITY PERIOD\nThe maximum indemnity period is extended from 12 months to 18 months from the date on which the interruption begins.\n\n3. NOTIFICATION OF CLAIM\n3. The Insured shall give written notice to the Insurer of any event likely to give rise to a claim under this section within 30 days of that event becoming known to a director or to the risk manager of the Insured. Notice given to the broker alone does not constitute notice to the Insurer.\n\nGENERAL CONDITIONS\n\n1. Cancellation. Either party may cancel this policy by giving 60 days written notice to the other at its last known address. Where the Insurer cancels, a pro rata return of premium shall be made provided no claim has been notified during the Period of Insurance."
    }
  ],
  "model": "stub:reading-comprehension-v1",
  "params": {
    "effort": "medium",
    "max_tokens": 16000
  },
  "output": {
    "claim_number": "[CLAIM NUMBER REDACTED]",
    "date_of_loss": "07 August 2026",
    "coverage_decision": "denied",
    "cited_exclusion_id": "4.3",
    "excess_amount": null,
    "summary": "Notes describe circumstances matching an excluded scenario: This policy does not cover loss or damage arising from a second or subsequent Flood event at the same insured location where that event occurs within 60 consecutive days of an earlier Flood event at the same location, regardless of whether a claim was made for the earlier event.",
    "citations": [
      "4fa131d2878b9fbf::0006"
    ]
  },
  "output_notes": []
}
---
{
  "trace_id": "trc_00084",
  "created_at": "2026-08-30T21:31:44.928857+00:00",
  "feature": "claim_summary",
  "prompt_version": "claim-summary-v1",
  "input_redacted": "Claim [CLAIM NUMBER REDACTED]. Insured reports a company vehicle involved in a collision on 16 June 2026 while making a delivery; driver cited for careless driving. Claimed repair cost GBP 41,222. Insured asks whether this is covered under this policy.",
  "redacted_fields": [
    "claim_number:CLM-2026-28187"
  ],
  "retrieval_mode": "hybrid_bm25_rrf",
  "retrieved": [
    {
      "chunk_id": "4fa131d2878b9fbf::0000",
      "doc_id": "4fa131d2878b9fbf",
      "filename": "sample_endorsement_pack.pdf",
      "page": 1,
      "page_end": 1,
      "section_path": "GLOBAL MANUFACTURING LTD",
      "clause_label": "GLOBAL MANUFACTURING LTD",
      "score": 0.0323,
      "text": "GLOBAL MANUFACTURING LTD\n\nCOMMERCIAL PROPERTY AND LIABILITY ENDORSEMENT PACK\nPolicy Number GML-2024-88213. Period of Insurance: 1 April 2024 to 31 March 2025, both dates inclusive at the address of the Insured. This pack records every endorsement attached to the policy and supersedes any endorsement schedule issued previously.\n\nENDORSEMENT NO. 1 - FLOOD SUB-LIMIT AMENDMENT\nEffective from 1 June 2024. In consideration of the additional premium of GBP 42,750 the following amendments are made to the Property Damage section of the policy.\n\n1. DEFINITIONS\n\n1.1 Flood means the escape of water from the normal confines of any natural or artificial watercourse, lake, reservoir, canal or dam, or inundation from the sea, whether driven by storm or otherwise.\n\n1.2 Flood Zone means any location identified as Zone 2 or Zone 3 on the Environment Agency Flood Map for Planning current at the inception of this endorsement.\n\n2. AMENDMENT TO LIMIT\nThe sub-limit applicable to loss or damage caused by Flood is amended from GBP 2,500,000 to GBP 5,000,000 in the annual aggregate. The revised sub-limit applies to all insured locations combined and is part of, and not in addition to, the policy limit of GBP 40,000,000 any one occurrence.\n\n3. DEDUCTIBLE\nA deductible of GBP 250,000 each and every loss applies to loss or damage caused by Flood at any location within a Flood Zone. At all other locations the standard property deductible of GBP 50,000 each and every loss continues to apply.\n\nSECTION 4 - CONDITIONS APPLYING TO THIS ENDORSEMENT"
    },
    {
      "chunk_id": "4fa131d2878b9fbf::0005",
      "doc_id": "4fa131d2878b9fbf",
      "filename": "sample_endorsement_pack.pdf",
      "page": 3,
      "page_end": 3,
      "section_path": "ENDORSEMENT NO. 2 - CYBER AND DATA EXCLUSION > SECTION 2 - EXCLUSION WORDING > 2.",
      "clause_label": "2.",
      "score": 0.0315,
      "text": "(h) the deliberate act of any employee, contractor or agent of the Insured taken with intent to cause a Cyber Incident, whether or not that person was acting within the scope of their employment or engagement, and whether or not the Insured had performed pre-engagement screening on that person.\n\nSECTION 3 - WRITE-BACK FOR PHYSICAL DAMAGE\n\n3. Subject to all other terms of the policy, this exclusion shall not apply to physical loss of or physical damage to insured property arising from fire or explosion which itself results from a Cyber Incident, provided that the fire or explosion is not the result of a Cyber Act committed with intent to cause physical damage.\n\nENDORSEMENT NO. 3 - BUSINESS INTERRUPTION AMENDMENTS\nEffective from 1 October 2024. The Business Interruption section is amended as set out below. All other terms, conditions and exclusions remain unaltered.\n\n1. WAITING PERIOD\nA waiting period of 72 consecutive hours applies to each and every claim under the Business Interruption section. No indemnity is payable in respect of any interruption that is remedied within the waiting period.\n\n2. INDEMNITY PERIOD\nThe maximum indemnity period is extended from 12 months to 18 months from the date on which the interruption begins.\n\n3. NOTIFICATION OF CLAIM\n3. The Insured shall give written notice to the Insurer of any event likely to give rise to a claim under this section within 30 days of that event becoming known to a director or to the risk manager of the Insured. Notice given to the broker alone does not constitute notice to the Insurer.\n\nGENERAL CONDITIONS\n\n1. Cancellation. Either party may cancel this policy by giving 60 days written notice to the other at its last known address. Where the Insurer cancels, a pro rata return of premium shall be made provided no claim has been notified during the Period of Insurance."
    },
    {
      "chunk_id": "4fa131d2878b9fbf::0001",
      "doc_id": "4fa131d2878b9fbf",
      "filename": "sample_endorsement_pack.pdf",
      "page": 1,
      "page_end": 2,
      "section_path": "ENDORSEMENT NO. 1 - FLOOD SUB-LIMIT AMENDMENT > 3. DEDUCTIBLE",
      "clause_label": "3. DEDUCTIBLE",
      "score": 0.0315,
      "text": "3. DEDUCTIBLE\nA deductible of GBP 250,000 each and every loss applies to loss or damage caused by Flood at any location within a Flood Zone. At all other locations the standard property deductible of GBP 50,000 each and every loss continues to apply.\n\nSECTION 4 - CONDITIONS APPLYING TO THIS ENDORSEMENT\n\n4.1 Flood Defence Maintenance\nThe Insured shall maintain all demountable flood barriers, non-return valves and sump pumps at each insured location in good and effective working order, and shall test them at intervals of not more than six months. A written record of each test shall be kept for a period of three years and produced to the Insurer on request.\n\n4.2 Exclusions\nNotwithstanding anything to the contrary in the policy, this endorsement does not cover loss, damage, cost or expense arising directly or indirectly out of:\n\n(a) subsidence, ground heave or landslip, whether or not caused or contributed to by Flood; (b) loss of or damage to growing crops, standing timber, or livestock in the open; (c) any property in the course of construction, erection or installation where the contract value exceeds GBP 1,000,000; (d) loss or damage to stock stored below ground level unless raised at least 150 millimetres above the finished floor level; (e) any fine, penalty or punitive damages levied by a regulator following a Flood event.\n\n4.2.1 Erosion of the sub-limit\nEach payment made under this endorsement, including any payment for professional fees and debris removal, erodes the annual aggregate sub-limit stated in clause 2. Once the annual aggregate sub-limit is exhausted no further payment shall be made under this endorsement for the remainder of the Period of Insurance."
    },
    {
      "chunk_id": "4fa131d2878b9fbf::0006",
      "doc_id": "4fa131d2878b9fbf",
      "filename": "sample_endorsement_pack.pdf",
      "page": 3,
      "page_end": 4,
      "section_path": "ENDORSEMENT NO. 3 - BUSINESS INTERRUPTION AMENDMENTS > GENERAL CONDITIONS",
      "clause_label": "GENERAL CONDITIONS",
      "score": 0.0313,
      "text": "GENERAL CONDITIONS\n\n1. Cancellation. Either party may cancel this policy by giving 60 days written notice to the other at its last known address. Where the Insurer cancels, a pro rata return of premium shall be made provided no claim has been notified during the Period of Insurance.\n\n2. Governing law. This policy shall be governed by and construed in accordance with the law of England and Wales, and the parties submit to the exclusive jurisdiction of the courts of England and Wales.\n\n3. Premium payment. The premium is due within 45 days of inception. Failure to pay within that period entitles the Insurer to cancel in accordance with General Condition 1 above.\n\nENDORSEMENT NO. 4 - SEQUENTIAL WATER INTRUSION EXCLUSION\nEffective from 1 February 2025. This endorsement is issued under reference END-2024-0417 and adopts the exclusion wording of Form HO-0304 edition 03-24, reproduced at clause 4.3 below, which supersedes and replaces any earlier edition of Form HO-0304 referenced in the Insured's document file.\n\n4.3 Exclusion Code E-17 - Sequential Water Intrusion Events\nExclusion Code E-17 (Form HO-0304, edition 03-24). This policy does not cover loss or damage arising from a second or subsequent Flood event at the same insured location where that event occurs within 60 consecutive days of an earlier Flood event at the same location, regardless of whether a claim was made for the earlier event. This exclusion applies in addition to, and does not narrow, the deductible and sub-limit provisions of clauses 2 and 3 above.\n\n4.4 Interaction with the Flood Defence Condition\nExclusion Code E-17 does not apply where the Insured can demonstrate that the flood barriers, non-return valves and sump pumps required by clause 4.1 were tested and in good working order in the 60 days immediately preceding the second or subsequent Flood event."
    },
    {
      "chunk_id": "4fa131d2878b9fbf::0003",
      "doc_id": "4fa131d2878b9fbf",
      "filename": "sample_endorsement_pack.pdf",
      "page": 2,
      "page_end": 2,
      "section_path": "ENDORSEMENT NO. 2 - CYBER AND DATA EXCLUSION > SECTION 2 - EXCLUSION WORDING > 2.",
      "clause_label": "2.",
      "score": 0.0311,
      "text": "to any action taken in controlling, preventing, suppressing or remediating any Cyber Act or Cyber Incident, and including the cost of any forensic investigation commissioned by the Insured or by any regulator, and including any sum paid or payable to a third party by way of settlement, judgment, award or contractual indemnity in respect of such an act or incident, whether or not the Insured admitted liability;\n(b) any loss of use, reduction in functionality, repair, replacement, restoration or reproduction of any Data, including any amount pertaining to the value of such Data, and including the cost of re-keying, re-entering or otherwise reconstituting Data from source documents where those documents themselves remain undamaged, and including any loss of profit consequent upon such loss of use;\n(c) the failure, malfunction, degradation, unavailability or interruption of any Computer System, whether owned or operated by the Insured or by any third party service provider, cloud host, managed service provider or telecommunications carrier upon which the Insured relies, and whether or not the Insured had a contractual right of recourse against that party;\n(d) the receipt, transmission, distribution or storage of any Malicious Code, whether or not that Malicious Code was introduced deliberately, negligently or inadvertently, and whether or not the Insured had in place anti-malware controls conforming to any recognised standard including ISO 27001 or the National Institute of Standards and Technology Cybersecurity Framework;"
    }
  ],
  "model": "stub:reading-comprehension-v1",
  "params": {
    "effort": "medium",
    "max_tokens": 16000
  },
  "output": {
    "claim_number": "[CLAIM NUMBER REDACTED]",
    "date_of_loss": "16 June 2026",
    "coverage_decision": "covered",
    "cited_exclusion_id": null,
    "excess_amount": 250000.0,
    "summary": "Notes match an insured peril: In consideration of the additional premium of GBP 42,750 the following amendments are made to the Property Damage section of the policy.",
    "citations": [
      "4fa131d2878b9fbf::0000"
    ]
  },
  "output_notes": []
}
---
{
  "trace_id": "trc_00085",
  "created_at": "2026-08-30T21:31:44.943180+00:00",
  "feature": "claim_summary",
  "prompt_version": "claim-summary-v1",
  "input_redacted": "Claim [CLAIM NUMBER REDACTED]. Insured [CLAIMANT NAME REDACTED] reports flood damage to the ground floor of the insured premises on 10 August 2026, following prolonged heavy rainfall. The site is within the mapped flood zone. Estimated repair cost GBP 169,254. No prior flood claim at this location in the last 12 months.",
  "redacted_fields": [
    "name:Mr. Farrow",
    "claim_number:CLM-2026-53453"
  ],
  "retrieval_mode": "hybrid_bm25_rrf",
  "retrieved": [
    {
      "chunk_id": "4fa131d2878b9fbf::0001",
      "doc_id": "4fa131d2878b9fbf",
      "filename": "sample_endorsement_pack.pdf",
      "page": 1,
      "page_end": 2,
      "section_path": "ENDORSEMENT NO. 1 - FLOOD SUB-LIMIT AMENDMENT > 3. DEDUCTIBLE",
      "clause_label": "3. DEDUCTIBLE",
      "score": 0.0328,
      "text": "3. DEDUCTIBLE\nA deductible of GBP 250,000 each and every loss applies to loss or damage caused by Flood at any location within a Flood Zone. At all other locations the standard property deductible of GBP 50,000 each and every loss continues to apply.\n\nSECTION 4 - CONDITIONS APPLYING TO THIS ENDORSEMENT\n\n4.1 Flood Defence Maintenance\nThe Insured shall maintain all demountable flood barriers, non-return valves and sump pumps at each insured location in good and effective working order, and shall test them at intervals of not more than six months. A written record of each test shall be kept for a period of three years and produced to the Insurer on request.\n\n4.2 Exclusions\nNotwithstanding anything to the contrary in the policy, this endorsement does not cover loss, damage, cost or expense arising directly or indirectly out of:\n\n(a) subsidence, ground heave or landslip, whether or not caused or contributed to by Flood; (b) loss of or damage to growing crops, standing timber, or livestock in the open; (c) any property in the course of construction, erection or installation where the contract value exceeds GBP 1,000,000; (d) loss or damage to stock stored below ground level unless raised at least 150 millimetres above the finished floor level; (e) any fine, penalty or punitive damages levied by a regulator following a Flood event.\n\n4.2.1 Erosion of the sub-limit\nEach payment made under this endorsement, including any payment for professional fees and debris removal, erodes the annual aggregate sub-limit stated in clause 2. Once the annual aggregate sub-limit is exhausted no further payment shall be made under this endorsement for the remainder of the Period of Insurance."
    },
    {
      "chunk_id": "4fa131d2878b9fbf::0000",
      "doc_id": "4fa131d2878b9fbf",
      "filename": "sample_endorsement_pack.pdf",
      "page": 1,
      "page_end": 1,
      "section_path": "GLOBAL MANUFACTURING LTD",
      "clause_label": "GLOBAL MANUFACTURING LTD",
      "score": 0.0323,
      "text": "GLOBAL MANUFACTURING LTD\n\nCOMMERCIAL PROPERTY AND LIABILITY ENDORSEMENT PACK\nPolicy Number GML-2024-88213. Period of Insurance: 1 April 2024 to 31 March 2025, both dates inclusive at the address of the Insured. This pack records every endorsement attached to the policy and supersedes any endorsement schedule issued previously.\n\nENDORSEMENT NO. 1 - FLOOD SUB-LIMIT AMENDMENT\nEffective from 1 June 2024. In consideration of the additional premium of GBP 42,750 the following amendments are made to the Property Damage section of the policy.\n\n1. DEFINITIONS\n\n1.1 Flood means the escape of water from the normal confines of any natural or artificial watercourse, lake, reservoir, canal or dam, or inundation from the sea, whether driven by storm or otherwise.\n\n1.2 Flood Zone means any location identified as Zone 2 or Zone 3 on the Environment Agency Flood Map for Planning current at the inception of this endorsement.\n\n2. AMENDMENT TO LIMIT\nThe sub-limit applicable to loss or damage caused by Flood is amended from GBP 2,500,000 to GBP 5,000,000 in the annual aggregate. The revised sub-limit applies to all insured locations combined and is part of, and not in addition to, the policy limit of GBP 40,000,000 any one occurrence.\n\n3. DEDUCTIBLE\nA deductible of GBP 250,000 each and every loss applies to loss or damage caused by Flood at any location within a Flood Zone. At all other locations the standard property deductible of GBP 50,000 each and every loss continues to apply.\n\nSECTION 4 - CONDITIONS APPLYING TO THIS ENDORSEMENT"
    },
    {
      "chunk_id": "4fa131d2878b9fbf::0006",
      "doc_id": "4fa131d2878b9fbf",
      "filename": "sample_endorsement_pack.pdf",
      "page": 3,
      "page_end": 4,
      "section_path": "ENDORSEMENT NO. 3 - BUSINESS INTERRUPTION AMENDMENTS > GENERAL CONDITIONS",
      "clause_label": "GENERAL CONDITIONS",
      "score": 0.0312,
      "text": "GENERAL CONDITIONS\n\n1. Cancellation. Either party may cancel this policy by giving 60 days written notice to the other at its last known address. Where the Insurer cancels, a pro rata return of premium shall be made provided no claim has been notified during the Period of Insurance.\n\n2. Governing law. This policy shall be governed by and construed in accordance with the law of England and Wales, and the parties submit to the exclusive jurisdiction of the courts of England and Wales.\n\n3. Premium payment. The premium is due within 45 days of inception. Failure to pay within that period entitles the Insurer to cancel in accordance with General Condition 1 above.\n\nENDORSEMENT NO. 4 - SEQUENTIAL WATER INTRUSION EXCLUSION\nEffective from 1 February 2025. This endorsement is issued under reference END-2024-0417 and adopts the exclusion wording of Form HO-0304 edition 03-24, reproduced at clause 4.3 below, which supersedes and replaces any earlier edition of Form HO-0304 referenced in the Insured's document file.\n\n4.3 Exclusion Code E-17 - Sequential Water Intrusion Events\nExclusion Code E-17 (Form HO-0304, edition 03-24). This policy does not cover loss or damage arising from a second or subsequent Flood event at the same insured location where that event occurs within 60 consecutive days of an earlier Flood event at the same location, regardless of whether a claim was made for the earlier event. This exclusion applies in addition to, and does not narrow, the deductible and sub-limit provisions of clauses 2 and 3 above.\n\n4.4 Interaction with the Flood Defence Condition\nExclusion Code E-17 does not apply where the Insured can demonstrate that the flood barriers, non-return valves and sump pumps required by clause 4.1 were tested and in good working order in the 60 days immediately preceding the second or subsequent Flood event."
    },
    {
      "chunk_id": "5ccd70c8aadf500e::0001",
      "doc_id": "5ccd70c8aadf500e",
      "filename": "form_ho0304_archive.pdf",
      "page": 1,
      "page_end": 1,
      "section_path": "FORM HO-0304 - EDITION 01-24",
      "clause_label": "FORM HO-0304 - EDITION 01-24",
      "score": 0.031,
      "text": "This policy does not cover loss or damage arising from a second or subsequent Flood event at the same insured location where that event occurs within 45 consecutive days of an earlier Flood event at the same location, save that this exclusion does not apply to a Flood event caused solely by a named windstorm. Superseded by edition 01-24 with effect from 1 January 2024.\n\nFORM HO-0304 - EDITION 01-24\nEXCLUSION CODE E-17 - SEQUENTIAL WATER INTRUSION EVENTS (EDITION 01-24)\n\nExclusion Code E-17 (Form HO-0304, edition 01-24). This policy does not cover loss or damage arising from a second or subsequent Flood event at the same insured location where that event occurs within 55 consecutive days of an earlier Flood event at the same location, save that this exclusion does not apply to a Flood event caused solely by a named windstorm. Superseded by edition 03-24 with effect from 1 February 2025."
    },
    {
      "chunk_id": "4fa131d2878b9fbf::0005",
      "doc_id": "4fa131d2878b9fbf",
      "filename": "sample_endorsement_pack.pdf",
      "page": 3,
      "page_end": 3,
      "section_path": "ENDORSEMENT NO. 2 - CYBER AND DATA EXCLUSION > SECTION 2 - EXCLUSION WORDING > 2.",
      "clause_label": "2.",
      "score": 0.0308,
      "text": "(h) the deliberate act of any employee, contractor or agent of the Insured taken with intent to cause a Cyber Incident, whether or not that person was acting within the scope of their employment or engagement, and whether or not the Insured had performed pre-engagement screening on that person.\n\nSECTION 3 - WRITE-BACK FOR PHYSICAL DAMAGE\n\n3. Subject to all other terms of the policy, this exclusion shall not apply to physical loss of or physical damage to insured property arising from fire or explosion which itself results from a Cyber Incident, provided that the fire or explosion is not the result of a Cyber Act committed with intent to cause physical damage.\n\nENDORSEMENT NO. 3 - BUSINESS INTERRUPTION AMENDMENTS\nEffective from 1 October 2024. The Business Interruption section is amended as set out below. All other terms, conditions and exclusions remain unaltered.\n\n1. WAITING PERIOD\nA waiting period of 72 consecutive hours applies to each and every claim under the Business Interruption section. No indemnity is payable in respect of any interruption that is remedied within the waiting period.\n\n2. INDEMNITY PERIOD\nThe maximum indemnity period is extended from 12 months to 18 months from the date on which the interruption begins.\n\n3. NOTIFICATION OF CLAIM\n3. The Insured shall give written notice to the Insurer of any event likely to give rise to a claim under this section within 30 days of that event becoming known to a director or to the risk manager of the Insured. Notice given to the broker alone does not constitute notice to the Insurer.\n\nGENERAL CONDITIONS\n\n1. Cancellation. Either party may cancel this policy by giving 60 days written notice to the other at its last known address. Where the Insurer cancels, a pro rata return of premium shall be made provided no claim has been notified during the Period of Insurance."
    }
  ],
  "model": "stub:reading-comprehension-v1",
  "params": {
    "effort": "medium",
    "max_tokens": 16000
  },
  "output": {
    "claim_number": "[CLAIM NUMBER REDACTED]",
    "date_of_loss": "10 August 2026",
    "coverage_decision": "denied",
    "cited_exclusion_id": "4.1",
    "excess_amount": 250000.0,
    "summary": "Notes describe circumstances matching an excluded scenario: DEDUCTIBLE\nA deductible of GBP 250,000 each and every loss applies to loss or damage caused by Flood at any location within a Flood Zone.",
    "citations": [
      "4fa131d2878b9fbf::0001"
    ]
  },
  "output_notes": []
}
---
{
  "trace_id": "trc_00086",
  "created_at": "2026-08-30T21:31:44.956079+00:00",
  "feature": "claim_summary",
  "prompt_version": "claim-summary-v1",
  "input_redacted": "Claim [CLAIM NUMBER REDACTED]. Flood on 26 August 2026 damaged a new production line under construction at the insured's site; contract value for the works is GBP 1,312,252. Insured asks whether this falls within the flood sub-limit.",
  "redacted_fields": [
    "claim_number:CLM-2026-22365"
  ],
  "retrieval_mode": "hybrid_bm25_rrf",
  "retrieved": [
    {
      "chunk_id": "4fa131d2878b9fbf::0001",
      "doc_id": "4fa131d2878b9fbf",
      "filename": "sample_endorsement_pack.pdf",
      "page": 1,
      "page_end": 2,
      "section_path": "ENDORSEMENT NO. 1 - FLOOD SUB-LIMIT AMENDMENT > 3. DEDUCTIBLE",
      "clause_label": "3. DEDUCTIBLE",
      "score": 0.0325,
      "text": "3. DEDUCTIBLE\nA deductible of GBP 250,000 each and every loss applies to loss or damage caused by Flood at any location within a Flood Zone. At all other locations the standard property deductible of GBP 50,000 each and every loss continues to apply.\n\nSECTION 4 - CONDITIONS APPLYING TO THIS ENDORSEMENT\n\n4.1 Flood Defence Maintenance\nThe Insured shall maintain all demountable flood barriers, non-return valves and sump pumps at each insured location in good and effective working order, and shall test them at intervals of not more than six months. A written record of each test shall be kept for a period of three years and produced to the Insurer on request.\n\n4.2 Exclusions\nNotwithstanding anything to the contrary in the policy, this endorsement does not cover loss, damage, cost or expense arising directly or indirectly out of:\n\n(a) subsidence, ground heave or landslip, whether or not caused or contributed to by Flood; (b) loss of or damage to growing crops, standing timber, or livestock in the open; (c) any property in the course of construction, erection or installation where the contract value exceeds GBP 1,000,000; (d) loss or damage to stock stored below ground level unless raised at least 150 millimetres above the finished floor level; (e) any fine, penalty or punitive damages levied by a regulator following a Flood event.\n\n4.2.1 Erosion of the sub-limit\nEach payment made under this endorsement, including any payment for professional fees and debris removal, erodes the annual aggregate sub-limit stated in clause 2. Once the annual aggregate sub-limit is exhausted no further payment shall be made under this endorsement for the remainder of the Period of Insurance."
    },
    {
      "chunk_id": "4fa131d2878b9fbf::0000",
      "doc_id": "4fa131d2878b9fbf",
      "filename": "sample_endorsement_pack.pdf",
      "page": 1,
      "page_end": 1,
      "section_path": "GLOBAL MANUFACTURING LTD",
      "clause_label": "GLOBAL MANUFACTURING LTD",
      "score": 0.0323,
      "text": "GLOBAL MANUFACTURING LTD\n\nCOMMERCIAL PROPERTY AND LIABILITY ENDORSEMENT PACK\nPolicy Number GML-2024-88213. Period of Insurance: 1 April 2024 to 31 March 2025, both dates inclusive at the address of the Insured. This pack records every endorsement attached to the policy and supersedes any endorsement schedule issued previously.\n\nENDORSEMENT NO. 1 - FLOOD SUB-LIMIT AMENDMENT\nEffective from 1 June 2024. In consideration of the additional premium of GBP 42,750 the following amendments are made to the Property Damage section of the policy.\n\n1. DEFINITIONS\n\n1.1 Flood means the escape of water from the normal confines of any natural or artificial watercourse, lake, reservoir, canal or dam, or inundation from the sea, whether driven by storm or otherwise.\n\n1.2 Flood Zone means any location identified as Zone 2 or Zone 3 on the Environment Agency Flood Map for Planning current at the inception of this endorsement.\n\n2. AMENDMENT TO LIMIT\nThe sub-limit applicable to loss or damage caused by Flood is amended from GBP 2,500,000 to GBP 5,000,000 in the annual aggregate. The revised sub-limit applies to all insured locations combined and is part of, and not in addition to, the policy limit of GBP 40,000,000 any one occurrence.\n\n3. DEDUCTIBLE\nA deductible of GBP 250,000 each and every loss applies to loss or damage caused by Flood at any location within a Flood Zone. At all other locations the standard property deductible of GBP 50,000 each and every loss continues to apply.\n\nSECTION 4 - CONDITIONS APPLYING TO THIS ENDORSEMENT"
    },
    {
      "chunk_id": "4fa131d2878b9fbf::0006",
      "doc_id": "4fa131d2878b9fbf",
      "filename": "sample_endorsement_pack.pdf",
      "page": 3,
      "page_end": 4,
      "section_path": "ENDORSEMENT NO. 3 - BUSINESS INTERRUPTION AMENDMENTS > GENERAL CONDITIONS",
      "clause_label": "GENERAL CONDITIONS",
      "score": 0.0315,
      "text": "GENERAL CONDITIONS\n\n1. Cancellation. Either party may cancel this policy by giving 60 days written notice to the other at its last known address. Where the Insurer cancels, a pro rata return of premium shall be made provided no claim has been notified during the Period of Insurance.\n\n2. Governing law. This policy shall be governed by and construed in accordance with the law of England and Wales, and the parties submit to the exclusive jurisdiction of the courts of England and Wales.\n\n3. Premium payment. The premium is due within 45 days of inception. Failure to pay within that period entitles the Insurer to cancel in accordance with General Condition 1 above.\n\nENDORSEMENT NO. 4 - SEQUENTIAL WATER INTRUSION EXCLUSION\nEffective from 1 February 2025. This endorsement is issued under reference END-2024-0417 and adopts the exclusion wording of Form HO-0304 edition 03-24, reproduced at clause 4.3 below, which supersedes and replaces any earlier edition of Form HO-0304 referenced in the Insured's document file.\n\n4.3 Exclusion Code E-17 - Sequential Water Intrusion Events\nExclusion Code E-17 (Form HO-0304, edition 03-24). This policy does not cover loss or damage arising from a second or subsequent Flood event at the same insured location where that event occurs within 60 consecutive days of an earlier Flood event at the same location, regardless of whether a claim was made for the earlier event. This exclusion applies in addition to, and does not narrow, the deductible and sub-limit provisions of clauses 2 and 3 above.\n\n4.4 Interaction with the Flood Defence Condition\nExclusion Code E-17 does not apply where the Insured can demonstrate that the flood barriers, non-return valves and sump pumps required by clause 4.1 were tested and in good working order in the 60 days immediately preceding the second or subsequent Flood event."
    },
    {
      "chunk_id": "5ccd70c8aadf500e::0001",
      "doc_id": "5ccd70c8aadf500e",
      "filename": "form_ho0304_archive.pdf",
      "page": 1,
      "page_end": 1,
      "section_path": "FORM HO-0304 - EDITION 01-24",
      "clause_label": "FORM HO-0304 - EDITION 01-24",
      "score": 0.0315,
      "text": "This policy does not cover loss or damage arising from a second or subsequent Flood event at the same insured location where that event occurs within 45 consecutive days of an earlier Flood event at the same location, save that this exclusion does not apply to a Flood event caused solely by a named windstorm. Superseded by edition 01-24 with effect from 1 January 2024.\n\nFORM HO-0304 - EDITION 01-24\nEXCLUSION CODE E-17 - SEQUENTIAL WATER INTRUSION EVENTS (EDITION 01-24)\n\nExclusion Code E-17 (Form HO-0304, edition 01-24). This policy does not cover loss or damage arising from a second or subsequent Flood event at the same insured location where that event occurs within 55 consecutive days of an earlier Flood event at the same location, save that this exclusion does not apply to a Flood event caused solely by a named windstorm. Superseded by edition 03-24 with effect from 1 February 2025."
    },
    {
      "chunk_id": "5ccd70c8aadf500e::0000",
      "doc_id": "5ccd70c8aadf500e",
      "filename": "form_ho0304_archive.pdf",
      "page": 1,
      "page_end": 1,
      "section_path": "FORM LIBRARY - ARCHIVED WORDING ON FILE",
      "clause_label": "FORM LIBRARY - ARCHIVED WORDING ON FILE",
      "score": 0.031,
      "text": "FORM LIBRARY - ARCHIVED WORDING ON FILE\nThis file retains prior editions of Form HO-0304 for audit and reference purposes against policy GML-2024-88213. The edition currently endorsed to the policy is 03-24 (see the waterdamage endorsement in the main endorsement pack for its reference number). Earlier editions below are retained for reference only and do not apply to a loss occurring after the date their text says they were superseded.\n\nFORM HO-0304 - EDITION 01-22\nEXCLUSION CODE E-17 - SEQUENTIAL WATER INTRUSION EVENTS (EDITION 01-22)\n\nExclusion Code E-17 (Form HO-0304, edition 01-22). This policy does not cover loss or damage arising from a second or subsequent Flood event at the same insured location where that event occurs within 30 consecutive days of an earlier Flood event at the same location. Superseded by edition 06-22 with effect from 1 June 2022.\n\nFORM HO-0304 - EDITION 06-22\nEXCLUSION CODE E-17 - SEQUENTIAL WATER INTRUSION EVENTS (EDITION 06-22)\n\nExclusion Code E-17 (Form HO-0304, edition 06-22). This policy does not cover loss or damage arising from a second or subsequent Flood event at the same insured location where that event occurs within 35 consecutive days of an earlier Flood event at the same location. Superseded by edition 09-23 with effect from 1 September 2023.\n\nFORM HO-0304 - EDITION 09-23\nEXCLUSION CODE E-17 - SEQUENTIAL WATER INTRUSION EVENTS (EDITION 09-23)\n\nExclusion Code E-17 (Form HO-0304, edition 09-23). This policy does not cover loss or damage arising from a second or subsequent Flood event at the same insured location where that event occurs within 45 consecutive days of an earlier Flood event at the same location, save that this exclusion does not apply to a Flood event caused solely by a named windstorm. Superseded by edition 01-24 with effect from 1 January 2024."
    }
  ],
  "model": "stub:reading-comprehension-v1",
  "params": {
    "effort": "medium",
    "max_tokens": 16000
  },
  "output": {
    "claim_number": "[CLAIM NUMBER REDACTED]",
    "date_of_loss": "26 August 2026",
    "coverage_decision": "denied",
    "cited_exclusion_id": "4.1",
    "excess_amount": 250000.0,
    "summary": "Notes describe circumstances matching an excluded scenario: (c) any property in the course of construction, erection or installation where the contract value exceeds GBP 1,000,000;",
    "citations": [
      "4fa131d2878b9fbf::0001"
    ]
  },
  "output_notes": []
}
---
{
  "trace_id": "trc_00087",
  "created_at": "2026-08-30T21:31:44.968826+00:00",
  "feature": "claim_summary",
  "prompt_version": "claim-summary-v1",
  "input_redacted": "Claim [CLAIM NUMBER REDACTED]. Insured [CLAIMANT NAME REDACTED] reports flood damage to the ground floor of the insured premises on 23 August 2026, following prolonged heavy rainfall. The site is within the mapped flood zone. Estimated repair cost GBP 889,521. No prior flood claim at this location in the last 12 months.",
  "redacted_fields": [
    "name:Mr. Farrow",
    "claim_number:CLM-2026-99919"
  ],
  "retrieval_mode": "hybrid_bm25_rrf",
  "retrieved": [
    {
      "chunk_id": "4fa131d2878b9fbf::0001",
      "doc_id": "4fa131d2878b9fbf",
      "filename": "sample_endorsement_pack.pdf",
      "page": 1,
      "page_end": 2,
      "section_path": "ENDORSEMENT NO. 1 - FLOOD SUB-LIMIT AMENDMENT > 3. DEDUCTIBLE",
      "clause_label": "3. DEDUCTIBLE",
      "score": 0.0328,
      "text": "3. DEDUCTIBLE\nA deductible of GBP 250,000 each and every loss applies to loss or damage caused by Flood at any location within a Flood Zone. At all other locations the standard property deductible of GBP 50,000 each and every loss continues to apply.\n\nSECTION 4 - CONDITIONS APPLYING TO THIS ENDORSEMENT\n\n4.1 Flood Defence Maintenance\nThe Insured shall maintain all demountable flood barriers, non-return valves and sump pumps at each insured location in good and effective working order, and shall test them at intervals of not more than six months. A written record of each test shall be kept for a period of three years and produced to the Insurer on request.\n\n4.2 Exclusions\nNotwithstanding anything to the contrary in the policy, this endorsement does not cover loss, damage, cost or expense arising directly or indirectly out of:\n\n(a) subsidence, ground heave or landslip, whether or not caused or contributed to by Flood; (b) loss of or damage to growing crops, standing timber, or livestock in the open; (c) any property in the course of construction, erection or installation where the contract value exceeds GBP 1,000,000; (d) loss or damage to stock stored below ground level unless raised at least 150 millimetres above the finished floor level; (e) any fine, penalty or punitive damages levied by a regulator following a Flood event.\n\n4.2.1 Erosion of the sub-limit\nEach payment made under this endorsement, including any payment for professional fees and debris removal, erodes the annual aggregate sub-limit stated in clause 2. Once the annual aggregate sub-limit is exhausted no further payment shall be made under this endorsement for the remainder of the Period of Insurance."
    },
    {
      "chunk_id": "4fa131d2878b9fbf::0000",
      "doc_id": "4fa131d2878b9fbf",
      "filename": "sample_endorsement_pack.pdf",
      "page": 1,
      "page_end": 1,
      "section_path": "GLOBAL MANUFACTURING LTD",
      "clause_label": "GLOBAL MANUFACTURING LTD",
      "score": 0.0323,
      "text": "GLOBAL MANUFACTURING LTD\n\nCOMMERCIAL PROPERTY AND LIABILITY ENDORSEMENT PACK\nPolicy Number GML-2024-88213. Period of Insurance: 1 April 2024 to 31 March 2025, both dates inclusive at the address of the Insured. This pack records every endorsement attached to the policy and supersedes any endorsement schedule issued previously.\n\nENDORSEMENT NO. 1 - FLOOD SUB-LIMIT AMENDMENT\nEffective from 1 June 2024. In consideration of the additional premium of GBP 42,750 the following amendments are made to the Property Damage section of the policy.\n\n1. DEFINITIONS\n\n1.1 Flood means the escape of water from the normal confines of any natural or artificial watercourse, lake, reservoir, canal or dam, or inundation from the sea, whether driven by storm or otherwise.\n\n1.2 Flood Zone means any location identified as Zone 2 or Zone 3 on the Environment Agency Flood Map for Planning current at the inception of this endorsement.\n\n2. AMENDMENT TO LIMIT\nThe sub-limit applicable to loss or damage caused by Flood is amended from GBP 2,500,000 to GBP 5,000,000 in the annual aggregate. The revised sub-limit applies to all insured locations combined and is part of, and not in addition to, the policy limit of GBP 40,000,000 any one occurrence.\n\n3. DEDUCTIBLE\nA deductible of GBP 250,000 each and every loss applies to loss or damage caused by Flood at any location within a Flood Zone. At all other locations the standard property deductible of GBP 50,000 each and every loss continues to apply.\n\nSECTION 4 - CONDITIONS APPLYING TO THIS ENDORSEMENT"
    },
    {
      "chunk_id": "4fa131d2878b9fbf::0006",
      "doc_id": "4fa131d2878b9fbf",
      "filename": "sample_endorsement_pack.pdf",
      "page": 3,
      "page_end": 4,
      "section_path": "ENDORSEMENT NO. 3 - BUSINESS INTERRUPTION AMENDMENTS > GENERAL CONDITIONS",
      "clause_label": "GENERAL CONDITIONS",
      "score": 0.0312,
      "text": "GENERAL CONDITIONS\n\n1. Cancellation. Either party may cancel this policy by giving 60 days written notice to the other at its last known address. Where the Insurer cancels, a pro rata return of premium shall be made provided no claim has been notified during the Period of Insurance.\n\n2. Governing law. This policy shall be governed by and construed in accordance with the law of England and Wales, and the parties submit to the exclusive jurisdiction of the courts of England and Wales.\n\n3. Premium payment. The premium is due within 45 days of inception. Failure to pay within that period entitles the Insurer to cancel in accordance with General Condition 1 above.\n\nENDORSEMENT NO. 4 - SEQUENTIAL WATER INTRUSION EXCLUSION\nEffective from 1 February 2025. This endorsement is issued under reference END-2024-0417 and adopts the exclusion wording of Form HO-0304 edition 03-24, reproduced at clause 4.3 below, which supersedes and replaces any earlier edition of Form HO-0304 referenced in the Insured's document file.\n\n4.3 Exclusion Code E-17 - Sequential Water Intrusion Events\nExclusion Code E-17 (Form HO-0304, edition 03-24). This policy does not cover loss or damage arising from a second or subsequent Flood event at the same insured location where that event occurs within 60 consecutive days of an earlier Flood event at the same location, regardless of whether a claim was made for the earlier event. This exclusion applies in addition to, and does not narrow, the deductible and sub-limit provisions of clauses 2 and 3 above.\n\n4.4 Interaction with the Flood Defence Condition\nExclusion Code E-17 does not apply where the Insured can demonstrate that the flood barriers, non-return valves and sump pumps required by clause 4.1 were tested and in good working order in the 60 days immediately preceding the second or subsequent Flood event."
    },
    {
      "chunk_id": "5ccd70c8aadf500e::0001",
      "doc_id": "5ccd70c8aadf500e",
      "filename": "form_ho0304_archive.pdf",
      "page": 1,
      "page_end": 1,
      "section_path": "FORM HO-0304 - EDITION 01-24",
      "clause_label": "FORM HO-0304 - EDITION 01-24",
      "score": 0.031,
      "text": "This policy does not cover loss or damage arising from a second or subsequent Flood event at the same insured location where that event occurs within 45 consecutive days of an earlier Flood event at the same location, save that this exclusion does not apply to a Flood event caused solely by a named windstorm. Superseded by edition 01-24 with effect from 1 January 2024.\n\nFORM HO-0304 - EDITION 01-24\nEXCLUSION CODE E-17 - SEQUENTIAL WATER INTRUSION EVENTS (EDITION 01-24)\n\nExclusion Code E-17 (Form HO-0304, edition 01-24). This policy does not cover loss or damage arising from a second or subsequent Flood event at the same insured location where that event occurs within 55 consecutive days of an earlier Flood event at the same location, save that this exclusion does not apply to a Flood event caused solely by a named windstorm. Superseded by edition 03-24 with effect from 1 February 2025."
    },
    {
      "chunk_id": "4fa131d2878b9fbf::0005",
      "doc_id": "4fa131d2878b9fbf",
      "filename": "sample_endorsement_pack.pdf",
      "page": 3,
      "page_end": 3,
      "section_path": "ENDORSEMENT NO. 2 - CYBER AND DATA EXCLUSION > SECTION 2 - EXCLUSION WORDING > 2.",
      "clause_label": "2.",
      "score": 0.0308,
      "text": "(h) the deliberate act of any employee, contractor or agent of the Insured taken with intent to cause a Cyber Incident, whether or not that person was acting within the scope of their employment or engagement, and whether or not the Insured had performed pre-engagement screening on that person.\n\nSECTION 3 - WRITE-BACK FOR PHYSICAL DAMAGE\n\n3. Subject to all other terms of the policy, this exclusion shall not apply to physical loss of or physical damage to insured property arising from fire or explosion which itself results from a Cyber Incident, provided that the fire or explosion is not the result of a Cyber Act committed with intent to cause physical damage.\n\nENDORSEMENT NO. 3 - BUSINESS INTERRUPTION AMENDMENTS\nEffective from 1 October 2024. The Business Interruption section is amended as set out below. All other terms, conditions and exclusions remain unaltered.\n\n1. WAITING PERIOD\nA waiting period of 72 consecutive hours applies to each and every claim under the Business Interruption section. No indemnity is payable in respect of any interruption that is remedied within the waiting period.\n\n2. INDEMNITY PERIOD\nThe maximum indemnity period is extended from 12 months to 18 months from the date on which the interruption begins.\n\n3. NOTIFICATION OF CLAIM\n3. The Insured shall give written notice to the Insurer of any event likely to give rise to a claim under this section within 30 days of that event becoming known to a director or to the risk manager of the Insured. Notice given to the broker alone does not constitute notice to the Insurer.\n\nGENERAL CONDITIONS\n\n1. Cancellation. Either party may cancel this policy by giving 60 days written notice to the other at its last known address. Where the Insurer cancels, a pro rata return of premium shall be made provided no claim has been notified during the Period of Insurance."
    }
  ],
  "model": "stub:reading-comprehension-v1",
  "params": {
    "effort": "medium",
    "max_tokens": 16000
  },
  "output": {
    "claim_number": "[CLAIM NUMBER REDACTED]",
    "date_of_loss": "23 August 2026",
    "coverage_decision": "covered",
    "cited_exclusion_id": null,
    "excess_amount": 250000.0,
    "summary": "Notes match an insured peril: DEDUCTIBLE\nA deductible of GBP 250,000 each and every loss applies to loss or damage caused by Flood at any location within a Flood Zone.",
    "citations": [
      "4fa131d2878b9fbf::0001"
    ]
  },
  "output_notes": []
}
---
{
  "trace_id": "trc_00088",
  "created_at": "2026-08-30T21:31:44.980158+00:00",
  "feature": "claim_summary",
  "prompt_version": "claim-summary-v1",
  "input_redacted": "Claim [CLAIM NUMBER REDACTED]. Third flood-related payment this policy year at the insured's site, loss date 06 June 2026. Cumulative flood payments to date including this claim: GBP 3,324,261. Insured asks whether the annual aggregate flood sub-limit has been exhausted.",
  "redacted_fields": [
    "claim_number:CLM-2026-39288"
  ],
  "retrieval_mode": "hybrid_bm25_rrf",
  "retrieved": [
    {
      "chunk_id": "4fa131d2878b9fbf::0001",
      "doc_id": "4fa131d2878b9fbf",
      "filename": "sample_endorsement_pack.pdf",
      "page": 1,
      "page_end": 2,
      "section_path": "ENDORSEMENT NO. 1 - FLOOD SUB-LIMIT AMENDMENT > 3. DEDUCTIBLE",
      "clause_label": "3. DEDUCTIBLE",
      "score": 0.0325,
      "text": "3. DEDUCTIBLE\nA deductible of GBP 250,000 each and every loss applies to loss or damage caused by Flood at any location within a Flood Zone. At all other locations the standard property deductible of GBP 50,000 each and every loss continues to apply.\n\nSECTION 4 - CONDITIONS APPLYING TO THIS ENDORSEMENT\n\n4.1 Flood Defence Maintenance\nThe Insured shall maintain all demountable flood barriers, non-return valves and sump pumps at each insured location in good and effective working order, and shall test them at intervals of not more than six months. A written record of each test shall be kept for a period of three years and produced to the Insurer on request.\n\n4.2 Exclusions\nNotwithstanding anything to the contrary in the policy, this endorsement does not cover loss, damage, cost or expense arising directly or indirectly out of:\n\n(a) subsidence, ground heave or landslip, whether or not caused or contributed to by Flood; (b) loss of or damage to growing crops, standing timber, or livestock in the open; (c) any property in the course of construction, erection or installation where the contract value exceeds GBP 1,000,000; (d) loss or damage to stock stored below ground level unless raised at least 150 millimetres above the finished floor level; (e) any fine, penalty or punitive damages levied by a regulator following a Flood event.\n\n4.2.1 Erosion of the sub-limit\nEach payment made under this endorsement, including any payment for professional fees and debris removal, erodes the annual aggregate sub-limit stated in clause 2. Once the annual aggregate sub-limit is exhausted no further payment shall be made under this endorsement for the remainder of the Period of Insurance."
    },
    {
      "chunk_id": "4fa131d2878b9fbf::0000",
      "doc_id": "4fa131d2878b9fbf",
      "filename": "sample_endorsement_pack.pdf",
      "page": 1,
      "page_end": 1,
      "section_path": "GLOBAL MANUFACTURING LTD",
      "clause_label": "GLOBAL MANUFACTURING LTD",
      "score": 0.0323,
      "text": "GLOBAL MANUFACTURING LTD\n\nCOMMERCIAL PROPERTY AND LIABILITY ENDORSEMENT PACK\nPolicy Number GML-2024-88213. Period of Insurance: 1 April 2024 to 31 March 2025, both dates inclusive at the address of the Insured. This pack records every endorsement attached to the policy and supersedes any endorsement schedule issued previously.\n\nENDORSEMENT NO. 1 - FLOOD SUB-LIMIT AMENDMENT\nEffective from 1 June 2024. In consideration of the additional premium of GBP 42,750 the following amendments are made to the Property Damage section of the policy.\n\n1. DEFINITIONS\n\n1.1 Flood means the escape of water from the normal confines of any natural or artificial watercourse, lake, reservoir, canal or dam, or inundation from the sea, whether driven by storm or otherwise.\n\n1.2 Flood Zone means any location identified as Zone 2 or Zone 3 on the Environment Agency Flood Map for Planning current at the inception of this endorsement.\n\n2. AMENDMENT TO LIMIT\nThe sub-limit applicable to loss or damage caused by Flood is amended from GBP 2,500,000 to GBP 5,000,000 in the annual aggregate. The revised sub-limit applies to all insured locations combined and is part of, and not in addition to, the policy limit of GBP 40,000,000 any one occurrence.\n\n3. DEDUCTIBLE\nA deductible of GBP 250,000 each and every loss applies to loss or damage caused by Flood at any location within a Flood Zone. At all other locations the standard property deductible of GBP 50,000 each and every loss continues to apply.\n\nSECTION 4 - CONDITIONS APPLYING TO THIS ENDORSEMENT"
    },
    {
      "chunk_id": "4fa131d2878b9fbf::0002",
      "doc_id": "4fa131d2878b9fbf",
      "filename": "sample_endorsement_pack.pdf",
      "page": 1,
      "page_end": 2,
      "section_path": "ENDORSEMENT NO. 1 - FLOOD SUB-LIMIT AMENDMENT > SECTION 4 - CONDITIONS APPLYING TO THIS ENDORSEMENT > 4.2 Exclusions > 4.2.1 Erosion of the sub-limit",
      "clause_label": "4.2.1 Erosion of the sub-limit",
      "score": 0.0313,
      "text": "4.2.1 Erosion of the sub-limit\nEach payment made under this endorsement, including any payment for professional fees and debris removal, erodes the annual aggregate sub-limit stated in clause 2. Once the annual aggregate sub-limit is exhausted no further payment shall be made under this endorsement for the remainder of the Period of Insurance.\n\nENDORSEMENT NO. 2 - CYBER AND DATA EXCLUSION\nEffective from inception. This endorsement applies to every section of the policy and replaces any cyber exclusion previously attached.\n\nSECTION 1 - SCOPE OF THE EXCLUSION\n\n1. This exclusion applies to all coverage afforded by the policy, including any extension, endorsement or memorandum, and applies irrespective of any other cause or event contributing concurrently or in any other sequence to the loss.\n\nSECTION 2 - EXCLUSION WORDING\n\n2. Notwithstanding any provision to the contrary within this policy or any endorsement thereto, this policy excludes any loss, damage, liability, claim, cost or expense of whatsoever nature directly or indirectly caused by, contributed to by, resulting from, arising out of or in connection with any of the following, regardless of any other cause or event contributing concurrently or in any other sequence thereto:\n(a) any Cyber Act or Cyber Incident, including but not limited to any action taken in controlling, preventing, suppressing or remediating any Cyber Act or Cyber Incident, and including the cost of any forensic investigation commissioned by the Insured or by any regulator, and including any sum paid or payable to a third party by way of settlement, judgment, award or contractual indemnity in respect of such an act or incident, whether or not the Insured admitted liability;"
    },
    {
      "chunk_id": "5ccd70c8aadf500e::0000",
      "doc_id": "5ccd70c8aadf500e",
      "filename": "form_ho0304_archive.pdf",
      "page": 1,
      "page_end": 1,
      "section_path": "FORM LIBRARY - ARCHIVED WORDING ON FILE",
      "clause_label": "FORM LIBRARY - ARCHIVED WORDING ON FILE",
      "score": 0.031,
      "text": "FORM LIBRARY - ARCHIVED WORDING ON FILE\nThis file retains prior editions of Form HO-0304 for audit and reference purposes against policy GML-2024-88213. The edition currently endorsed to the policy is 03-24 (see the waterdamage endorsement in the main endorsement pack for its reference number). Earlier editions below are retained for reference only and do not apply to a loss occurring after the date their text says they were superseded.\n\nFORM HO-0304 - EDITION 01-22\nEXCLUSION CODE E-17 - SEQUENTIAL WATER INTRUSION EVENTS (EDITION 01-22)\n\nExclusion Code E-17 (Form HO-0304, edition 01-22). This policy does not cover loss or damage arising from a second or subsequent Flood event at the same insured location where that event occurs within 30 consecutive days of an earlier Flood event at the same location. Superseded by edition 06-22 with effect from 1 June 2022.\n\nFORM HO-0304 - EDITION 06-22\nEXCLUSION CODE E-17 - SEQUENTIAL WATER INTRUSION EVENTS (EDITION 06-22)\n\nExclusion Code E-17 (Form HO-0304, edition 06-22). This policy does not cover loss or damage arising from a second or subsequent Flood event at the same insured location where that event occurs within 35 consecutive days of an earlier Flood event at the same location. Superseded by edition 09-23 with effect from 1 September 2023.\n\nFORM HO-0304 - EDITION 09-23\nEXCLUSION CODE E-17 - SEQUENTIAL WATER INTRUSION EVENTS (EDITION 09-23)\n\nExclusion Code E-17 (Form HO-0304, edition 09-23). This policy does not cover loss or damage arising from a second or subsequent Flood event at the same insured location where that event occurs within 45 consecutive days of an earlier Flood event at the same location, save that this exclusion does not apply to a Flood event caused solely by a named windstorm. Superseded by edition 01-24 with effect from 1 January 2024."
    },
    {
      "chunk_id": "4fa131d2878b9fbf::0006",
      "doc_id": "4fa131d2878b9fbf",
      "filename": "sample_endorsement_pack.pdf",
      "page": 3,
      "page_end": 4,
      "section_path": "ENDORSEMENT NO. 3 - BUSINESS INTERRUPTION AMENDMENTS > GENERAL CONDITIONS",
      "clause_label": "GENERAL CONDITIONS",
      "score": 0.031,
      "text": "GENERAL CONDITIONS\n\n1. Cancellation. Either party may cancel this policy by giving 60 days written notice to the other at its last known address. Where the Insurer cancels, a pro rata return of premium shall be made provided no claim has been notified during the Period of Insurance.\n\n2. Governing law. This policy shall be governed by and construed in accordance with the law of England and Wales, and the parties submit to the exclusive jurisdiction of the courts of England and Wales.\n\n3. Premium payment. The premium is due within 45 days of inception. Failure to pay within that period entitles the Insurer to cancel in accordance with General Condition 1 above.\n\nENDORSEMENT NO. 4 - SEQUENTIAL WATER INTRUSION EXCLUSION\nEffective from 1 February 2025. This endorsement is issued under reference END-2024-0417 and adopts the exclusion wording of Form HO-0304 edition 03-24, reproduced at clause 4.3 below, which supersedes and replaces any earlier edition of Form HO-0304 referenced in the Insured's document file.\n\n4.3 Exclusion Code E-17 - Sequential Water Intrusion Events\nExclusion Code E-17 (Form HO-0304, edition 03-24). This policy does not cover loss or damage arising from a second or subsequent Flood event at the same insured location where that event occurs within 60 consecutive days of an earlier Flood event at the same location, regardless of whether a claim was made for the earlier event. This exclusion applies in addition to, and does not narrow, the deductible and sub-limit provisions of clauses 2 and 3 above.\n\n4.4 Interaction with the Flood Defence Condition\nExclusion Code E-17 does not apply where the Insured can demonstrate that the flood barriers, non-return valves and sump pumps required by clause 4.1 were tested and in good working order in the 60 days immediately preceding the second or subsequent Flood event."
    }
  ],
  "model": "stub:reading-comprehension-v1",
  "params": {
    "effort": "medium",
    "max_tokens": 16000
  },
  "output": {
    "claim_number": "[CLAIM NUMBER REDACTED]",
    "date_of_loss": "06 June 2026",
    "coverage_decision": "denied",
    "cited_exclusion_id": "4.2",
    "excess_amount": null,
    "summary": "Notes describe circumstances matching an excluded scenario: Notwithstanding any provision to the contrary within this policy or any endorsement thereto, this policy excludes any loss, damage, liability, claim, cost or expense of whatsoever nature directly or indirectly caused by, contributed to by, resulting from, arising out of or in connection with any of the following, regardless of any other cause or event contributing concurrently or in any other sequence thereto:\n(a) any Cyber Act or Cyber Incident, including but not limited to any action taken in controlling, preventing, suppressing or remediating any Cyber Act or Cyber Incident, and including the cost of any forensic investigation commissioned by the Insured or by any regulator, and including any sum paid or payable to a third party by way of settlement, judgment, award or contractual indemnity in respect of such an act or incident, whether or not the Insured admitted liability;",
    "citations": [
      "4fa131d2878b9fbf::0002"
    ]
  },
  "output_notes": []
}
---
{
  "trace_id": "trc_00089",
  "created_at": "2026-08-30T21:31:44.994159+00:00",
  "feature": "claim_summary",
  "prompt_version": "claim-summary-v1",
  "input_redacted": "Claim [CLAIM NUMBER REDACTED]. Insured reports ground movement and cracking to the warehouse wall following the flood event of 24 May 2026; structural engineer's report attributes the cracking to subsidence triggered by the flood saturating the foundations. Claimed amount GBP 583,936.",
  "redacted_fields": [
    "claim_number:CLM-2026-03519"
  ],
  "retrieval_mode": "hybrid_bm25_rrf",
  "retrieved": [
    {
      "chunk_id": "4fa131d2878b9fbf::0001",
      "doc_id": "4fa131d2878b9fbf",
      "filename": "sample_endorsement_pack.pdf",
      "page": 1,
      "page_end": 2,
      "section_path": "ENDORSEMENT NO. 1 - FLOOD SUB-LIMIT AMENDMENT > 3. DEDUCTIBLE",
      "clause_label": "3. DEDUCTIBLE",
      "score": 0.0325,
      "text": "3. DEDUCTIBLE\nA deductible of GBP 250,000 each and every loss applies to loss or damage caused by Flood at any location within a Flood Zone. At all other locations the standard property deductible of GBP 50,000 each and every loss continues to apply.\n\nSECTION 4 - CONDITIONS APPLYING TO THIS ENDORSEMENT\n\n4.1 Flood Defence Maintenance\nThe Insured shall maintain all demountable flood barriers, non-return valves and sump pumps at each insured location in good and effective working order, and shall test them at intervals of not more than six months. A written record of each test shall be kept for a period of three years and produced to the Insurer on request.\n\n4.2 Exclusions\nNotwithstanding anything to the contrary in the policy, this endorsement does not cover loss, damage, cost or expense arising directly or indirectly out of:\n\n(a) subsidence, ground heave or landslip, whether or not caused or contributed to by Flood; (b) loss of or damage to growing crops, standing timber, or livestock in the open; (c) any property in the course of construction, erection or installation where the contract value exceeds GBP 1,000,000; (d) loss or damage to stock stored below ground level unless raised at least 150 millimetres above the finished floor level; (e) any fine, penalty or punitive damages levied by a regulator following a Flood event.\n\n4.2.1 Erosion of the sub-limit\nEach payment made under this endorsement, including any payment for professional fees and debris removal, erodes the annual aggregate sub-limit stated in clause 2. Once the annual aggregate sub-limit is exhausted no further payment shall be made under this endorsement for the remainder of the Period of Insurance."
    },
    {
      "chunk_id": "4fa131d2878b9fbf::0000",
      "doc_id": "4fa131d2878b9fbf",
      "filename": "sample_endorsement_pack.pdf",
      "page": 1,
      "page_end": 1,
      "section_path": "GLOBAL MANUFACTURING LTD",
      "clause_label": "GLOBAL MANUFACTURING LTD",
      "score": 0.0323,
      "text": "GLOBAL MANUFACTURING LTD\n\nCOMMERCIAL PROPERTY AND LIABILITY ENDORSEMENT PACK\nPolicy Number GML-2024-88213. Period of Insurance: 1 April 2024 to 31 March 2025, both dates inclusive at the address of the Insured. This pack records every endorsement attached to the policy and supersedes any endorsement schedule issued previously.\n\nENDORSEMENT NO. 1 - FLOOD SUB-LIMIT AMENDMENT\nEffective from 1 June 2024. In consideration of the additional premium of GBP 42,750 the following amendments are made to the Property Damage section of the policy.\n\n1. DEFINITIONS\n\n1.1 Flood means the escape of water from the normal confines of any natural or artificial watercourse, lake, reservoir, canal or dam, or inundation from the sea, whether driven by storm or otherwise.\n\n1.2 Flood Zone means any location identified as Zone 2 or Zone 3 on the Environment Agency Flood Map for Planning current at the inception of this endorsement.\n\n2. AMENDMENT TO LIMIT\nThe sub-limit applicable to loss or damage caused by Flood is amended from GBP 2,500,000 to GBP 5,000,000 in the annual aggregate. The revised sub-limit applies to all insured locations combined and is part of, and not in addition to, the policy limit of GBP 40,000,000 any one occurrence.\n\n3. DEDUCTIBLE\nA deductible of GBP 250,000 each and every loss applies to loss or damage caused by Flood at any location within a Flood Zone. At all other locations the standard property deductible of GBP 50,000 each and every loss continues to apply.\n\nSECTION 4 - CONDITIONS APPLYING TO THIS ENDORSEMENT"
    },
    {
      "chunk_id": "4fa131d2878b9fbf::0006",
      "doc_id": "4fa131d2878b9fbf",
      "filename": "sample_endorsement_pack.pdf",
      "page": 3,
      "page_end": 4,
      "section_path": "ENDORSEMENT NO. 3 - BUSINESS INTERRUPTION AMENDMENTS > GENERAL CONDITIONS",
      "clause_label": "GENERAL CONDITIONS",
      "score": 0.0315,
      "text": "GENERAL CONDITIONS\n\n1. Cancellation. Either party may cancel this policy by giving 60 days written notice to the other at its last known address. Where the Insurer cancels, a pro rata return of premium shall be made provided no claim has been notified during the Period of Insurance.\n\n2. Governing law. This policy shall be governed by and construed in accordance with the law of England and Wales, and the parties submit to the exclusive jurisdiction of the courts of England and Wales.\n\n3. Premium payment. The premium is due within 45 days of inception. Failure to pay within that period entitles the Insurer to cancel in accordance with General Condition 1 above.\n\nENDORSEMENT NO. 4 - SEQUENTIAL WATER INTRUSION EXCLUSION\nEffective from 1 February 2025. This endorsement is issued under reference END-2024-0417 and adopts the exclusion wording of Form HO-0304 edition 03-24, reproduced at clause 4.3 below, which supersedes and replaces any earlier edition of Form HO-0304 referenced in the Insured's document file.\n\n4.3 Exclusion Code E-17 - Sequential Water Intrusion Events\nExclusion Code E-17 (Form HO-0304, edition 03-24). This policy does not cover loss or damage arising from a second or subsequent Flood event at the same insured location where that event occurs within 60 consecutive days of an earlier Flood event at the same location, regardless of whether a claim was made for the earlier event. This exclusion applies in addition to, and does not narrow, the deductible and sub-limit provisions of clauses 2 and 3 above.\n\n4.4 Interaction with the Flood Defence Condition\nExclusion Code E-17 does not apply where the Insured can demonstrate that the flood barriers, non-return valves and sump pumps required by clause 4.1 were tested and in good working order in the 60 days immediately preceding the second or subsequent Flood event."
    },
    {
      "chunk_id": "5ccd70c8aadf500e::0001",
      "doc_id": "5ccd70c8aadf500e",
      "filename": "form_ho0304_archive.pdf",
      "page": 1,
      "page_end": 1,
      "section_path": "FORM HO-0304 - EDITION 01-24",
      "clause_label": "FORM HO-0304 - EDITION 01-24",
      "score": 0.0313,
      "text": "This policy does not cover loss or damage arising from a second or subsequent Flood event at the same insured location where that event occurs within 45 consecutive days of an earlier Flood event at the same location, save that this exclusion does not apply to a Flood event caused solely by a named windstorm. Superseded by edition 01-24 with effect from 1 January 2024.\n\nFORM HO-0304 - EDITION 01-24\nEXCLUSION CODE E-17 - SEQUENTIAL WATER INTRUSION EVENTS (EDITION 01-24)\n\nExclusion Code E-17 (Form HO-0304, edition 01-24). This policy does not cover loss or damage arising from a second or subsequent Flood event at the same insured location where that event occurs within 55 consecutive days of an earlier Flood event at the same location, save that this exclusion does not apply to a Flood event caused solely by a named windstorm. Superseded by edition 03-24 with effect from 1 February 2025."
    },
    {
      "chunk_id": "5ccd70c8aadf500e::0000",
      "doc_id": "5ccd70c8aadf500e",
      "filename": "form_ho0304_archive.pdf",
      "page": 1,
      "page_end": 1,
      "section_path": "FORM LIBRARY - ARCHIVED WORDING ON FILE",
      "clause_label": "FORM LIBRARY - ARCHIVED WORDING ON FILE",
      "score": 0.0306,
      "text": "FORM LIBRARY - ARCHIVED WORDING ON FILE\nThis file retains prior editions of Form HO-0304 for audit and reference purposes against policy GML-2024-88213. The edition currently endorsed to the policy is 03-24 (see the waterdamage endorsement in the main endorsement pack for its reference number). Earlier editions below are retained for reference only and do not apply to a loss occurring after the date their text says they were superseded.\n\nFORM HO-0304 - EDITION 01-22\nEXCLUSION CODE E-17 - SEQUENTIAL WATER INTRUSION EVENTS (EDITION 01-22)\n\nExclusion Code E-17 (Form HO-0304, edition 01-22). This policy does not cover loss or damage arising from a second or subsequent Flood event at the same insured location where that event occurs within 30 consecutive days of an earlier Flood event at the same location. Superseded by edition 06-22 with effect from 1 June 2022.\n\nFORM HO-0304 - EDITION 06-22\nEXCLUSION CODE E-17 - SEQUENTIAL WATER INTRUSION EVENTS (EDITION 06-22)\n\nExclusion Code E-17 (Form HO-0304, edition 06-22). This policy does not cover loss or damage arising from a second or subsequent Flood event at the same insured location where that event occurs within 35 consecutive days of an earlier Flood event at the same location. Superseded by edition 09-23 with effect from 1 September 2023.\n\nFORM HO-0304 - EDITION 09-23\nEXCLUSION CODE E-17 - SEQUENTIAL WATER INTRUSION EVENTS (EDITION 09-23)\n\nExclusion Code E-17 (Form HO-0304, edition 09-23). This policy does not cover loss or damage arising from a second or subsequent Flood event at the same insured location where that event occurs within 45 consecutive days of an earlier Flood event at the same location, save that this exclusion does not apply to a Flood event caused solely by a named windstorm. Superseded by edition 01-24 with effect from 1 January 2024."
    }
  ],
  "model": "stub:reading-comprehension-v1",
  "params": {
    "effort": "medium",
    "max_tokens": 16000
  },
  "output": {
    "claim_number": "[CLAIM NUMBER REDACTED]",
    "date_of_loss": "24 May 2026",
    "coverage_decision": "denied",
    "cited_exclusion_id": "4.1",
    "excess_amount": 250000.0,
    "summary": "Notes describe circumstances matching an excluded scenario: 4.2 Exclusions\nNotwithstanding anything to the contrary in the policy, this endorsement does not cover loss, damage, cost or expense arising directly or indirectly out of:\n\n(a) subsidence, ground heave or landslip, whether or not caused or contributed to by Flood;",
    "citations": [
      "4fa131d2878b9fbf::0001"
    ]
  },
  "output_notes": []
}
---
